{
"type": "FeatureCollection",
"name": "cooling_access_cells",
"crs": { "type": "name", "properties": { "name": "urn:ogc:def:crs:OGC:1.3:CRS84" } },
"features": [
{ "type": "Feature", "properties": { "cell_id": 0, "cheeger_side": "left", "cheeger_boundary": false, "cheeger_fiedler": -0.050088084967181395, "cheeger_rank": 97, "cheeger_priority": 0.0, "cheeger_priority_class": "not_boundary", "cooling_sink": false, "cooling_access_score": 0.0, "cooling_sink_resistance_proxy": 100.0, "cooling_access_class": "very_low", "low_cooling_access": true, "street_intervention_signal": 100.0 }, "geometry": { "type": "Polygon", "coordinates": [ [ [ -71.179017191901465, 42.2279 ], [ -71.179017191901465, 42.236909009009004 ], [ -71.1912, 42.236909009009004 ], [ -71.1912, 42.2279 ], [ -71.179017191901465, 42.2279 ] ] ] } },
{ "type": "Feature", "properties": { "cell_id": 1, "cheeger_side": "left", "cheeger_boundary": false, "cheeger_fiedler": -0.063493797066183327, "cheeger_rank": 61, "cheeger_priority": 0.0, "cheeger_priority_class": "not_boundary", "cooling_sink": false, "cooling_access_score": 19.999999999999996, "cooling_sink_resistance_proxy": 80.0, "cooling_access_class": "very_low", "low_cooling_access": true, "street_intervention_signal": 80.0 }, "geometry": { "type": "Polygon", "coordinates": [ [ [ -71.179017191901465, 42.236909009009004 ], [ -71.179017191901465, 42.24591801801801 ], [ -71.1912, 42.24591801801801 ], [ -71.1912, 42.236909009009004 ], [ -71.179017191901465, 42.236909009009004 ] ] ] } },
{ "type": "Feature", "properties": { "cell_id": 2, "cheeger_side": "left", "cheeger_boundary": false, "cheeger_fiedler": -0.060430717514861357, "cheeger_rank": 78, "cheeger_priority": 0.0, "cheeger_priority_class": "not_boundary", "cooling_sink": false, "cooling_access_score": 40.0, "cooling_sink_resistance_proxy": 60.0, "cooling_access_class": "moderate", "low_cooling_access": false, "street_intervention_signal": 60.0 }, "geometry": { "type": "Polygon", "coordinates": [ [ [ -71.179017191901465, 42.24591801801801 ], [ -71.179017191901465, 42.254927027027016 ], [ -71.1912, 42.254927027027016 ], [ -71.1912, 42.24591801801801 ], [ -71.179017191901465, 42.24591801801801 ] ] ] } },
{ "type": "Feature", "properties": { "cell_id": 3, "cheeger_side": "left", "cheeger_boundary": false, "cheeger_fiedler": -0.055577132078130802, "cheeger_rank": 80, "cheeger_priority": 0.0, "cheeger_priority_class": "not_boundary", "cooling_sink": false, "cooling_access_score": 60.0, "cooling_sink_resistance_proxy": 40.0, "cooling_access_class": "moderate", "low_cooling_access": false, "street_intervention_signal": 40.0 }, "geometry": { "type": "Polygon", "coordinates": [ [ [ -71.179017191901465, 42.254927027027016 ], [ -71.179017191901465, 42.263936036036021 ], [ -71.1912, 42.263936036036021 ], [ -71.1912, 42.254927027027016 ], [ -71.179017191901465, 42.254927027027016 ] ] ] } },
{ "type": "Feature", "properties": { "cell_id": 4, "cheeger_side": "left", "cheeger_boundary": false, "cheeger_fiedler": -0.049078374044098802, "cheeger_rank": 99, "cheeger_priority": 0.0, "cheeger_priority_class": "not_boundary", "cooling_sink": false, "cooling_access_score": 80.0, "cooling_sink_resistance_proxy": 20.0, "cooling_access_class": "good", "low_cooling_access": false, "street_intervention_signal": 20.0 }, "geometry": { "type": "Polygon", "coordinates": [ [ [ -71.179017191901465, 42.263936036036021 ], [ -71.179017191901465, 42.272945045045027 ], [ -71.1912, 42.272945045045027 ], [ -71.1912, 42.263936036036021 ], [ -71.179017191901465, 42.263936036036021 ] ] ] } },
{ "type": "Feature", "properties": { "cell_id": 5, "cheeger_side": "left", "cheeger_boundary": false, "cheeger_fiedler": -0.041127396367524646, "cheeger_rank": 101, "cheeger_priority": 0.0, "cheeger_priority_class": "not_boundary", "cooling_sink": true, "cooling_access_score": 100.0, "cooling_sink_resistance_proxy": 0.0, "cooling_access_class": "good", "low_cooling_access": false, "street_intervention_signal": 0.0 }, "geometry": { "type": "Polygon", "coordinates": [ [ [ -71.179017191901465, 42.272945045045027 ], [ -71.179017191901465, 42.281954054054033 ], [ -71.1912, 42.281954054054033 ], [ -71.1912, 42.272945045045027 ], [ -71.179017191901465, 42.272945045045027 ] ] ] } },
{ "type": "Feature", "properties": { "cell_id": 6, "cheeger_side": "left", "cheeger_boundary": false, "cheeger_fiedler": -0.031959695541301271, "cheeger_rank": 118, "cheeger_priority": 0.0, "cheeger_priority_class": "not_boundary", "cooling_sink": false, "cooling_access_score": 80.0, "cooling_sink_resistance_proxy": 20.0, "cooling_access_class": "good", "low_cooling_access": false, "street_intervention_signal": 20.0 }, "geometry": { "type": "Polygon", "coordinates": [ [ [ -71.179017191901465, 42.281954054054033 ], [ -71.179017191901465, 42.290963063063039 ], [ -71.1912, 42.290963063063039 ], [ -71.1912, 42.281954054054033 ], [ -71.179017191901465, 42.281954054054033 ] ] ] } },
{ "type": "Feature", "properties": { "cell_id": 7, "cheeger_side": "left", "cheeger_boundary": false, "cheeger_fiedler": -0.021846587464668797, "cheeger_rank": 135, "cheeger_priority": 0.0, "cheeger_priority_class": "not_boundary", "cooling_sink": false, "cooling_access_score": 60.0, "cooling_sink_resistance_proxy": 40.0, "cooling_access_class": "moderate", "low_cooling_access": false, "street_intervention_signal": 40.0 }, "geometry": { "type": "Polygon", "coordinates": [ [ [ -71.179017191901465, 42.290963063063039 ], [ -71.179017191901465, 42.299972072072045 ], [ -71.1912, 42.299972072072045 ], [ -71.1912, 42.290963063063039 ], [ -71.179017191901465, 42.290963063063039 ] ] ] } },
{ "type": "Feature", "properties": { "cell_id": 8, "cheeger_side": "left", "cheeger_boundary": true, "cheeger_fiedler": -0.0110872671242952, "cheeger_rank": 152, "cheeger_priority": 44.673538833527793, "cheeger_priority_class": "moderate", "cooling_sink": false, "cooling_access_score": 40.0, "cooling_sink_resistance_proxy": 60.0, "cooling_access_class": "moderate", "low_cooling_access": false, "street_intervention_signal": 60.0 }, "geometry": { "type": "Polygon", "coordinates": [ [ [ -71.179017191901465, 42.299972072072045 ], [ -71.179017191901465, 42.30898108108105 ], [ -71.1912, 42.30898108108105 ], [ -71.1912, 42.299972072072045 ], [ -71.179017191901465, 42.299972072072045 ] ] ] } },
{ "type": "Feature", "properties": { "cell_id": 9, "cheeger_side": "right", "cheeger_boundary": true, "cheeger_fiedler": 2.5938670174986576e-15, "cheeger_rank": 166, "cheeger_priority": 35.418169250226526, "cheeger_priority_class": "moderate", "cooling_sink": false, "cooling_access_score": 60.0, "cooling_sink_resistance_proxy": 40.0, "cooling_access_class": "moderate", "low_cooling_access": false, "street_intervention_signal": 40.0 }, "geometry": { "type": "Polygon", "coordinates": [ [ [ -71.179017191901465, 42.30898108108105 ], [ -71.179017191901465, 42.317990090090056 ], [ -71.1912, 42.317990090090056 ], [ -71.1912, 42.30898108108105 ], [ -71.179017191901465, 42.30898108108105 ] ] ] } },
{ "type": "Feature", "properties": { "cell_id": 10, "cheeger_side": "right", "cheeger_boundary": false, "cheeger_fiedler": 0.011087267124300431, "cheeger_rank": 171, "cheeger_priority": 0.0, "cheeger_priority_class": "not_boundary", "cooling_sink": false, "cooling_access_score": 80.0, "cooling_sink_resistance_proxy": 20.0, "cooling_access_class": "good", "low_cooling_access": false, "street_intervention_signal": 20.0 }, "geometry": { "type": "Polygon", "coordinates": [ [ [ -71.179017191901465, 42.317990090090056 ], [ -71.179017191901465, 42.326999099099062 ], [ -71.1912, 42.326999099099062 ], [ -71.1912, 42.317990090090056 ], [ -71.179017191901465, 42.317990090090056 ] ] ] } },
{ "type": "Feature", "properties": { "cell_id": 11, "cheeger_side": "right", "cheeger_boundary": false, "cheeger_fiedler": 0.021846587464673967, "cheeger_rank": 188, "cheeger_priority": 0.0, "cheeger_priority_class": "not_boundary", "cooling_sink": true, "cooling_access_score": 100.0, "cooling_sink_resistance_proxy": 0.0, "cooling_access_class": "good", "low_cooling_access": false, "street_intervention_signal": 0.0 }, "geometry": { "type": "Polygon", "coordinates": [ [ [ -71.179017191901465, 42.326999099099062 ], [ -71.179017191901465, 42.336008108108068 ], [ -71.1912, 42.336008108108068 ], [ -71.1912, 42.326999099099062 ], [ -71.179017191901465, 42.326999099099062 ] ] ] } },
{ "type": "Feature", "properties": { "cell_id": 12, "cheeger_side": "right", "cheeger_boundary": false, "cheeger_fiedler": 0.031959695541306399, "cheeger_rank": 205, "cheeger_priority": 0.0, "cheeger_priority_class": "not_boundary", "cooling_sink": true, "cooling_access_score": 100.0, "cooling_sink_resistance_proxy": 0.0, "cooling_access_class": "good", "low_cooling_access": false, "street_intervention_signal": 0.0 }, "geometry": { "type": "Polygon", "coordinates": [ [ [ -71.179017191901465, 42.336008108108068 ], [ -71.179017191901465, 42.345017117117074 ], [ -71.1912, 42.345017117117074 ], [ -71.1912, 42.336008108108068 ], [ -71.179017191901465, 42.336008108108068 ] ] ] } },
{ "type": "Feature", "properties": { "cell_id": 13, "cheeger_side": "right", "cheeger_boundary": false, "cheeger_fiedler": 0.041127396367529746, "cheeger_rank": 222, "cheeger_priority": 0.0, "cheeger_priority_class": "not_boundary", "cooling_sink": false, "cooling_access_score": 80.0, "cooling_sink_resistance_proxy": 20.0, "cooling_access_class": "good", "low_cooling_access": false, "street_intervention_signal": 20.0 }, "geometry": { "type": "Polygon", "coordinates": [ [ [ -71.179017191901465, 42.345017117117074 ], [ -71.179017191901465, 42.35402612612608 ], [ -71.1912, 42.35402612612608 ], [ -71.1912, 42.345017117117074 ], [ -71.179017191901465, 42.345017117117074 ] ] ] } },
{ "type": "Feature", "properties": { "cell_id": 14, "cheeger_side": "right", "cheeger_boundary": false, "cheeger_fiedler": 0.04907837404410377, "cheeger_rank": 224, "cheeger_priority": 0.0, "cheeger_priority_class": "not_boundary", "cooling_sink": false, "cooling_access_score": 60.0, "cooling_sink_resistance_proxy": 40.0, "cooling_access_class": "moderate", "low_cooling_access": false, "street_intervention_signal": 40.0 }, "geometry": { "type": "Polygon", "coordinates": [ [ [ -71.179017191901465, 42.35402612612608 ], [ -71.179017191901465, 42.363035135135085 ], [ -71.1912, 42.363035135135085 ], [ -71.1912, 42.35402612612608 ], [ -71.179017191901465, 42.35402612612608 ] ] ] } },
{ "type": "Feature", "properties": { "cell_id": 15, "cheeger_side": "right", "cheeger_boundary": false, "cheeger_fiedler": 0.055577132078135673, "cheeger_rank": 243, "cheeger_priority": 0.0, "cheeger_priority_class": "not_boundary", "cooling_sink": false, "cooling_access_score": 80.0, "cooling_sink_resistance_proxy": 20.0, "cooling_access_class": "good", "low_cooling_access": false, "street_intervention_signal": 20.0 }, "geometry": { "type": "Polygon", "coordinates": [ [ [ -71.179017191901465, 42.363035135135085 ], [ -71.179017191901465, 42.372044144144091 ], [ -71.1912, 42.372044144144091 ], [ -71.1912, 42.363035135135085 ], [ -71.179017191901465, 42.363035135135085 ] ] ] } },
{ "type": "Feature", "properties": { "cell_id": 16, "cheeger_side": "right", "cheeger_boundary": false, "cheeger_fiedler": 0.060430717514866214, "cheeger_rank": 245, "cheeger_priority": 0.0, "cheeger_priority_class": "not_boundary", "cooling_sink": true, "cooling_access_score": 100.0, "cooling_sink_resistance_proxy": 0.0, "cooling_access_class": "good", "low_cooling_access": false, "street_intervention_signal": 0.0 }, "geometry": { "type": "Polygon", "coordinates": [ [ [ -71.179017191901465, 42.372044144144091 ], [ -71.179017191901465, 42.381053153153097 ], [ -71.1912, 42.381053153153097 ], [ -71.1912, 42.372044144144091 ], [ -71.179017191901465, 42.372044144144091 ] ] ] } },
{ "type": "Feature", "properties": { "cell_id": 17, "cheeger_side": "right", "cheeger_boundary": false, "cheeger_fiedler": 0.063493797066188185, "cheeger_rank": 262, "cheeger_priority": 0.0, "cheeger_priority_class": "not_boundary", "cooling_sink": true, "cooling_access_score": 100.0, "cooling_sink_resistance_proxy": 0.0, "cooling_access_class": "good", "low_cooling_access": false, "street_intervention_signal": 0.0 }, "geometry": { "type": "Polygon", "coordinates": [ [ [ -71.179017191901465, 42.381053153153097 ], [ -71.179017191901465, 42.390062162162103 ], [ -71.1912, 42.390062162162103 ], [ -71.1912, 42.381053153153097 ], [ -71.179017191901465, 42.381053153153097 ] ] ] } },
{ "type": "Feature", "properties": { "cell_id": 18, "cheeger_side": "right", "cheeger_boundary": false, "cheeger_fiedler": 0.050088084967184948, "cheeger_rank": 226, "cheeger_priority": 0.0, "cheeger_priority_class": "not_boundary", "cooling_sink": false, "cooling_access_score": 80.0, "cooling_sink_resistance_proxy": 20.0, "cooling_access_class": "good", "low_cooling_access": false, "street_intervention_signal": 20.0 }, "geometry": { "type": "Polygon", "coordinates": [ [ [ -71.179017191901465, 42.390062162162103 ], [ -71.179017191901465, 42.399071171171109 ], [ -71.1912, 42.399071171171109 ], [ -71.1912, 42.390062162162103 ], [ -71.179017191901465, 42.390062162162103 ] ] ] } },
{ "type": "Feature", "properties": { "cell_id": 19, "cheeger_side": "left", "cheeger_boundary": false, "cheeger_fiedler": -0.064763445395994934, "cheeger_rank": 59, "cheeger_priority": 0.0, "cheeger_priority_class": "not_boundary", "cooling_sink": false, "cooling_access_score": 0.0, "cooling_sink_resistance_proxy": 100.0, "cooling_access_class": "very_low", "low_cooling_access": true, "street_intervention_signal": 100.0 }, "geometry": { "type": "Polygon", "coordinates": [ [ [ -71.166834383802936, 42.2279 ], [ -71.166834383802936, 42.236909009009004 ], [ -71.179017191901465, 42.236909009009004 ], [ -71.179017191901465, 42.2279 ], [ -71.166834383802936, 42.2279 ] ] ] } },
{ "type": "Feature", "properties": { "cell_id": 20, "cheeger_side": "left", "cheeger_boundary": false, "cheeger_fiedler": -0.080411597231662552, "cheeger_rank": 14, "cheeger_priority": 0.0, "cheeger_priority_class": "not_boundary", "cooling_sink": false, "cooling_access_score": 19.999999999999996, "cooling_sink_resistance_proxy": 80.0, "cooling_access_class": "very_low", "low_cooling_access": true, "street_intervention_signal": 80.0 }, "geometry": { "type": "Polygon", "coordinates": [ [ [ -71.166834383802936, 42.236909009009004 ], [ -71.166834383802936, 42.24591801801801 ], [ -71.179017191901465, 42.24591801801801 ], [ -71.179017191901465, 42.236909009009004 ], [ -71.166834383802936, 42.236909009009004 ] ] ] } },
{ "type": "Feature", "properties": { "cell_id": 21, "cheeger_side": "left", "cheeger_boundary": false, "cheeger_fiedler": -0.07652973744938614, "cheeger_rank": 29, "cheeger_priority": 0.0, "cheeger_priority_class": "not_boundary", "cooling_sink": false, "cooling_access_score": 40.0, "cooling_sink_resistance_proxy": 60.0, "cooling_access_class": "moderate", "low_cooling_access": false, "street_intervention_signal": 60.0 }, "geometry": { "type": "Polygon", "coordinates": [ [ [ -71.166834383802936, 42.24591801801801 ], [ -71.166834383802936, 42.254927027027016 ], [ -71.179017191901465, 42.254927027027016 ], [ -71.179017191901465, 42.24591801801801 ], [ -71.166834383802936, 42.24591801801801 ] ] ] } },
{ "type": "Feature", "properties": { "cell_id": 22, "cheeger_side": "left", "cheeger_boundary": false, "cheeger_fiedler": -0.070382148596794869, "cheeger_rank": 44, "cheeger_priority": 0.0, "cheeger_priority_class": "not_boundary", "cooling_sink": false, "cooling_access_score": 60.0, "cooling_sink_resistance_proxy": 40.0, "cooling_access_class": "moderate", "low_cooling_access": false, "street_intervention_signal": 40.0 }, "geometry": { "type": "Polygon", "coordinates": [ [ [ -71.166834383802936, 42.254927027027016 ], [ -71.166834383802936, 42.263936036036021 ], [ -71.179017191901465, 42.263936036036021 ], [ -71.179017191901465, 42.254927027027016 ], [ -71.166834383802936, 42.254927027027016 ] ] ] } },
{ "type": "Feature", "properties": { "cell_id": 23, "cheeger_side": "left", "cheeger_boundary": false, "cheeger_fiedler": -0.06215183389687385, "cheeger_rank": 76, "cheeger_priority": 0.0, "cheeger_priority_class": "not_boundary", "cooling_sink": false, "cooling_access_score": 80.0, "cooling_sink_resistance_proxy": 20.0, "cooling_access_class": "good", "low_cooling_access": false, "street_intervention_signal": 20.0 }, "geometry": { "type": "Polygon", "coordinates": [ [ [ -71.166834383802936, 42.263936036036021 ], [ -71.166834383802936, 42.272945045045027 ], [ -71.179017191901465, 42.272945045045027 ], [ -71.179017191901465, 42.263936036036021 ], [ -71.166834383802936, 42.263936036036021 ] ] ] } },
{ "type": "Feature", "properties": { "cell_id": 24, "cheeger_side": "left", "cheeger_boundary": false, "cheeger_fiedler": -0.052082717598641901, "cheeger_rank": 95, "cheeger_priority": 0.0, "cheeger_priority_class": "not_boundary", "cooling_sink": false, "cooling_access_score": 80.0, "cooling_sink_resistance_proxy": 20.0, "cooling_access_class": "good", "low_cooling_access": false, "street_intervention_signal": 20.0 }, "geometry": { "type": "Polygon", "coordinates": [ [ [ -71.166834383802936, 42.272945045045027 ], [ -71.166834383802936, 42.281954054054033 ], [ -71.179017191901465, 42.281954054054033 ], [ -71.179017191901465, 42.272945045045027 ], [ -71.166834383802936, 42.272945045045027 ] ] ] } },
{ "type": "Feature", "properties": { "cell_id": 25, "cheeger_side": "left", "cheeger_boundary": false, "cheeger_fiedler": -0.040472896695311046, "cheeger_rank": 116, "cheeger_priority": 0.0, "cheeger_priority_class": "not_boundary", "cooling_sink": false, "cooling_access_score": 80.0, "cooling_sink_resistance_proxy": 20.0, "cooling_access_class": "good", "low_cooling_access": false, "street_intervention_signal": 20.0 }, "geometry": { "type": "Polygon", "coordinates": [ [ [ -71.166834383802936, 42.281954054054033 ], [ -71.166834383802936, 42.290963063063039 ], [ -71.179017191901465, 42.290963063063039 ], [ -71.179017191901465, 42.281954054054033 ], [ -71.166834383802936, 42.281954054054033 ] ] ] } },
{ "type": "Feature", "properties": { "cell_id": 26, "cheeger_side": "left", "cheeger_boundary": false, "cheeger_fiedler": -0.027665901444540779, "cheeger_rank": 133, "cheeger_priority": 0.0, "cheeger_priority_class": "not_boundary", "cooling_sink": false, "cooling_access_score": 60.0, "cooling_sink_resistance_proxy": 40.0, "cooling_access_class": "moderate", "low_cooling_access": false, "street_intervention_signal": 40.0 }, "geometry": { "type": "Polygon", "coordinates": [ [ [ -71.166834383802936, 42.290963063063039 ], [ -71.166834383802936, 42.299972072072045 ], [ -71.179017191901465, 42.299972072072045 ], [ -71.179017191901465, 42.290963063063039 ], [ -71.166834383802936, 42.290963063063039 ] ] ] } },
{ "type": "Feature", "properties": { "cell_id": 27, "cheeger_side": "left", "cheeger_boundary": true, "cheeger_fiedler": -0.014040594622972498, "cheeger_rank": 150, "cheeger_priority": 47.593016847488521, "cheeger_priority_class": "high", "cooling_sink": false, "cooling_access_score": 40.0, "cooling_sink_resistance_proxy": 60.0, "cooling_access_class": "moderate", "low_cooling_access": false, "street_intervention_signal": 60.0 }, "geometry": { "type": "Polygon", "coordinates": [ [ [ -71.166834383802936, 42.299972072072045 ], [ -71.166834383802936, 42.30898108108105 ], [ -71.179017191901465, 42.30898108108105 ], [ -71.179017191901465, 42.299972072072045 ], [ -71.166834383802936, 42.299972072072045 ] ] ] } },
{ "type": "Feature", "properties": { "cell_id": 28, "cheeger_side": "right", "cheeger_boundary": true, "cheeger_fiedler": 3.2258450118633773e-15, "cheeger_rank": 169, "cheeger_priority": 41.483166341317443, "cheeger_priority_class": "moderate", "cooling_sink": false, "cooling_access_score": 60.0, "cooling_sink_resistance_proxy": 40.0, "cooling_access_class": "moderate", "low_cooling_access": false, "street_intervention_signal": 41.483166341317443 }, "geometry": { "type": "Polygon", "coordinates": [ [ [ -71.166834383802936, 42.30898108108105 ], [ -71.166834383802936, 42.317990090090056 ], [ -71.179017191901465, 42.317990090090056 ], [ -71.179017191901465, 42.30898108108105 ], [ -71.166834383802936, 42.30898108108105 ] ] ] } },
{ "type": "Feature", "properties": { "cell_id": 29, "cheeger_side": "right", "cheeger_boundary": false, "cheeger_fiedler": 0.014040594622978875, "cheeger_rank": 173, "cheeger_priority": 0.0, "cheeger_priority_class": "not_boundary", "cooling_sink": false, "cooling_access_score": 80.0, "cooling_sink_resistance_proxy": 20.0, "cooling_access_class": "good", "low_cooling_access": false, "street_intervention_signal": 20.0 }, "geometry": { "type": "Polygon", "coordinates": [ [ [ -71.166834383802936, 42.317990090090056 ], [ -71.166834383802936, 42.326999099099062 ], [ -71.179017191901465, 42.326999099099062 ], [ -71.179017191901465, 42.317990090090056 ], [ -71.166834383802936, 42.317990090090056 ] ] ] } },
{ "type": "Feature", "properties": { "cell_id": 30, "cheeger_side": "right", "cheeger_boundary": false, "cheeger_fiedler": 0.027665901444547177, "cheeger_rank": 190, "cheeger_priority": 0.0, "cheeger_priority_class": "not_boundary", "cooling_sink": false, "cooling_access_score": 80.0, "cooling_sink_resistance_proxy": 20.0, "cooling_access_class": "good", "low_cooling_access": false, "street_intervention_signal": 20.0 }, "geometry": { "type": "Polygon", "coordinates": [ [ [ -71.166834383802936, 42.326999099099062 ], [ -71.166834383802936, 42.336008108108068 ], [ -71.179017191901465, 42.336008108108068 ], [ -71.179017191901465, 42.326999099099062 ], [ -71.166834383802936, 42.326999099099062 ] ] ] } },
{ "type": "Feature", "properties": { "cell_id": 31, "cheeger_side": "right", "cheeger_boundary": false, "cheeger_fiedler": 0.04047289669531734, "cheeger_rank": 207, "cheeger_priority": 0.0, "cheeger_priority_class": "not_boundary", "cooling_sink": false, "cooling_access_score": 80.0, "cooling_sink_resistance_proxy": 20.0, "cooling_access_class": "good", "low_cooling_access": false, "street_intervention_signal": 20.0 }, "geometry": { "type": "Polygon", "coordinates": [ [ [ -71.166834383802936, 42.336008108108068 ], [ -71.166834383802936, 42.345017117117074 ], [ -71.179017191901465, 42.345017117117074 ], [ -71.179017191901465, 42.336008108108068 ], [ -71.166834383802936, 42.336008108108068 ] ] ] } },
{ "type": "Feature", "properties": { "cell_id": 32, "cheeger_side": "right", "cheeger_boundary": false, "cheeger_fiedler": 0.052082717598648277, "cheeger_rank": 228, "cheeger_priority": 0.0, "cheeger_priority_class": "not_boundary", "cooling_sink": false, "cooling_access_score": 80.0, "cooling_sink_resistance_proxy": 20.0, "cooling_access_class": "good", "low_cooling_access": false, "street_intervention_signal": 20.0 }, "geometry": { "type": "Polygon", "coordinates": [ [ [ -71.166834383802936, 42.345017117117074 ], [ -71.166834383802936, 42.35402612612608 ], [ -71.179017191901465, 42.35402612612608 ], [ -71.179017191901465, 42.345017117117074 ], [ -71.166834383802936, 42.345017117117074 ] ] ] } },
{ "type": "Feature", "properties": { "cell_id": 33, "cheeger_side": "right", "cheeger_boundary": false, "cheeger_fiedler": 0.062151833896879956, "cheeger_rank": 247, "cheeger_priority": 0.0, "cheeger_priority_class": "not_boundary", "cooling_sink": false, "cooling_access_score": 60.0, "cooling_sink_resistance_proxy": 40.0, "cooling_access_class": "moderate", "low_cooling_access": false, "street_intervention_signal": 40.0 }, "geometry": { "type": "Polygon", "coordinates": [ [ [ -71.166834383802936, 42.35402612612608 ], [ -71.166834383802936, 42.363035135135085 ], [ -71.179017191901465, 42.363035135135085 ], [ -71.179017191901465, 42.35402612612608 ], [ -71.166834383802936, 42.35402612612608 ] ] ] } },
{ "type": "Feature", "properties": { "cell_id": 34, "cheeger_side": "right", "cheeger_boundary": false, "cheeger_fiedler": 0.070382148596800864, "cheeger_rank": 279, "cheeger_priority": 0.0, "cheeger_priority_class": "not_boundary", "cooling_sink": false, "cooling_access_score": 80.0, "cooling_sink_resistance_proxy": 20.0, "cooling_access_class": "good", "low_cooling_access": false, "street_intervention_signal": 20.0 }, "geometry": { "type": "Polygon", "coordinates": [ [ [ -71.166834383802936, 42.363035135135085 ], [ -71.166834383802936, 42.372044144144091 ], [ -71.179017191901465, 42.372044144144091 ], [ -71.179017191901465, 42.363035135135085 ], [ -71.166834383802936, 42.363035135135085 ] ] ] } },
{ "type": "Feature", "properties": { "cell_id": 35, "cheeger_side": "right", "cheeger_boundary": false, "cheeger_fiedler": 0.076529737449392107, "cheeger_rank": 294, "cheeger_priority": 0.0, "cheeger_priority_class": "not_boundary", "cooling_sink": false, "cooling_access_score": 80.0, "cooling_sink_resistance_proxy": 20.0, "cooling_access_class": "good", "low_cooling_access": false, "street_intervention_signal": 20.0 }, "geometry": { "type": "Polygon", "coordinates": [ [ [ -71.166834383802936, 42.372044144144091 ], [ -71.166834383802936, 42.381053153153097 ], [ -71.179017191901465, 42.381053153153097 ], [ -71.179017191901465, 42.372044144144091 ], [ -71.166834383802936, 42.372044144144091 ] ] ] } },
{ "type": "Feature", "properties": { "cell_id": 36, "cheeger_side": "right", "cheeger_boundary": false, "cheeger_fiedler": 0.080411597231668422, "cheeger_rank": 309, "cheeger_priority": 0.0, "cheeger_priority_class": "not_boundary", "cooling_sink": false, "cooling_access_score": 80.0, "cooling_sink_resistance_proxy": 20.0, "cooling_access_class": "good", "low_cooling_access": false, "street_intervention_signal": 20.0 }, "geometry": { "type": "Polygon", "coordinates": [ [ [ -71.166834383802936, 42.381053153153097 ], [ -71.166834383802936, 42.390062162162103 ], [ -71.179017191901465, 42.390062162162103 ], [ -71.179017191901465, 42.381053153153097 ], [ -71.166834383802936, 42.381053153153097 ] ] ] } },
{ "type": "Feature", "properties": { "cell_id": 37, "cheeger_side": "right", "cheeger_boundary": false, "cheeger_fiedler": 0.064763445395999569, "cheeger_rank": 264, "cheeger_priority": 0.0, "cheeger_priority_class": "not_boundary", "cooling_sink": false, "cooling_access_score": 80.0, "cooling_sink_resistance_proxy": 20.0, "cooling_access_class": "good", "low_cooling_access": false, "street_intervention_signal": 20.0 }, "geometry": { "type": "Polygon", "coordinates": [ [ [ -71.166834383802936, 42.390062162162103 ], [ -71.166834383802936, 42.399071171171109 ], [ -71.179017191901465, 42.399071171171109 ], [ -71.179017191901465, 42.390062162162103 ], [ -71.166834383802936, 42.390062162162103 ] ] ] } },
{ "type": "Feature", "properties": { "cell_id": 38, "cheeger_side": "left", "cheeger_boundary": false, "cheeger_fiedler": -0.064837939062848696, "cheeger_rank": 57, "cheeger_priority": 0.0, "cheeger_priority_class": "not_boundary", "cooling_sink": false, "cooling_access_score": 0.0, "cooling_sink_resistance_proxy": 100.0, "cooling_access_class": "very_low", "low_cooling_access": true, "street_intervention_signal": 100.0 }, "geometry": { "type": "Polygon", "coordinates": [ [ [ -71.154651575704406, 42.2279 ], [ -71.154651575704406, 42.236909009009004 ], [ -71.166834383802936, 42.236909009009004 ], [ -71.166834383802936, 42.2279 ], [ -71.154651575704406, 42.2279 ] ] ] } },
{ "type": "Feature", "properties": { "cell_id": 39, "cheeger_side": "left", "cheeger_boundary": false, "cheeger_fiedler": -0.080501449209174236, "cheeger_rank": 12, "cheeger_priority": 0.0, "cheeger_priority_class": "not_boundary", "cooling_sink": false, "cooling_access_score": 19.999999999999996, "cooling_sink_resistance_proxy": 80.0, "cooling_access_class": "very_low", "low_cooling_access": true, "street_intervention_signal": 80.0 }, "geometry": { "type": "Polygon", "coordinates": [ [ [ -71.154651575704406, 42.236909009009004 ], [ -71.154651575704406, 42.24591801801801 ], [ -71.166834383802936, 42.24591801801801 ], [ -71.166834383802936, 42.236909009009004 ], [ -71.154651575704406, 42.236909009009004 ] ] ] } },
{ "type": "Feature", "properties": { "cell_id": 40, "cheeger_side": "left", "cheeger_boundary": false, "cheeger_fiedler": -0.076610530132963039, "cheeger_rank": 27, "cheeger_priority": 0.0, "cheeger_priority_class": "not_boundary", "cooling_sink": false, "cooling_access_score": 40.0, "cooling_sink_resistance_proxy": 60.0, "cooling_access_class": "moderate", "low_cooling_access": false, "street_intervention_signal": 60.0 }, "geometry": { "type": "Polygon", "coordinates": [ [ [ -71.154651575704406, 42.24591801801801 ], [ -71.154651575704406, 42.254927027027016 ], [ -71.166834383802936, 42.254927027027016 ], [ -71.166834383802936, 42.24591801801801 ], [ -71.154651575704406, 42.24591801801801 ] ] ] } },
{ "type": "Feature", "properties": { "cell_id": 41, "cheeger_side": "left", "cheeger_boundary": false, "cheeger_fiedler": -0.070454832872309053, "cheeger_rank": 42, "cheeger_priority": 0.0, "cheeger_priority_class": "not_boundary", "cooling_sink": false, "cooling_access_score": 60.0, "cooling_sink_resistance_proxy": 40.0, "cooling_access_class": "moderate", "low_cooling_access": false, "street_intervention_signal": 40.0 }, "geometry": { "type": "Polygon", "coordinates": [ [ [ -71.154651575704406, 42.254927027027016 ], [ -71.154651575704406, 42.263936036036021 ], [ -71.166834383802936, 42.263936036036021 ], [ -71.166834383802936, 42.254927027027016 ], [ -71.154651575704406, 42.254927027027016 ] ] ] } },
{ "type": "Feature", "properties": { "cell_id": 42, "cheeger_side": "left", "cheeger_boundary": false, "cheeger_fiedler": -0.062215286578409044, "cheeger_rank": 74, "cheeger_priority": 0.0, "cheeger_priority_class": "not_boundary", "cooling_sink": false, "cooling_access_score": 60.0, "cooling_sink_resistance_proxy": 40.0, "cooling_access_class": "moderate", "low_cooling_access": false, "street_intervention_signal": 40.0 }, "geometry": { "type": "Polygon", "coordinates": [ [ [ -71.154651575704406, 42.263936036036021 ], [ -71.154651575704406, 42.272945045045027 ], [ -71.166834383802936, 42.272945045045027 ], [ -71.166834383802936, 42.263936036036021 ], [ -71.154651575704406, 42.263936036036021 ] ] ] } },
{ "type": "Feature", "properties": { "cell_id": 43, "cheeger_side": "left", "cheeger_boundary": false, "cheeger_fiedler": -0.052135552663151633, "cheeger_rank": 93, "cheeger_priority": 0.0, "cheeger_priority_class": "not_boundary", "cooling_sink": false, "cooling_access_score": 60.0, "cooling_sink_resistance_proxy": 40.0, "cooling_access_class": "moderate", "low_cooling_access": false, "street_intervention_signal": 40.0 }, "geometry": { "type": "Polygon", "coordinates": [ [ [ -71.154651575704406, 42.272945045045027 ], [ -71.154651575704406, 42.281954054054033 ], [ -71.166834383802936, 42.281954054054033 ], [ -71.166834383802936, 42.272945045045027 ], [ -71.154651575704406, 42.272945045045027 ] ] ] } },
{ "type": "Feature", "properties": { "cell_id": 44, "cheeger_side": "left", "cheeger_boundary": false, "cheeger_fiedler": -0.040513800866623755, "cheeger_rank": 114, "cheeger_priority": 0.0, "cheeger_priority_class": "not_boundary", "cooling_sink": false, "cooling_access_score": 60.0, "cooling_sink_resistance_proxy": 40.0, "cooling_access_class": "moderate", "low_cooling_access": false, "street_intervention_signal": 40.0 }, "geometry": { "type": "Polygon", "coordinates": [ [ [ -71.154651575704406, 42.281954054054033 ], [ -71.154651575704406, 42.290963063063039 ], [ -71.166834383802936, 42.290963063063039 ], [ -71.166834383802936, 42.281954054054033 ], [ -71.154651575704406, 42.281954054054033 ] ] ] } },
{ "type": "Feature", "properties": { "cell_id": 45, "cheeger_side": "left", "cheeger_boundary": false, "cheeger_fiedler": -0.027693800928007536, "cheeger_rank": 131, "cheeger_priority": 0.0, "cheeger_priority_class": "not_boundary", "cooling_sink": false, "cooling_access_score": 60.0, "cooling_sink_resistance_proxy": 40.0, "cooling_access_class": "moderate", "low_cooling_access": false, "street_intervention_signal": 40.0 }, "geometry": { "type": "Polygon", "coordinates": [ [ [ -71.154651575704406, 42.290963063063039 ], [ -71.154651575704406, 42.299972072072045 ], [ -71.166834383802936, 42.299972072072045 ], [ -71.166834383802936, 42.290963063063039 ], [ -71.154651575704406, 42.290963063063039 ] ] ] } },
{ "type": "Feature", "properties": { "cell_id": 46, "cheeger_side": "left", "cheeger_boundary": true, "cheeger_fiedler": -0.014054737363439592, "cheeger_rank": 148, "cheeger_priority": 73.902347654898264, "cheeger_priority_class": "critical", "cooling_sink": false, "cooling_access_score": 40.0, "cooling_sink_resistance_proxy": 60.0, "cooling_access_class": "moderate", "low_cooling_access": false, "street_intervention_signal": 73.902347654898264 }, "geometry": { "type": "Polygon", "coordinates": [ [ [ -71.154651575704406, 42.299972072072045 ], [ -71.154651575704406, 42.30898108108105 ], [ -71.166834383802936, 42.30898108108105 ], [ -71.166834383802936, 42.299972072072045 ], [ -71.154651575704406, 42.299972072072045 ] ] ] } },
{ "type": "Feature", "properties": { "cell_id": 47, "cheeger_side": "right", "cheeger_boundary": true, "cheeger_fiedler": 3.0544010620336715e-15, "cheeger_rank": 168, "cheeger_priority": 45.827220832430228, "cheeger_priority_class": "high", "cooling_sink": false, "cooling_access_score": 60.0, "cooling_sink_resistance_proxy": 40.0, "cooling_access_class": "moderate", "low_cooling_access": false, "street_intervention_signal": 45.827220832430228 }, "geometry": { "type": "Polygon", "coordinates": [ [ [ -71.154651575704406, 42.30898108108105 ], [ -71.154651575704406, 42.317990090090056 ], [ -71.166834383802936, 42.317990090090056 ], [ -71.166834383802936, 42.30898108108105 ], [ -71.154651575704406, 42.30898108108105 ] ] ] } },
{ "type": "Feature", "properties": { "cell_id": 48, "cheeger_side": "right", "cheeger_boundary": false, "cheeger_fiedler": 0.014054737363445704, "cheeger_rank": 175, "cheeger_priority": 0.0, "cheeger_priority_class": "not_boundary", "cooling_sink": false, "cooling_access_score": 80.0, "cooling_sink_resistance_proxy": 20.0, "cooling_access_class": "good", "low_cooling_access": false, "street_intervention_signal": 20.0 }, "geometry": { "type": "Polygon", "coordinates": [ [ [ -71.154651575704406, 42.317990090090056 ], [ -71.154651575704406, 42.326999099099062 ], [ -71.166834383802936, 42.326999099099062 ], [ -71.166834383802936, 42.317990090090056 ], [ -71.154651575704406, 42.317990090090056 ] ] ] } },
{ "type": "Feature", "properties": { "cell_id": 49, "cheeger_side": "right", "cheeger_boundary": false, "cheeger_fiedler": 0.027693800928013639, "cheeger_rank": 192, "cheeger_priority": 0.0, "cheeger_priority_class": "not_boundary", "cooling_sink": false, "cooling_access_score": 80.0, "cooling_sink_resistance_proxy": 20.0, "cooling_access_class": "good", "low_cooling_access": false, "street_intervention_signal": 20.0 }, "geometry": { "type": "Polygon", "coordinates": [ [ [ -71.154651575704406, 42.326999099099062 ], [ -71.154651575704406, 42.336008108108068 ], [ -71.166834383802936, 42.336008108108068 ], [ -71.166834383802936, 42.326999099099062 ], [ -71.154651575704406, 42.326999099099062 ] ] ] } },
{ "type": "Feature", "properties": { "cell_id": 50, "cheeger_side": "right", "cheeger_boundary": false, "cheeger_fiedler": 0.040513800866629736, "cheeger_rank": 209, "cheeger_priority": 0.0, "cheeger_priority_class": "not_boundary", "cooling_sink": false, "cooling_access_score": 80.0, "cooling_sink_resistance_proxy": 20.0, "cooling_access_class": "good", "low_cooling_access": false, "street_intervention_signal": 20.0 }, "geometry": { "type": "Polygon", "coordinates": [ [ [ -71.154651575704406, 42.336008108108068 ], [ -71.154651575704406, 42.345017117117074 ], [ -71.166834383802936, 42.345017117117074 ], [ -71.166834383802936, 42.336008108108068 ], [ -71.154651575704406, 42.336008108108068 ] ] ] } },
{ "type": "Feature", "properties": { "cell_id": 51, "cheeger_side": "right", "cheeger_boundary": false, "cheeger_fiedler": 0.052135552663157593, "cheeger_rank": 230, "cheeger_priority": 0.0, "cheeger_priority_class": "not_boundary", "cooling_sink": false, "cooling_access_score": 60.0, "cooling_sink_resistance_proxy": 40.0, "cooling_access_class": "moderate", "low_cooling_access": false, "street_intervention_signal": 40.0 }, "geometry": { "type": "Polygon", "coordinates": [ [ [ -71.154651575704406, 42.345017117117074 ], [ -71.154651575704406, 42.35402612612608 ], [ -71.166834383802936, 42.35402612612608 ], [ -71.166834383802936, 42.345017117117074 ], [ -71.154651575704406, 42.345017117117074 ] ] ] } },
{ "type": "Feature", "properties": { "cell_id": 52, "cheeger_side": "right", "cheeger_boundary": false, "cheeger_fiedler": 0.062215286578414748, "cheeger_rank": 249, "cheeger_priority": 0.0, "cheeger_priority_class": "not_boundary", "cooling_sink": false, "cooling_access_score": 60.0, "cooling_sink_resistance_proxy": 40.0, "cooling_access_class": "moderate", "low_cooling_access": false, "street_intervention_signal": 40.0 }, "geometry": { "type": "Polygon", "coordinates": [ [ [ -71.154651575704406, 42.35402612612608 ], [ -71.154651575704406, 42.363035135135085 ], [ -71.166834383802936, 42.363035135135085 ], [ -71.166834383802936, 42.35402612612608 ], [ -71.154651575704406, 42.35402612612608 ] ] ] } },
{ "type": "Feature", "properties": { "cell_id": 53, "cheeger_side": "right", "cheeger_boundary": false, "cheeger_fiedler": 0.070454832872314549, "cheeger_rank": 281, "cheeger_priority": 0.0, "cheeger_priority_class": "not_boundary", "cooling_sink": false, "cooling_access_score": 60.0, "cooling_sink_resistance_proxy": 40.0, "cooling_access_class": "moderate", "low_cooling_access": false, "street_intervention_signal": 40.0 }, "geometry": { "type": "Polygon", "coordinates": [ [ [ -71.154651575704406, 42.363035135135085 ], [ -71.154651575704406, 42.372044144144091 ], [ -71.166834383802936, 42.372044144144091 ], [ -71.166834383802936, 42.363035135135085 ], [ -71.154651575704406, 42.363035135135085 ] ] ] } },
{ "type": "Feature", "properties": { "cell_id": 54, "cheeger_side": "right", "cheeger_boundary": false, "cheeger_fiedler": 0.076610530132968493, "cheeger_rank": 296, "cheeger_priority": 0.0, "cheeger_priority_class": "not_boundary", "cooling_sink": false, "cooling_access_score": 60.0, "cooling_sink_resistance_proxy": 40.0, "cooling_access_class": "moderate", "low_cooling_access": false, "street_intervention_signal": 40.0 }, "geometry": { "type": "Polygon", "coordinates": [ [ [ -71.154651575704406, 42.372044144144091 ], [ -71.154651575704406, 42.381053153153097 ], [ -71.166834383802936, 42.381053153153097 ], [ -71.166834383802936, 42.372044144144091 ], [ -71.154651575704406, 42.372044144144091 ] ] ] } },
{ "type": "Feature", "properties": { "cell_id": 55, "cheeger_side": "right", "cheeger_boundary": false, "cheeger_fiedler": 0.080501449209179635, "cheeger_rank": 311, "cheeger_priority": 0.0, "cheeger_priority_class": "not_boundary", "cooling_sink": false, "cooling_access_score": 60.0, "cooling_sink_resistance_proxy": 40.0, "cooling_access_class": "moderate", "low_cooling_access": false, "street_intervention_signal": 40.0 }, "geometry": { "type": "Polygon", "coordinates": [ [ [ -71.154651575704406, 42.381053153153097 ], [ -71.154651575704406, 42.390062162162103 ], [ -71.166834383802936, 42.390062162162103 ], [ -71.166834383802936, 42.381053153153097 ], [ -71.154651575704406, 42.381053153153097 ] ] ] } },
{ "type": "Feature", "properties": { "cell_id": 56, "cheeger_side": "right", "cheeger_boundary": false, "cheeger_fiedler": 0.064837939062852928, "cheeger_rank": 266, "cheeger_priority": 0.0, "cheeger_priority_class": "not_boundary", "cooling_sink": false, "cooling_access_score": 60.0, "cooling_sink_resistance_proxy": 40.0, "cooling_access_class": "moderate", "low_cooling_access": false, "street_intervention_signal": 40.0 }, "geometry": { "type": "Polygon", "coordinates": [ [ [ -71.154651575704406, 42.390062162162103 ], [ -71.154651575704406, 42.399071171171109 ], [ -71.166834383802936, 42.399071171171109 ], [ -71.166834383802936, 42.390062162162103 ], [ -71.154651575704406, 42.390062162162103 ] ] ] } },
{ "type": "Feature", "properties": { "cell_id": 57, "cheeger_side": "left", "cheeger_boundary": false, "cheeger_fiedler": -0.064898967500686439, "cheeger_rank": 55, "cheeger_priority": 0.0, "cheeger_priority_class": "not_boundary", "cooling_sink": false, "cooling_access_score": 0.0, "cooling_sink_resistance_proxy": 100.0, "cooling_access_class": "very_low", "low_cooling_access": true, "street_intervention_signal": 100.0 }, "geometry": { "type": "Polygon", "coordinates": [ [ [ -71.142468767605877, 42.2279 ], [ -71.142468767605877, 42.236909009009004 ], [ -71.154651575704406, 42.236909009009004 ], [ -71.154651575704406, 42.2279 ], [ -71.142468767605877, 42.2279 ] ] ] } },
{ "type": "Feature", "properties": { "cell_id": 58, "cheeger_side": "left", "cheeger_boundary": false, "cheeger_fiedler": -0.08057620069015331, "cheeger_rank": 10, "cheeger_priority": 0.0, "cheeger_priority_class": "not_boundary", "cooling_sink": false, "cooling_access_score": 19.999999999999996, "cooling_sink_resistance_proxy": 80.0, "cooling_access_class": "very_low", "low_cooling_access": true, "street_intervention_signal": 80.0 }, "geometry": { "type": "Polygon", "coordinates": [ [ [ -71.142468767605877, 42.236909009009004 ], [ -71.142468767605877, 42.24591801801801 ], [ -71.154651575704406, 42.24591801801801 ], [ -71.154651575704406, 42.236909009009004 ], [ -71.142468767605877, 42.236909009009004 ] ] ] } },
{ "type": "Feature", "properties": { "cell_id": 59, "cheeger_side": "left", "cheeger_boundary": false, "cheeger_fiedler": -0.076680023322598045, "cheeger_rank": 25, "cheeger_priority": 0.0, "cheeger_priority_class": "not_boundary", "cooling_sink": false, "cooling_access_score": 40.0, "cooling_sink_resistance_proxy": 60.0, "cooling_access_class": "moderate", "low_cooling_access": false, "street_intervention_signal": 60.0 }, "geometry": { "type": "Polygon", "coordinates": [ [ [ -71.142468767605877, 42.24591801801801 ], [ -71.142468767605877, 42.254927027027016 ], [ -71.154651575704406, 42.254927027027016 ], [ -71.154651575704406, 42.24591801801801 ], [ -71.142468767605877, 42.24591801801801 ] ] ] } },
{ "type": "Feature", "properties": { "cell_id": 60, "cheeger_side": "left", "cheeger_boundary": false, "cheeger_fiedler": -0.070517325191534294, "cheeger_rank": 40, "cheeger_priority": 0.0, "cheeger_priority_class": "not_boundary", "cooling_sink": false, "cooling_access_score": 40.0, "cooling_sink_resistance_proxy": 60.0, "cooling_access_class": "moderate", "low_cooling_access": false, "street_intervention_signal": 60.0 }, "geometry": { "type": "Polygon", "coordinates": [ [ [ -71.142468767605877, 42.254927027027016 ], [ -71.142468767605877, 42.263936036036021 ], [ -71.154651575704406, 42.263936036036021 ], [ -71.154651575704406, 42.254927027027016 ], [ -71.142468767605877, 42.254927027027016 ] ] ] } },
{ "type": "Feature", "properties": { "cell_id": 61, "cheeger_side": "left", "cheeger_boundary": false, "cheeger_fiedler": -0.062269719924506438, "cheeger_rank": 72, "cheeger_priority": 0.0, "cheeger_priority_class": "not_boundary", "cooling_sink": false, "cooling_access_score": 40.0, "cooling_sink_resistance_proxy": 60.0, "cooling_access_class": "moderate", "low_cooling_access": false, "street_intervention_signal": 60.0 }, "geometry": { "type": "Polygon", "coordinates": [ [ [ -71.142468767605877, 42.263936036036021 ], [ -71.142468767605877, 42.272945045045027 ], [ -71.154651575704406, 42.272945045045027 ], [ -71.154651575704406, 42.263936036036021 ], [ -71.142468767605877, 42.263936036036021 ] ] ] } },
{ "type": "Feature", "properties": { "cell_id": 62, "cheeger_side": "left", "cheeger_boundary": false, "cheeger_fiedler": -0.052180777613156717, "cheeger_rank": 91, "cheeger_priority": 0.0, "cheeger_priority_class": "not_boundary", "cooling_sink": false, "cooling_access_score": 40.0, "cooling_sink_resistance_proxy": 60.0, "cooling_access_class": "moderate", "low_cooling_access": false, "street_intervention_signal": 60.0 }, "geometry": { "type": "Polygon", "coordinates": [ [ [ -71.142468767605877, 42.272945045045027 ], [ -71.142468767605877, 42.281954054054033 ], [ -71.154651575704406, 42.281954054054033 ], [ -71.154651575704406, 42.272945045045027 ], [ -71.142468767605877, 42.272945045045027 ] ] ] } },
{ "type": "Feature", "properties": { "cell_id": 63, "cheeger_side": "left", "cheeger_boundary": false, "cheeger_fiedler": -0.040548756570657617, "cheeger_rank": 112, "cheeger_priority": 0.0, "cheeger_priority_class": "not_boundary", "cooling_sink": false, "cooling_access_score": 40.0, "cooling_sink_resistance_proxy": 60.0, "cooling_access_class": "moderate", "low_cooling_access": false, "street_intervention_signal": 60.0 }, "geometry": { "type": "Polygon", "coordinates": [ [ [ -71.142468767605877, 42.281954054054033 ], [ -71.142468767605877, 42.290963063063039 ], [ -71.154651575704406, 42.290963063063039 ], [ -71.154651575704406, 42.281954054054033 ], [ -71.142468767605877, 42.281954054054033 ] ] ] } },
{ "type": "Feature", "properties": { "cell_id": 64, "cheeger_side": "left", "cheeger_boundary": false, "cheeger_fiedler": -0.027717617557175854, "cheeger_rank": 129, "cheeger_priority": 0.0, "cheeger_priority_class": "not_boundary", "cooling_sink": false, "cooling_access_score": 40.0, "cooling_sink_resistance_proxy": 60.0, "cooling_access_class": "moderate", "low_cooling_access": false, "street_intervention_signal": 60.0 }, "geometry": { "type": "Polygon", "coordinates": [ [ [ -71.142468767605877, 42.290963063063039 ], [ -71.142468767605877, 42.299972072072045 ], [ -71.154651575704406, 42.299972072072045 ], [ -71.154651575704406, 42.290963063063039 ], [ -71.142468767605877, 42.290963063063039 ] ] ] } },
{ "type": "Feature", "properties": { "cell_id": 65, "cheeger_side": "left", "cheeger_boundary": true, "cheeger_fiedler": -0.014066803131032512, "cheeger_rank": 146, "cheeger_priority": 60.409703856766185, "cheeger_priority_class": "high", "cooling_sink": false, "cooling_access_score": 40.0, "cooling_sink_resistance_proxy": 60.0, "cooling_access_class": "moderate", "low_cooling_access": false, "street_intervention_signal": 60.409703856766185 }, "geometry": { "type": "Polygon", "coordinates": [ [ [ -71.142468767605877, 42.299972072072045 ], [ -71.142468767605877, 42.30898108108105 ], [ -71.154651575704406, 42.30898108108105 ], [ -71.154651575704406, 42.299972072072045 ], [ -71.142468767605877, 42.299972072072045 ] ] ] } },
{ "type": "Feature", "properties": { "cell_id": 66, "cheeger_side": "right", "cheeger_boundary": true, "cheeger_fiedler": 2.7631977634381138e-15, "cheeger_rank": 167, "cheeger_priority": 62.40466791675825, "cheeger_priority_class": "high", "cooling_sink": false, "cooling_access_score": 60.0, "cooling_sink_resistance_proxy": 40.0, "cooling_access_class": "moderate", "low_cooling_access": false, "street_intervention_signal": 62.40466791675825 }, "geometry": { "type": "Polygon", "coordinates": [ [ [ -71.142468767605877, 42.30898108108105 ], [ -71.142468767605877, 42.317990090090056 ], [ -71.154651575704406, 42.317990090090056 ], [ -71.154651575704406, 42.30898108108105 ], [ -71.142468767605877, 42.30898108108105 ] ] ] } },
{ "type": "Feature", "properties": { "cell_id": 67, "cheeger_side": "right", "cheeger_boundary": false, "cheeger_fiedler": 0.01406680313103802, "cheeger_rank": 177, "cheeger_priority": 0.0, "cheeger_priority_class": "not_boundary", "cooling_sink": false, "cooling_access_score": 80.0, "cooling_sink_resistance_proxy": 20.0, "cooling_access_class": "good", "low_cooling_access": false, "street_intervention_signal": 20.0 }, "geometry": { "type": "Polygon", "coordinates": [ [ [ -71.142468767605877, 42.317990090090056 ], [ -71.142468767605877, 42.326999099099062 ], [ -71.154651575704406, 42.326999099099062 ], [ -71.154651575704406, 42.317990090090056 ], [ -71.142468767605877, 42.317990090090056 ] ] ] } },
{ "type": "Feature", "properties": { "cell_id": 68, "cheeger_side": "right", "cheeger_boundary": false, "cheeger_fiedler": 0.027717617557181266, "cheeger_rank": 194, "cheeger_priority": 0.0, "cheeger_priority_class": "not_boundary", "cooling_sink": true, "cooling_access_score": 100.0, "cooling_sink_resistance_proxy": 0.0, "cooling_access_class": "good", "low_cooling_access": false, "street_intervention_signal": 0.0 }, "geometry": { "type": "Polygon", "coordinates": [ [ [ -71.142468767605877, 42.326999099099062 ], [ -71.142468767605877, 42.336008108108068 ], [ -71.154651575704406, 42.336008108108068 ], [ -71.154651575704406, 42.326999099099062 ], [ -71.142468767605877, 42.326999099099062 ] ] ] } },
{ "type": "Feature", "properties": { "cell_id": 69, "cheeger_side": "right", "cheeger_boundary": false, "cheeger_fiedler": 0.040548756570662786, "cheeger_rank": 211, "cheeger_priority": 0.0, "cheeger_priority_class": "not_boundary", "cooling_sink": false, "cooling_access_score": 80.0, "cooling_sink_resistance_proxy": 20.0, "cooling_access_class": "good", "low_cooling_access": false, "street_intervention_signal": 20.0 }, "geometry": { "type": "Polygon", "coordinates": [ [ [ -71.142468767605877, 42.336008108108068 ], [ -71.142468767605877, 42.345017117117074 ], [ -71.154651575704406, 42.345017117117074 ], [ -71.154651575704406, 42.336008108108068 ], [ -71.142468767605877, 42.336008108108068 ] ] ] } },
{ "type": "Feature", "properties": { "cell_id": 70, "cheeger_side": "right", "cheeger_boundary": false, "cheeger_fiedler": 0.052180777613161818, "cheeger_rank": 232, "cheeger_priority": 0.0, "cheeger_priority_class": "not_boundary", "cooling_sink": false, "cooling_access_score": 60.0, "cooling_sink_resistance_proxy": 40.0, "cooling_access_class": "moderate", "low_cooling_access": false, "street_intervention_signal": 40.0 }, "geometry": { "type": "Polygon", "coordinates": [ [ [ -71.142468767605877, 42.345017117117074 ], [ -71.142468767605877, 42.35402612612608 ], [ -71.154651575704406, 42.35402612612608 ], [ -71.154651575704406, 42.345017117117074 ], [ -71.142468767605877, 42.345017117117074 ] ] ] } },
{ "type": "Feature", "properties": { "cell_id": 71, "cheeger_side": "right", "cheeger_boundary": false, "cheeger_fiedler": 0.062269719924511489, "cheeger_rank": 251, "cheeger_priority": 0.0, "cheeger_priority_class": "not_boundary", "cooling_sink": false, "cooling_access_score": 40.0, "cooling_sink_resistance_proxy": 60.0, "cooling_access_class": "moderate", "low_cooling_access": false, "street_intervention_signal": 60.0 }, "geometry": { "type": "Polygon", "coordinates": [ [ [ -71.142468767605877, 42.35402612612608 ], [ -71.142468767605877, 42.363035135135085 ], [ -71.154651575704406, 42.363035135135085 ], [ -71.154651575704406, 42.35402612612608 ], [ -71.142468767605877, 42.35402612612608 ] ] ] } },
{ "type": "Feature", "properties": { "cell_id": 72, "cheeger_side": "right", "cheeger_boundary": false, "cheeger_fiedler": 0.070517325191539165, "cheeger_rank": 283, "cheeger_priority": 0.0, "cheeger_priority_class": "not_boundary", "cooling_sink": false, "cooling_access_score": 40.0, "cooling_sink_resistance_proxy": 60.0, "cooling_access_class": "moderate", "low_cooling_access": false, "street_intervention_signal": 60.0 }, "geometry": { "type": "Polygon", "coordinates": [ [ [ -71.142468767605877, 42.363035135135085 ], [ -71.142468767605877, 42.372044144144091 ], [ -71.154651575704406, 42.372044144144091 ], [ -71.154651575704406, 42.363035135135085 ], [ -71.142468767605877, 42.363035135135085 ] ] ] } },
{ "type": "Feature", "properties": { "cell_id": 73, "cheeger_side": "right", "cheeger_boundary": false, "cheeger_fiedler": 0.076680023322602958, "cheeger_rank": 298, "cheeger_priority": 0.0, "cheeger_priority_class": "not_boundary", "cooling_sink": false, "cooling_access_score": 40.0, "cooling_sink_resistance_proxy": 60.0, "cooling_access_class": "moderate", "low_cooling_access": false, "street_intervention_signal": 60.0 }, "geometry": { "type": "Polygon", "coordinates": [ [ [ -71.142468767605877, 42.372044144144091 ], [ -71.142468767605877, 42.381053153153097 ], [ -71.154651575704406, 42.381053153153097 ], [ -71.154651575704406, 42.372044144144091 ], [ -71.142468767605877, 42.372044144144091 ] ] ] } },
{ "type": "Feature", "properties": { "cell_id": 74, "cheeger_side": "right", "cheeger_boundary": false, "cheeger_fiedler": 0.080576200690157973, "cheeger_rank": 313, "cheeger_priority": 0.0, "cheeger_priority_class": "not_boundary", "cooling_sink": false, "cooling_access_score": 40.0, "cooling_sink_resistance_proxy": 60.0, "cooling_access_class": "moderate", "low_cooling_access": false, "street_intervention_signal": 60.0 }, "geometry": { "type": "Polygon", "coordinates": [ [ [ -71.142468767605877, 42.381053153153097 ], [ -71.142468767605877, 42.390062162162103 ], [ -71.154651575704406, 42.390062162162103 ], [ -71.154651575704406, 42.381053153153097 ], [ -71.142468767605877, 42.381053153153097 ] ] ] } },
{ "type": "Feature", "properties": { "cell_id": 75, "cheeger_side": "right", "cheeger_boundary": false, "cheeger_fiedler": 0.064898967500690227, "cheeger_rank": 268, "cheeger_priority": 0.0, "cheeger_priority_class": "not_boundary", "cooling_sink": false, "cooling_access_score": 40.0, "cooling_sink_resistance_proxy": 60.0, "cooling_access_class": "moderate", "low_cooling_access": false, "street_intervention_signal": 60.0 }, "geometry": { "type": "Polygon", "coordinates": [ [ [ -71.142468767605877, 42.390062162162103 ], [ -71.142468767605877, 42.399071171171109 ], [ -71.154651575704406, 42.399071171171109 ], [ -71.154651575704406, 42.390062162162103 ], [ -71.142468767605877, 42.390062162162103 ] ] ] } },
{ "type": "Feature", "properties": { "cell_id": 76, "cheeger_side": "left", "cheeger_boundary": false, "cheeger_fiedler": -0.064948138436938752, "cheeger_rank": 53, "cheeger_priority": 0.0, "cheeger_priority_class": "not_boundary", "cooling_sink": false, "cooling_access_score": 0.0, "cooling_sink_resistance_proxy": 100.0, "cooling_access_class": "very_low", "low_cooling_access": true, "street_intervention_signal": 100.0 }, "geometry": { "type": "Polygon", "coordinates": [ [ [ -71.130285959507347, 42.2279 ], [ -71.130285959507347, 42.236909009009004 ], [ -71.142468767605877, 42.236909009009004 ], [ -71.142468767605877, 42.2279 ], [ -71.130285959507347, 42.2279 ] ] ] } },
{ "type": "Feature", "properties": { "cell_id": 77, "cheeger_side": "left", "cheeger_boundary": false, "cheeger_fiedler": -0.080636848307510819, "cheeger_rank": 8, "cheeger_priority": 0.0, "cheeger_priority_class": "not_boundary", "cooling_sink": false, "cooling_access_score": 19.999999999999996, "cooling_sink_resistance_proxy": 80.0, "cooling_access_class": "very_low", "low_cooling_access": true, "street_intervention_signal": 80.0 }, "geometry": { "type": "Polygon", "coordinates": [ [ [ -71.130285959507347, 42.236909009009004 ], [ -71.130285959507347, 42.24591801801801 ], [ -71.142468767605877, 42.24591801801801 ], [ -71.142468767605877, 42.236909009009004 ], [ -71.130285959507347, 42.236909009009004 ] ] ] } },
{ "type": "Feature", "properties": { "cell_id": 78, "cheeger_side": "left", "cheeger_boundary": false, "cheeger_fiedler": -0.076736964265774282, "cheeger_rank": 23, "cheeger_priority": 0.0, "cheeger_priority_class": "not_boundary", "cooling_sink": false, "cooling_access_score": 19.999999999999996, "cooling_sink_resistance_proxy": 80.0, "cooling_access_class": "very_low", "low_cooling_access": true, "street_intervention_signal": 80.0 }, "geometry": { "type": "Polygon", "coordinates": [ [ [ -71.130285959507347, 42.24591801801801 ], [ -71.130285959507347, 42.254927027027016 ], [ -71.142468767605877, 42.254927027027016 ], [ -71.142468767605877, 42.24591801801801 ], [ -71.130285959507347, 42.24591801801801 ] ] ] } },
{ "type": "Feature", "properties": { "cell_id": 79, "cheeger_side": "left", "cheeger_boundary": false, "cheeger_fiedler": -0.070568913097663083, "cheeger_rank": 38, "cheeger_priority": 0.0, "cheeger_priority_class": "not_boundary", "cooling_sink": false, "cooling_access_score": 19.999999999999996, "cooling_sink_resistance_proxy": 80.0, "cooling_access_class": "very_low", "low_cooling_access": true, "street_intervention_signal": 80.0 }, "geometry": { "type": "Polygon", "coordinates": [ [ [ -71.130285959507347, 42.254927027027016 ], [ -71.130285959507347, 42.263936036036021 ], [ -71.142468767605877, 42.263936036036021 ], [ -71.142468767605877, 42.254927027027016 ], [ -71.130285959507347, 42.254927027027016 ] ] ] } },
{ "type": "Feature", "properties": { "cell_id": 80, "cheeger_side": "left", "cheeger_boundary": false, "cheeger_fiedler": -0.062314701366944204, "cheeger_rank": 70, "cheeger_priority": 0.0, "cheeger_priority_class": "not_boundary", "cooling_sink": false, "cooling_access_score": 19.999999999999996, "cooling_sink_resistance_proxy": 80.0, "cooling_access_class": "very_low", "low_cooling_access": true, "street_intervention_signal": 80.0 }, "geometry": { "type": "Polygon", "coordinates": [ [ [ -71.130285959507347, 42.263936036036021 ], [ -71.130285959507347, 42.272945045045027 ], [ -71.142468767605877, 42.272945045045027 ], [ -71.142468767605877, 42.263936036036021 ], [ -71.130285959507347, 42.263936036036021 ] ] ] } },
{ "type": "Feature", "properties": { "cell_id": 81, "cheeger_side": "left", "cheeger_boundary": false, "cheeger_fiedler": -0.052218132229809623, "cheeger_rank": 89, "cheeger_priority": 0.0, "cheeger_priority_class": "not_boundary", "cooling_sink": false, "cooling_access_score": 40.0, "cooling_sink_resistance_proxy": 60.0, "cooling_access_class": "moderate", "low_cooling_access": false, "street_intervention_signal": 60.0 }, "geometry": { "type": "Polygon", "coordinates": [ [ [ -71.130285959507347, 42.272945045045027 ], [ -71.130285959507347, 42.281954054054033 ], [ -71.142468767605877, 42.281954054054033 ], [ -71.142468767605877, 42.272945045045027 ], [ -71.130285959507347, 42.272945045045027 ] ] ] } },
{ "type": "Feature", "properties": { "cell_id": 82, "cheeger_side": "left", "cheeger_boundary": false, "cheeger_fiedler": -0.040577606691804186, "cheeger_rank": 110, "cheeger_priority": 0.0, "cheeger_priority_class": "not_boundary", "cooling_sink": false, "cooling_access_score": 40.0, "cooling_sink_resistance_proxy": 60.0, "cooling_access_class": "moderate", "low_cooling_access": false, "street_intervention_signal": 60.0 }, "geometry": { "type": "Polygon", "coordinates": [ [ [ -71.130285959507347, 42.281954054054033 ], [ -71.130285959507347, 42.290963063063039 ], [ -71.142468767605877, 42.290963063063039 ], [ -71.142468767605877, 42.281954054054033 ], [ -71.130285959507347, 42.281954054054033 ] ] ] } },
{ "type": "Feature", "properties": { "cell_id": 83, "cheeger_side": "left", "cheeger_boundary": false, "cheeger_fiedler": -0.0277372613512946, "cheeger_rank": 127, "cheeger_priority": 0.0, "cheeger_priority_class": "not_boundary", "cooling_sink": false, "cooling_access_score": 40.0, "cooling_sink_resistance_proxy": 60.0, "cooling_access_class": "moderate", "low_cooling_access": false, "street_intervention_signal": 60.0 }, "geometry": { "type": "Polygon", "coordinates": [ [ [ -71.130285959507347, 42.290963063063039 ], [ -71.130285959507347, 42.299972072072045 ], [ -71.142468767605877, 42.299972072072045 ], [ -71.142468767605877, 42.290963063063039 ], [ -71.130285959507347, 42.290963063063039 ] ] ] } },
{ "type": "Feature", "properties": { "cell_id": 84, "cheeger_side": "left", "cheeger_boundary": true, "cheeger_fiedler": -0.0140767507884849, "cheeger_rank": 144, "cheeger_priority": 57.308129164035726, "cheeger_priority_class": "high", "cooling_sink": false, "cooling_access_score": 40.0, "cooling_sink_resistance_proxy": 60.0, "cooling_access_class": "moderate", "low_cooling_access": false, "street_intervention_signal": 60.0 }, "geometry": { "type": "Polygon", "coordinates": [ [ [ -71.130285959507347, 42.299972072072045 ], [ -71.130285959507347, 42.30898108108105 ], [ -71.142468767605877, 42.30898108108105 ], [ -71.142468767605877, 42.299972072072045 ], [ -71.130285959507347, 42.299972072072045 ] ] ] } },
{ "type": "Feature", "properties": { "cell_id": 85, "cheeger_side": "right", "cheeger_boundary": true, "cheeger_fiedler": 2.3794772646233361e-15, "cheeger_rank": 165, "cheeger_priority": 53.611914391914773, "cheeger_priority_class": "high", "cooling_sink": false, "cooling_access_score": 60.0, "cooling_sink_resistance_proxy": 40.0, "cooling_access_class": "moderate", "low_cooling_access": false, "street_intervention_signal": 53.611914391914773 }, "geometry": { "type": "Polygon", "coordinates": [ [ [ -71.130285959507347, 42.30898108108105 ], [ -71.130285959507347, 42.317990090090056 ], [ -71.142468767605877, 42.317990090090056 ], [ -71.142468767605877, 42.30898108108105 ], [ -71.130285959507347, 42.30898108108105 ] ] ] } },
{ "type": "Feature", "properties": { "cell_id": 86, "cheeger_side": "right", "cheeger_boundary": false, "cheeger_fiedler": 0.01407675078848959, "cheeger_rank": 179, "cheeger_priority": 0.0, "cheeger_priority_class": "not_boundary", "cooling_sink": false, "cooling_access_score": 80.0, "cooling_sink_resistance_proxy": 20.0, "cooling_access_class": "good", "low_cooling_access": false, "street_intervention_signal": 20.0 }, "geometry": { "type": "Polygon", "coordinates": [ [ [ -71.130285959507347, 42.317990090090056 ], [ -71.130285959507347, 42.326999099099062 ], [ -71.142468767605877, 42.326999099099062 ], [ -71.142468767605877, 42.317990090090056 ], [ -71.130285959507347, 42.317990090090056 ] ] ] } },
{ "type": "Feature", "properties": { "cell_id": 87, "cheeger_side": "right", "cheeger_boundary": false, "cheeger_fiedler": 0.027737261351299228, "cheeger_rank": 196, "cheeger_priority": 0.0, "cheeger_priority_class": "not_boundary", "cooling_sink": false, "cooling_access_score": 80.0, "cooling_sink_resistance_proxy": 20.0, "cooling_access_class": "good", "low_cooling_access": false, "street_intervention_signal": 20.0 }, "geometry": { "type": "Polygon", "coordinates": [ [ [ -71.130285959507347, 42.326999099099062 ], [ -71.130285959507347, 42.336008108108068 ], [ -71.142468767605877, 42.336008108108068 ], [ -71.142468767605877, 42.326999099099062 ], [ -71.130285959507347, 42.326999099099062 ] ] ] } },
{ "type": "Feature", "properties": { "cell_id": 88, "cheeger_side": "right", "cheeger_boundary": false, "cheeger_fiedler": 0.040577606691808661, "cheeger_rank": 213, "cheeger_priority": 0.0, "cheeger_priority_class": "not_boundary", "cooling_sink": false, "cooling_access_score": 80.0, "cooling_sink_resistance_proxy": 20.0, "cooling_access_class": "good", "low_cooling_access": false, "street_intervention_signal": 20.0 }, "geometry": { "type": "Polygon", "coordinates": [ [ [ -71.130285959507347, 42.336008108108068 ], [ -71.130285959507347, 42.345017117117074 ], [ -71.142468767605877, 42.345017117117074 ], [ -71.142468767605877, 42.336008108108068 ], [ -71.130285959507347, 42.336008108108068 ] ] ] } },
{ "type": "Feature", "properties": { "cell_id": 89, "cheeger_side": "right", "cheeger_boundary": false, "cheeger_fiedler": 0.052218132229813898, "cheeger_rank": 234, "cheeger_priority": 0.0, "cheeger_priority_class": "not_boundary", "cooling_sink": false, "cooling_access_score": 60.0, "cooling_sink_resistance_proxy": 40.0, "cooling_access_class": "moderate", "low_cooling_access": false, "street_intervention_signal": 40.0 }, "geometry": { "type": "Polygon", "coordinates": [ [ [ -71.130285959507347, 42.345017117117074 ], [ -71.130285959507347, 42.35402612612608 ], [ -71.142468767605877, 42.35402612612608 ], [ -71.142468767605877, 42.345017117117074 ], [ -71.130285959507347, 42.345017117117074 ] ] ] } },
{ "type": "Feature", "properties": { "cell_id": 90, "cheeger_side": "right", "cheeger_boundary": false, "cheeger_fiedler": 0.062314701366948319, "cheeger_rank": 253, "cheeger_priority": 0.0, "cheeger_priority_class": "not_boundary", "cooling_sink": false, "cooling_access_score": 40.0, "cooling_sink_resistance_proxy": 60.0, "cooling_access_class": "moderate", "low_cooling_access": false, "street_intervention_signal": 60.0 }, "geometry": { "type": "Polygon", "coordinates": [ [ [ -71.130285959507347, 42.35402612612608 ], [ -71.130285959507347, 42.363035135135085 ], [ -71.142468767605877, 42.363035135135085 ], [ -71.142468767605877, 42.35402612612608 ], [ -71.130285959507347, 42.35402612612608 ] ] ] } },
{ "type": "Feature", "properties": { "cell_id": 91, "cheeger_side": "right", "cheeger_boundary": false, "cheeger_fiedler": 0.070568913097667024, "cheeger_rank": 285, "cheeger_priority": 0.0, "cheeger_priority_class": "not_boundary", "cooling_sink": false, "cooling_access_score": 19.999999999999996, "cooling_sink_resistance_proxy": 80.0, "cooling_access_class": "very_low", "low_cooling_access": true, "street_intervention_signal": 80.0 }, "geometry": { "type": "Polygon", "coordinates": [ [ [ -71.130285959507347, 42.363035135135085 ], [ -71.130285959507347, 42.372044144144091 ], [ -71.142468767605877, 42.372044144144091 ], [ -71.142468767605877, 42.363035135135085 ], [ -71.130285959507347, 42.363035135135085 ] ] ] } },
{ "type": "Feature", "properties": { "cell_id": 92, "cheeger_side": "right", "cheeger_boundary": false, "cheeger_fiedler": 0.076736964265778196, "cheeger_rank": 300, "cheeger_priority": 0.0, "cheeger_priority_class": "not_boundary", "cooling_sink": false, "cooling_access_score": 19.999999999999996, "cooling_sink_resistance_proxy": 80.0, "cooling_access_class": "very_low", "low_cooling_access": true, "street_intervention_signal": 80.0 }, "geometry": { "type": "Polygon", "coordinates": [ [ [ -71.130285959507347, 42.372044144144091 ], [ -71.130285959507347, 42.381053153153097 ], [ -71.142468767605877, 42.381053153153097 ], [ -71.142468767605877, 42.372044144144091 ], [ -71.130285959507347, 42.372044144144091 ] ] ] } },
{ "type": "Feature", "properties": { "cell_id": 93, "cheeger_side": "right", "cheeger_boundary": false, "cheeger_fiedler": 0.080636848307514566, "cheeger_rank": 315, "cheeger_priority": 0.0, "cheeger_priority_class": "not_boundary", "cooling_sink": false, "cooling_access_score": 19.999999999999996, "cooling_sink_resistance_proxy": 80.0, "cooling_access_class": "very_low", "low_cooling_access": true, "street_intervention_signal": 80.0 }, "geometry": { "type": "Polygon", "coordinates": [ [ [ -71.130285959507347, 42.381053153153097 ], [ -71.130285959507347, 42.390062162162103 ], [ -71.142468767605877, 42.390062162162103 ], [ -71.142468767605877, 42.381053153153097 ], [ -71.130285959507347, 42.381053153153097 ] ] ] } },
{ "type": "Feature", "properties": { "cell_id": 94, "cheeger_side": "right", "cheeger_boundary": false, "cheeger_fiedler": 0.064948138436941666, "cheeger_rank": 270, "cheeger_priority": 0.0, "cheeger_priority_class": "not_boundary", "cooling_sink": false, "cooling_access_score": 19.999999999999996, "cooling_sink_resistance_proxy": 80.0, "cooling_access_class": "very_low", "low_cooling_access": true, "street_intervention_signal": 80.0 }, "geometry": { "type": "Polygon", "coordinates": [ [ [ -71.130285959507347, 42.390062162162103 ], [ -71.130285959507347, 42.399071171171109 ], [ -71.142468767605877, 42.399071171171109 ], [ -71.142468767605877, 42.390062162162103 ], [ -71.130285959507347, 42.390062162162103 ] ] ] } },
{ "type": "Feature", "properties": { "cell_id": 95, "cheeger_side": "left", "cheeger_boundary": false, "cheeger_fiedler": -0.064986085159108489, "cheeger_rank": 51, "cheeger_priority": 0.0, "cheeger_priority_class": "not_boundary", "cooling_sink": false, "cooling_access_score": 0.0, "cooling_sink_resistance_proxy": 100.0, "cooling_access_class": "very_low", "low_cooling_access": true, "street_intervention_signal": 100.0 }, "geometry": { "type": "Polygon", "coordinates": [ [ [ -71.118103151408818, 42.2279 ], [ -71.118103151408818, 42.236909009009004 ], [ -71.130285959507347, 42.236909009009004 ], [ -71.130285959507347, 42.2279 ], [ -71.118103151408818, 42.2279 ] ] ] } },
{ "type": "Feature", "properties": { "cell_id": 96, "cheeger_side": "left", "cheeger_boundary": false, "cheeger_fiedler": -0.080683772652322974, "cheeger_rank": 6, "cheeger_priority": 0.0, "cheeger_priority_class": "not_boundary", "cooling_sink": false, "cooling_access_score": 0.0, "cooling_sink_resistance_proxy": 100.0, "cooling_access_class": "very_low", "low_cooling_access": true, "street_intervention_signal": 100.0 }, "geometry": { "type": "Polygon", "coordinates": [ [ [ -71.118103151408818, 42.236909009009004 ], [ -71.118103151408818, 42.24591801801801 ], [ -71.130285959507347, 42.24591801801801 ], [ -71.130285959507347, 42.236909009009004 ], [ -71.118103151408818, 42.236909009009004 ] ] ] } },
{ "type": "Feature", "properties": { "cell_id": 97, "cheeger_side": "left", "cheeger_boundary": false, "cheeger_fiedler": -0.07678123600567803, "cheeger_rank": 21, "cheeger_priority": 0.0, "cheeger_priority_class": "not_boundary", "cooling_sink": false, "cooling_access_score": 0.0, "cooling_sink_resistance_proxy": 100.0, "cooling_access_class": "very_low", "low_cooling_access": true, "street_intervention_signal": 100.0 }, "geometry": { "type": "Polygon", "coordinates": [ [ [ -71.118103151408818, 42.24591801801801 ], [ -71.118103151408818, 42.254927027027016 ], [ -71.130285959507347, 42.254927027027016 ], [ -71.130285959507347, 42.24591801801801 ], [ -71.118103151408818, 42.24591801801801 ] ] ] } },
{ "type": "Feature", "properties": { "cell_id": 98, "cheeger_side": "left", "cheeger_boundary": false, "cheeger_fiedler": -0.070609194944050283, "cheeger_rank": 36, "cheeger_priority": 0.0, "cheeger_priority_class": "not_boundary", "cooling_sink": false, "cooling_access_score": 0.0, "cooling_sink_resistance_proxy": 100.0, "cooling_access_class": "very_low", "low_cooling_access": true, "street_intervention_signal": 100.0 }, "geometry": { "type": "Polygon", "coordinates": [ [ [ -71.118103151408818, 42.254927027027016 ], [ -71.118103151408818, 42.263936036036021 ], [ -71.130285959507347, 42.263936036036021 ], [ -71.130285959507347, 42.254927027027016 ], [ -71.118103151408818, 42.254927027027016 ] ] ] } },
{ "type": "Feature", "properties": { "cell_id": 99, "cheeger_side": "left", "cheeger_boundary": false, "cheeger_fiedler": -0.062349909988087031, "cheeger_rank": 68, "cheeger_priority": 0.0, "cheeger_priority_class": "not_boundary", "cooling_sink": false, "cooling_access_score": 19.999999999999996, "cooling_sink_resistance_proxy": 80.0, "cooling_access_class": "very_low", "low_cooling_access": true, "street_intervention_signal": 80.0 }, "geometry": { "type": "Polygon", "coordinates": [ [ [ -71.118103151408818, 42.263936036036021 ], [ -71.118103151408818, 42.272945045045027 ], [ -71.130285959507347, 42.272945045045027 ], [ -71.130285959507347, 42.263936036036021 ], [ -71.118103151408818, 42.263936036036021 ] ] ] } },
{ "type": "Feature", "properties": { "cell_id": 100, "cheeger_side": "left", "cheeger_boundary": false, "cheeger_fiedler": -0.052247389423547237, "cheeger_rank": 87, "cheeger_priority": 0.0, "cheeger_priority_class": "not_boundary", "cooling_sink": false, "cooling_access_score": 40.0, "cooling_sink_resistance_proxy": 60.0, "cooling_access_class": "moderate", "low_cooling_access": false, "street_intervention_signal": 60.0 }, "geometry": { "type": "Polygon", "coordinates": [ [ [ -71.118103151408818, 42.272945045045027 ], [ -71.118103151408818, 42.281954054054033 ], [ -71.130285959507347, 42.281954054054033 ], [ -71.130285959507347, 42.272945045045027 ], [ -71.118103151408818, 42.272945045045027 ] ] ] } },
{ "type": "Feature", "properties": { "cell_id": 101, "cheeger_side": "left", "cheeger_boundary": false, "cheeger_fiedler": -0.040600201547104406, "cheeger_rank": 108, "cheeger_priority": 0.0, "cheeger_priority_class": "not_boundary", "cooling_sink": false, "cooling_access_score": 60.0, "cooling_sink_resistance_proxy": 40.0, "cooling_access_class": "moderate", "low_cooling_access": false, "street_intervention_signal": 40.0 }, "geometry": { "type": "Polygon", "coordinates": [ [ [ -71.118103151408818, 42.281954054054033 ], [ -71.118103151408818, 42.290963063063039 ], [ -71.130285959507347, 42.290963063063039 ], [ -71.130285959507347, 42.281954054054033 ], [ -71.118103151408818, 42.281954054054033 ] ] ] } },
{ "type": "Feature", "properties": { "cell_id": 102, "cheeger_side": "left", "cheeger_boundary": false, "cheeger_fiedler": -0.027752642175763263, "cheeger_rank": 125, "cheeger_priority": 0.0, "cheeger_priority_class": "not_boundary", "cooling_sink": false, "cooling_access_score": 60.0, "cooling_sink_resistance_proxy": 40.0, "cooling_access_class": "moderate", "low_cooling_access": false, "street_intervention_signal": 40.0 }, "geometry": { "type": "Polygon", "coordinates": [ [ [ -71.118103151408818, 42.290963063063039 ], [ -71.118103151408818, 42.299972072072045 ], [ -71.130285959507347, 42.299972072072045 ], [ -71.130285959507347, 42.290963063063039 ], [ -71.118103151408818, 42.290963063063039 ] ] ] } },
{ "type": "Feature", "properties": { "cell_id": 103, "cheeger_side": "left", "cheeger_boundary": true, "cheeger_fiedler": -0.014084538056554257, "cheeger_rank": 142, "cheeger_priority": 43.823527188303693, "cheeger_priority_class": "moderate", "cooling_sink": false, "cooling_access_score": 60.0, "cooling_sink_resistance_proxy": 40.0, "cooling_access_class": "moderate", "low_cooling_access": false, "street_intervention_signal": 43.823527188303693 }, "geometry": { "type": "Polygon", "coordinates": [ [ [ -71.118103151408818, 42.299972072072045 ], [ -71.118103151408818, 42.30898108108105 ], [ -71.130285959507347, 42.30898108108105 ], [ -71.130285959507347, 42.299972072072045 ], [ -71.118103151408818, 42.299972072072045 ] ] ] } },
{ "type": "Feature", "properties": { "cell_id": 104, "cheeger_side": "right", "cheeger_boundary": true, "cheeger_fiedler": 1.888631813503688e-15, "cheeger_rank": 164, "cheeger_priority": 37.252869757840656, "cheeger_priority_class": "moderate", "cooling_sink": false, "cooling_access_score": 60.0, "cooling_sink_resistance_proxy": 40.0, "cooling_access_class": "moderate", "low_cooling_access": false, "street_intervention_signal": 40.0 }, "geometry": { "type": "Polygon", "coordinates": [ [ [ -71.118103151408818, 42.30898108108105 ], [ -71.118103151408818, 42.317990090090056 ], [ -71.130285959507347, 42.317990090090056 ], [ -71.130285959507347, 42.30898108108105 ], [ -71.118103151408818, 42.30898108108105 ] ] ] } },
{ "type": "Feature", "properties": { "cell_id": 105, "cheeger_side": "right", "cheeger_boundary": false, "cheeger_fiedler": 0.014084538056557962, "cheeger_rank": 181, "cheeger_priority": 0.0, "cheeger_priority_class": "not_boundary", "cooling_sink": false, "cooling_access_score": 60.0, "cooling_sink_resistance_proxy": 40.0, "cooling_access_class": "moderate", "low_cooling_access": false, "street_intervention_signal": 40.0 }, "geometry": { "type": "Polygon", "coordinates": [ [ [ -71.118103151408818, 42.317990090090056 ], [ -71.118103151408818, 42.326999099099062 ], [ -71.130285959507347, 42.326999099099062 ], [ -71.130285959507347, 42.317990090090056 ], [ -71.118103151408818, 42.317990090090056 ] ] ] } },
{ "type": "Feature", "properties": { "cell_id": 106, "cheeger_side": "right", "cheeger_boundary": false, "cheeger_fiedler": 0.027752642175766888, "cheeger_rank": 198, "cheeger_priority": 0.0, "cheeger_priority_class": "not_boundary", "cooling_sink": false, "cooling_access_score": 60.0, "cooling_sink_resistance_proxy": 40.0, "cooling_access_class": "moderate", "low_cooling_access": false, "street_intervention_signal": 40.0 }, "geometry": { "type": "Polygon", "coordinates": [ [ [ -71.118103151408818, 42.326999099099062 ], [ -71.118103151408818, 42.336008108108068 ], [ -71.130285959507347, 42.336008108108068 ], [ -71.130285959507347, 42.326999099099062 ], [ -71.118103151408818, 42.326999099099062 ] ] ] } },
{ "type": "Feature", "properties": { "cell_id": 107, "cheeger_side": "right", "cheeger_boundary": false, "cheeger_fiedler": 0.040600201547107889, "cheeger_rank": 215, "cheeger_priority": 0.0, "cheeger_priority_class": "not_boundary", "cooling_sink": false, "cooling_access_score": 60.0, "cooling_sink_resistance_proxy": 40.0, "cooling_access_class": "moderate", "low_cooling_access": false, "street_intervention_signal": 40.0 }, "geometry": { "type": "Polygon", "coordinates": [ [ [ -71.118103151408818, 42.336008108108068 ], [ -71.118103151408818, 42.345017117117074 ], [ -71.130285959507347, 42.345017117117074 ], [ -71.130285959507347, 42.336008108108068 ], [ -71.118103151408818, 42.336008108108068 ] ] ] } },
{ "type": "Feature", "properties": { "cell_id": 108, "cheeger_side": "right", "cheeger_boundary": false, "cheeger_fiedler": 0.052247389423550519, "cheeger_rank": 236, "cheeger_priority": 0.0, "cheeger_priority_class": "not_boundary", "cooling_sink": false, "cooling_access_score": 60.0, "cooling_sink_resistance_proxy": 40.0, "cooling_access_class": "moderate", "low_cooling_access": false, "street_intervention_signal": 40.0 }, "geometry": { "type": "Polygon", "coordinates": [ [ [ -71.118103151408818, 42.345017117117074 ], [ -71.118103151408818, 42.35402612612608 ], [ -71.130285959507347, 42.35402612612608 ], [ -71.130285959507347, 42.345017117117074 ], [ -71.118103151408818, 42.345017117117074 ] ] ] } },
{ "type": "Feature", "properties": { "cell_id": 109, "cheeger_side": "right", "cheeger_boundary": false, "cheeger_fiedler": 0.062349909988089994, "cheeger_rank": 255, "cheeger_priority": 0.0, "cheeger_priority_class": "not_boundary", "cooling_sink": false, "cooling_access_score": 40.0, "cooling_sink_resistance_proxy": 60.0, "cooling_access_class": "moderate", "low_cooling_access": false, "street_intervention_signal": 60.0 }, "geometry": { "type": "Polygon", "coordinates": [ [ [ -71.118103151408818, 42.35402612612608 ], [ -71.118103151408818, 42.363035135135085 ], [ -71.130285959507347, 42.363035135135085 ], [ -71.130285959507347, 42.35402612612608 ], [ -71.118103151408818, 42.35402612612608 ] ] ] } },
{ "type": "Feature", "properties": { "cell_id": 110, "cheeger_side": "right", "cheeger_boundary": false, "cheeger_fiedler": 0.070609194944053225, "cheeger_rank": 287, "cheeger_priority": 0.0, "cheeger_priority_class": "not_boundary", "cooling_sink": false, "cooling_access_score": 19.999999999999996, "cooling_sink_resistance_proxy": 80.0, "cooling_access_class": "very_low", "low_cooling_access": true, "street_intervention_signal": 80.0 }, "geometry": { "type": "Polygon", "coordinates": [ [ [ -71.118103151408818, 42.363035135135085 ], [ -71.118103151408818, 42.372044144144091 ], [ -71.130285959507347, 42.372044144144091 ], [ -71.130285959507347, 42.363035135135085 ], [ -71.118103151408818, 42.363035135135085 ] ] ] } },
{ "type": "Feature", "properties": { "cell_id": 111, "cheeger_side": "right", "cheeger_boundary": false, "cheeger_fiedler": 0.076781236005680875, "cheeger_rank": 302, "cheeger_priority": 0.0, "cheeger_priority_class": "not_boundary", "cooling_sink": false, "cooling_access_score": 0.0, "cooling_sink_resistance_proxy": 100.0, "cooling_access_class": "very_low", "low_cooling_access": true, "street_intervention_signal": 100.0 }, "geometry": { "type": "Polygon", "coordinates": [ [ [ -71.118103151408818, 42.372044144144091 ], [ -71.118103151408818, 42.381053153153097 ], [ -71.130285959507347, 42.381053153153097 ], [ -71.130285959507347, 42.372044144144091 ], [ -71.118103151408818, 42.372044144144091 ] ] ] } },
{ "type": "Feature", "properties": { "cell_id": 112, "cheeger_side": "right", "cheeger_boundary": false, "cheeger_fiedler": 0.080683772652325583, "cheeger_rank": 317, "cheeger_priority": 0.0, "cheeger_priority_class": "not_boundary", "cooling_sink": false, "cooling_access_score": 0.0, "cooling_sink_resistance_proxy": 100.0, "cooling_access_class": "very_low", "low_cooling_access": true, "street_intervention_signal": 100.0 }, "geometry": { "type": "Polygon", "coordinates": [ [ [ -71.118103151408818, 42.381053153153097 ], [ -71.118103151408818, 42.390062162162103 ], [ -71.130285959507347, 42.390062162162103 ], [ -71.130285959507347, 42.381053153153097 ], [ -71.118103151408818, 42.381053153153097 ] ] ] } },
{ "type": "Feature", "properties": { "cell_id": 113, "cheeger_side": "right", "cheeger_boundary": false, "cheeger_fiedler": 0.064986085159110529, "cheeger_rank": 272, "cheeger_priority": 0.0, "cheeger_priority_class": "not_boundary", "cooling_sink": false, "cooling_access_score": 0.0, "cooling_sink_resistance_proxy": 100.0, "cooling_access_class": "very_low", "low_cooling_access": true, "street_intervention_signal": 100.0 }, "geometry": { "type": "Polygon", "coordinates": [ [ [ -71.118103151408818, 42.390062162162103 ], [ -71.118103151408818, 42.399071171171109 ], [ -71.130285959507347, 42.399071171171109 ], [ -71.130285959507347, 42.390062162162103 ], [ -71.118103151408818, 42.390062162162103 ] ] ] } },
{ "type": "Feature", "properties": { "cell_id": 114, "cheeger_side": "left", "cheeger_boundary": false, "cheeger_fiedler": -0.065013073587185041, "cheeger_rank": 49, "cheeger_priority": 0.0, "cheeger_priority_class": "not_boundary", "cooling_sink": false, "cooling_access_score": 0.0, "cooling_sink_resistance_proxy": 100.0, "cooling_access_class": "very_low", "low_cooling_access": true, "street_intervention_signal": 100.0 }, "geometry": { "type": "Polygon", "coordinates": [ [ [ -71.105920343310288, 42.2279 ], [ -71.105920343310288, 42.236909009009004 ], [ -71.118103151408818, 42.236909009009004 ], [ -71.118103151408818, 42.2279 ], [ -71.105920343310288, 42.2279 ] ] ] } },
{ "type": "Feature", "properties": { "cell_id": 115, "cheeger_side": "left", "cheeger_boundary": false, "cheeger_fiedler": -0.080717187124286022, "cheeger_rank": 4, "cheeger_priority": 0.0, "cheeger_priority_class": "not_boundary", "cooling_sink": false, "cooling_access_score": 0.0, "cooling_sink_resistance_proxy": 100.0, "cooling_access_class": "very_low", "low_cooling_access": true, "street_intervention_signal": 100.0 }, "geometry": { "type": "Polygon", "coordinates": [ [ [ -71.105920343310288, 42.236909009009004 ], [ -71.105920343310288, 42.24591801801801 ], [ -71.118103151408818, 42.24591801801801 ], [ -71.118103151408818, 42.236909009009004 ], [ -71.105920343310288, 42.236909009009004 ] ] ] } },
{ "type": "Feature", "properties": { "cell_id": 116, "cheeger_side": "left", "cheeger_boundary": false, "cheeger_fiedler": -0.076812837962773883, "cheeger_rank": 19, "cheeger_priority": 0.0, "cheeger_priority_class": "not_boundary", "cooling_sink": false, "cooling_access_score": 0.0, "cooling_sink_resistance_proxy": 100.0, "cooling_access_class": "very_low", "low_cooling_access": true, "street_intervention_signal": 100.0 }, "geometry": { "type": "Polygon", "coordinates": [ [ [ -71.105920343310288, 42.24591801801801 ], [ -71.105920343310288, 42.254927027027016 ], [ -71.118103151408818, 42.254927027027016 ], [ -71.118103151408818, 42.24591801801801 ], [ -71.105920343310288, 42.24591801801801 ] ] ] } },
{ "type": "Feature", "properties": { "cell_id": 117, "cheeger_side": "left", "cheeger_boundary": false, "cheeger_fiedler": -0.070638022316385427, "cheeger_rank": 34, "cheeger_priority": 0.0, "cheeger_priority_class": "not_boundary", "cooling_sink": false, "cooling_access_score": 0.0, "cooling_sink_resistance_proxy": 100.0, "cooling_access_class": "very_low", "low_cooling_access": true, "street_intervention_signal": 100.0 }, "geometry": { "type": "Polygon", "coordinates": [ [ [ -71.105920343310288, 42.254927027027016 ], [ -71.105920343310288, 42.263936036036021 ], [ -71.118103151408818, 42.263936036036021 ], [ -71.118103151408818, 42.254927027027016 ], [ -71.105920343310288, 42.254927027027016 ] ] ] } },
{ "type": "Feature", "properties": { "cell_id": 118, "cheeger_side": "left", "cheeger_boundary": false, "cheeger_fiedler": -0.06237515307316762, "cheeger_rank": 66, "cheeger_priority": 0.0, "cheeger_priority_class": "not_boundary", "cooling_sink": false, "cooling_access_score": 19.999999999999996, "cooling_sink_resistance_proxy": 80.0, "cooling_access_class": "very_low", "low_cooling_access": true, "street_intervention_signal": 80.0 }, "geometry": { "type": "Polygon", "coordinates": [ [ [ -71.105920343310288, 42.263936036036021 ], [ -71.105920343310288, 42.272945045045027 ], [ -71.118103151408818, 42.272945045045027 ], [ -71.118103151408818, 42.263936036036021 ], [ -71.105920343310288, 42.263936036036021 ] ] ] } },
{ "type": "Feature", "properties": { "cell_id": 119, "cheeger_side": "left", "cheeger_boundary": false, "cheeger_fiedler": -0.052268385576856584, "cheeger_rank": 85, "cheeger_priority": 0.0, "cheeger_priority_class": "not_boundary", "cooling_sink": false, "cooling_access_score": 40.0, "cooling_sink_resistance_proxy": 60.0, "cooling_access_class": "moderate", "low_cooling_access": false, "street_intervention_signal": 60.0 }, "geometry": { "type": "Polygon", "coordinates": [ [ [ -71.105920343310288, 42.272945045045027 ], [ -71.105920343310288, 42.281954054054033 ], [ -71.118103151408818, 42.281954054054033 ], [ -71.118103151408818, 42.272945045045027 ], [ -71.105920343310288, 42.272945045045027 ] ] ] } },
{ "type": "Feature", "properties": { "cell_id": 120, "cheeger_side": "left", "cheeger_boundary": false, "cheeger_fiedler": -0.040616421503892726, "cheeger_rank": 106, "cheeger_priority": 0.0, "cheeger_priority_class": "not_boundary", "cooling_sink": false, "cooling_access_score": 60.0, "cooling_sink_resistance_proxy": 40.0, "cooling_access_class": "moderate", "low_cooling_access": false, "street_intervention_signal": 40.0 }, "geometry": { "type": "Polygon", "coordinates": [ [ [ -71.105920343310288, 42.281954054054033 ], [ -71.105920343310288, 42.290963063063039 ], [ -71.118103151408818, 42.290963063063039 ], [ -71.118103151408818, 42.281954054054033 ], [ -71.105920343310288, 42.281954054054033 ] ] ] } },
{ "type": "Feature", "properties": { "cell_id": 121, "cheeger_side": "left", "cheeger_boundary": false, "cheeger_fiedler": -0.027763683702835096, "cheeger_rank": 123, "cheeger_priority": 0.0, "cheeger_priority_class": "not_boundary", "cooling_sink": false, "cooling_access_score": 80.0, "cooling_sink_resistance_proxy": 20.0, "cooling_access_class": "good", "low_cooling_access": false, "street_intervention_signal": 20.0 }, "geometry": { "type": "Polygon", "coordinates": [ [ [ -71.105920343310288, 42.290963063063039 ], [ -71.105920343310288, 42.299972072072045 ], [ -71.118103151408818, 42.299972072072045 ], [ -71.118103151408818, 42.290963063063039 ], [ -71.105920343310288, 42.290963063063039 ] ] ] } },
{ "type": "Feature", "properties": { "cell_id": 122, "cheeger_side": "left", "cheeger_boundary": true, "cheeger_fiedler": -0.014090128051465093, "cheeger_rank": 140, "cheeger_priority": 30.934129603127602, "cheeger_priority_class": "moderate", "cooling_sink": false, "cooling_access_score": 80.0, "cooling_sink_resistance_proxy": 20.0, "cooling_access_class": "good", "low_cooling_access": false, "street_intervention_signal": 30.934129603127602 }, "geometry": { "type": "Polygon", "coordinates": [ [ [ -71.105920343310288, 42.299972072072045 ], [ -71.105920343310288, 42.30898108108105 ], [ -71.118103151408818, 42.30898108108105 ], [ -71.118103151408818, 42.299972072072045 ], [ -71.105920343310288, 42.299972072072045 ] ] ] } },
{ "type": "Feature", "properties": { "cell_id": 123, "cheeger_side": "right", "cheeger_boundary": true, "cheeger_fiedler": 1.3245464670909924e-15, "cheeger_rank": 163, "cheeger_priority": 59.140361849936617, "cheeger_priority_class": "high", "cooling_sink": false, "cooling_access_score": 80.0, "cooling_sink_resistance_proxy": 20.0, "cooling_access_class": "good", "low_cooling_access": false, "street_intervention_signal": 59.140361849936617 }, "geometry": { "type": "Polygon", "coordinates": [ [ [ -71.105920343310288, 42.30898108108105 ], [ -71.105920343310288, 42.317990090090056 ], [ -71.118103151408818, 42.317990090090056 ], [ -71.118103151408818, 42.30898108108105 ], [ -71.105920343310288, 42.30898108108105 ] ] ] } },
{ "type": "Feature", "properties": { "cell_id": 124, "cheeger_side": "right", "cheeger_boundary": false, "cheeger_fiedler": 0.014090128051467695, "cheeger_rank": 183, "cheeger_priority": 0.0, "cheeger_priority_class": "not_boundary", "cooling_sink": false, "cooling_access_score": 60.0, "cooling_sink_resistance_proxy": 40.0, "cooling_access_class": "moderate", "low_cooling_access": false, "street_intervention_signal": 40.0 }, "geometry": { "type": "Polygon", "coordinates": [ [ [ -71.105920343310288, 42.317990090090056 ], [ -71.105920343310288, 42.326999099099062 ], [ -71.118103151408818, 42.326999099099062 ], [ -71.118103151408818, 42.317990090090056 ], [ -71.105920343310288, 42.317990090090056 ] ] ] } },
{ "type": "Feature", "properties": { "cell_id": 125, "cheeger_side": "right", "cheeger_boundary": false, "cheeger_fiedler": 0.027763683702837594, "cheeger_rank": 200, "cheeger_priority": 0.0, "cheeger_priority_class": "not_boundary", "cooling_sink": false, "cooling_access_score": 40.0, "cooling_sink_resistance_proxy": 60.0, "cooling_access_class": "moderate", "low_cooling_access": false, "street_intervention_signal": 60.0 }, "geometry": { "type": "Polygon", "coordinates": [ [ [ -71.105920343310288, 42.326999099099062 ], [ -71.105920343310288, 42.336008108108068 ], [ -71.118103151408818, 42.336008108108068 ], [ -71.118103151408818, 42.326999099099062 ], [ -71.105920343310288, 42.326999099099062 ] ] ] } },
{ "type": "Feature", "properties": { "cell_id": 126, "cheeger_side": "right", "cheeger_boundary": false, "cheeger_fiedler": 0.040616421503895134, "cheeger_rank": 217, "cheeger_priority": 0.0, "cheeger_priority_class": "not_boundary", "cooling_sink": false, "cooling_access_score": 40.0, "cooling_sink_resistance_proxy": 60.0, "cooling_access_class": "moderate", "low_cooling_access": false, "street_intervention_signal": 60.0 }, "geometry": { "type": "Polygon", "coordinates": [ [ [ -71.105920343310288, 42.336008108108068 ], [ -71.105920343310288, 42.345017117117074 ], [ -71.118103151408818, 42.345017117117074 ], [ -71.118103151408818, 42.336008108108068 ], [ -71.105920343310288, 42.336008108108068 ] ] ] } },
{ "type": "Feature", "properties": { "cell_id": 127, "cheeger_side": "right", "cheeger_boundary": false, "cheeger_fiedler": 0.052268385576858735, "cheeger_rank": 238, "cheeger_priority": 0.0, "cheeger_priority_class": "not_boundary", "cooling_sink": false, "cooling_access_score": 40.0, "cooling_sink_resistance_proxy": 60.0, "cooling_access_class": "moderate", "low_cooling_access": false, "street_intervention_signal": 60.0 }, "geometry": { "type": "Polygon", "coordinates": [ [ [ -71.105920343310288, 42.345017117117074 ], [ -71.105920343310288, 42.35402612612608 ], [ -71.118103151408818, 42.35402612612608 ], [ -71.118103151408818, 42.345017117117074 ], [ -71.105920343310288, 42.345017117117074 ] ] ] } },
{ "type": "Feature", "properties": { "cell_id": 128, "cheeger_side": "right", "cheeger_boundary": false, "cheeger_fiedler": 0.062375153073169612, "cheeger_rank": 257, "cheeger_priority": 0.0, "cheeger_priority_class": "not_boundary", "cooling_sink": false, "cooling_access_score": 40.0, "cooling_sink_resistance_proxy": 60.0, "cooling_access_class": "moderate", "low_cooling_access": false, "street_intervention_signal": 60.0 }, "geometry": { "type": "Polygon", "coordinates": [ [ [ -71.105920343310288, 42.35402612612608 ], [ -71.105920343310288, 42.363035135135085 ], [ -71.118103151408818, 42.363035135135085 ], [ -71.118103151408818, 42.35402612612608 ], [ -71.105920343310288, 42.35402612612608 ] ] ] } },
{ "type": "Feature", "properties": { "cell_id": 129, "cheeger_side": "right", "cheeger_boundary": false, "cheeger_fiedler": 0.070638022316387258, "cheeger_rank": 289, "cheeger_priority": 0.0, "cheeger_priority_class": "not_boundary", "cooling_sink": false, "cooling_access_score": 19.999999999999996, "cooling_sink_resistance_proxy": 80.0, "cooling_access_class": "very_low", "low_cooling_access": true, "street_intervention_signal": 80.0 }, "geometry": { "type": "Polygon", "coordinates": [ [ [ -71.105920343310288, 42.363035135135085 ], [ -71.105920343310288, 42.372044144144091 ], [ -71.118103151408818, 42.372044144144091 ], [ -71.118103151408818, 42.363035135135085 ], [ -71.105920343310288, 42.363035135135085 ] ] ] } },
{ "type": "Feature", "properties": { "cell_id": 130, "cheeger_side": "right", "cheeger_boundary": false, "cheeger_fiedler": 0.076812837962775438, "cheeger_rank": 304, "cheeger_priority": 0.0, "cheeger_priority_class": "not_boundary", "cooling_sink": false, "cooling_access_score": 19.999999999999996, "cooling_sink_resistance_proxy": 80.0, "cooling_access_class": "very_low", "low_cooling_access": true, "street_intervention_signal": 80.0 }, "geometry": { "type": "Polygon", "coordinates": [ [ [ -71.105920343310288, 42.372044144144091 ], [ -71.105920343310288, 42.381053153153097 ], [ -71.118103151408818, 42.381053153153097 ], [ -71.118103151408818, 42.372044144144091 ], [ -71.105920343310288, 42.372044144144091 ] ] ] } },
{ "type": "Feature", "properties": { "cell_id": 131, "cheeger_side": "right", "cheeger_boundary": false, "cheeger_fiedler": 0.080717187124287479, "cheeger_rank": 319, "cheeger_priority": 0.0, "cheeger_priority_class": "not_boundary", "cooling_sink": false, "cooling_access_score": 19.999999999999996, "cooling_sink_resistance_proxy": 80.0, "cooling_access_class": "very_low", "low_cooling_access": true, "street_intervention_signal": 80.0 }, "geometry": { "type": "Polygon", "coordinates": [ [ [ -71.105920343310288, 42.381053153153097 ], [ -71.105920343310288, 42.390062162162103 ], [ -71.118103151408818, 42.390062162162103 ], [ -71.118103151408818, 42.381053153153097 ], [ -71.105920343310288, 42.381053153153097 ] ] ] } },
{ "type": "Feature", "properties": { "cell_id": 132, "cheeger_side": "right", "cheeger_boundary": false, "cheeger_fiedler": 0.065013073587186165, "cheeger_rank": 274, "cheeger_priority": 0.0, "cheeger_priority_class": "not_boundary", "cooling_sink": false, "cooling_access_score": 19.999999999999996, "cooling_sink_resistance_proxy": 80.0, "cooling_access_class": "very_low", "low_cooling_access": true, "street_intervention_signal": 80.0 }, "geometry": { "type": "Polygon", "coordinates": [ [ [ -71.105920343310288, 42.390062162162103 ], [ -71.105920343310288, 42.399071171171109 ], [ -71.118103151408818, 42.399071171171109 ], [ -71.118103151408818, 42.390062162162103 ], [ -71.105920343310288, 42.390062162162103 ] ] ] } },
{ "type": "Feature", "properties": { "cell_id": 133, "cheeger_side": "left", "cheeger_boundary": false, "cheeger_fiedler": -0.06502922907122459, "cheeger_rank": 47, "cheeger_priority": 0.0, "cheeger_priority_class": "not_boundary", "cooling_sink": false, "cooling_access_score": 0.0, "cooling_sink_resistance_proxy": 100.0, "cooling_access_class": "very_low", "low_cooling_access": true, "street_intervention_signal": 100.0 }, "geometry": { "type": "Polygon", "coordinates": [ [ [ -71.093737535211758, 42.2279 ], [ -71.093737535211758, 42.236909009009004 ], [ -71.105920343310288, 42.236909009009004 ], [ -71.105920343310288, 42.2279 ], [ -71.093737535211758, 42.2279 ] ] ] } },
{ "type": "Feature", "properties": { "cell_id": 134, "cheeger_side": "left", "cheeger_boundary": false, "cheeger_fiedler": -0.080737201204412606, "cheeger_rank": 2, "cheeger_priority": 0.0, "cheeger_priority_class": "not_boundary", "cooling_sink": false, "cooling_access_score": 0.0, "cooling_sink_resistance_proxy": 100.0, "cooling_access_class": "very_low", "low_cooling_access": true, "street_intervention_signal": 100.0 }, "geometry": { "type": "Polygon", "coordinates": [ [ [ -71.093737535211758, 42.236909009009004 ], [ -71.093737535211758, 42.24591801801801 ], [ -71.105920343310288, 42.24591801801801 ], [ -71.105920343310288, 42.236909009009004 ], [ -71.093737535211758, 42.236909009009004 ] ] ] } },
{ "type": "Feature", "properties": { "cell_id": 135, "cheeger_side": "left", "cheeger_boundary": false, "cheeger_fiedler": -0.076831789797074029, "cheeger_rank": 17, "cheeger_priority": 0.0, "cheeger_priority_class": "not_boundary", "cooling_sink": false, "cooling_access_score": 19.999999999999996, "cooling_sink_resistance_proxy": 80.0, "cooling_access_class": "very_low", "low_cooling_access": true, "street_intervention_signal": 80.0 }, "geometry": { "type": "Polygon", "coordinates": [ [ [ -71.093737535211758, 42.24591801801801 ], [ -71.093737535211758, 42.254927027027016 ], [ -71.105920343310288, 42.254927027027016 ], [ -71.105920343310288, 42.24591801801801 ], [ -71.093737535211758, 42.24591801801801 ] ] ] } },
{ "type": "Feature", "properties": { "cell_id": 136, "cheeger_side": "left", "cheeger_boundary": false, "cheeger_fiedler": -0.07065533451602915, "cheeger_rank": 32, "cheeger_priority": 0.0, "cheeger_priority_class": "not_boundary", "cooling_sink": false, "cooling_access_score": 19.999999999999996, "cooling_sink_resistance_proxy": 80.0, "cooling_access_class": "very_low", "low_cooling_access": true, "street_intervention_signal": 80.0 }, "geometry": { "type": "Polygon", "coordinates": [ [ [ -71.093737535211758, 42.254927027027016 ], [ -71.093737535211758, 42.263936036036021 ], [ -71.105920343310288, 42.263936036036021 ], [ -71.105920343310288, 42.254927027027016 ], [ -71.093737535211758, 42.254927027027016 ] ] ] } },
{ "type": "Feature", "properties": { "cell_id": 137, "cheeger_side": "left", "cheeger_boundary": false, "cheeger_fiedler": -0.06239033039498823, "cheeger_rank": 64, "cheeger_priority": 0.0, "cheeger_priority_class": "not_boundary", "cooling_sink": false, "cooling_access_score": 19.999999999999996, "cooling_sink_resistance_proxy": 80.0, "cooling_access_class": "very_low", "low_cooling_access": true, "street_intervention_signal": 80.0 }, "geometry": { "type": "Polygon", "coordinates": [ [ [ -71.093737535211758, 42.263936036036021 ], [ -71.093737535211758, 42.272945045045027 ], [ -71.105920343310288, 42.272945045045027 ], [ -71.105920343310288, 42.263936036036021 ], [ -71.093737535211758, 42.263936036036021 ] ] ] } },
{ "type": "Feature", "properties": { "cell_id": 138, "cheeger_side": "left", "cheeger_boundary": false, "cheeger_fiedler": -0.052281018766386869, "cheeger_rank": 83, "cheeger_priority": 0.0, "cheeger_priority_class": "not_boundary", "cooling_sink": false, "cooling_access_score": 40.0, "cooling_sink_resistance_proxy": 60.0, "cooling_access_class": "moderate", "low_cooling_access": false, "street_intervention_signal": 60.0 }, "geometry": { "type": "Polygon", "coordinates": [ [ [ -71.093737535211758, 42.272945045045027 ], [ -71.093737535211758, 42.281954054054033 ], [ -71.105920343310288, 42.281954054054033 ], [ -71.105920343310288, 42.272945045045027 ], [ -71.093737535211758, 42.272945045045027 ] ] ] } },
{ "type": "Feature", "properties": { "cell_id": 139, "cheeger_side": "left", "cheeger_boundary": false, "cheeger_fiedler": -0.040626184399048602, "cheeger_rank": 104, "cheeger_priority": 0.0, "cheeger_priority_class": "not_boundary", "cooling_sink": false, "cooling_access_score": 60.0, "cooling_sink_resistance_proxy": 40.0, "cooling_access_class": "moderate", "low_cooling_access": false, "street_intervention_signal": 40.0 }, "geometry": { "type": "Polygon", "coordinates": [ [ [ -71.093737535211758, 42.281954054054033 ], [ -71.093737535211758, 42.290963063063039 ], [ -71.105920343310288, 42.290963063063039 ], [ -71.105920343310288, 42.281954054054033 ], [ -71.093737535211758, 42.281954054054033 ] ] ] } },
{ "type": "Feature", "properties": { "cell_id": 140, "cheeger_side": "left", "cheeger_boundary": false, "cheeger_fiedler": -0.027770330477007023, "cheeger_rank": 121, "cheeger_priority": 0.0, "cheeger_priority_class": "not_boundary", "cooling_sink": false, "cooling_access_score": 80.0, "cooling_sink_resistance_proxy": 20.0, "cooling_access_class": "good", "low_cooling_access": false, "street_intervention_signal": 20.0 }, "geometry": { "type": "Polygon", "coordinates": [ [ [ -71.093737535211758, 42.290963063063039 ], [ -71.093737535211758, 42.299972072072045 ], [ -71.105920343310288, 42.299972072072045 ], [ -71.105920343310288, 42.290963063063039 ], [ -71.093737535211758, 42.290963063063039 ] ] ] } },
{ "type": "Feature", "properties": { "cell_id": 141, "cheeger_side": "left", "cheeger_boundary": true, "cheeger_fiedler": -0.014093493188823969, "cheeger_rank": 138, "cheeger_priority": 0.0, "cheeger_priority_class": "not_boundary", "cooling_sink": true, "cooling_access_score": 100.0, "cooling_sink_resistance_proxy": 0.0, "cooling_access_class": "good", "low_cooling_access": false, "street_intervention_signal": 0.0 }, "geometry": { "type": "Polygon", "coordinates": [ [ [ -71.093737535211758, 42.299972072072045 ], [ -71.093737535211758, 42.30898108108105 ], [ -71.105920343310288, 42.30898108108105 ], [ -71.105920343310288, 42.299972072072045 ], [ -71.093737535211758, 42.299972072072045 ] ] ] } },
{ "type": "Feature", "properties": { "cell_id": 142, "cheeger_side": "right", "cheeger_boundary": true, "cheeger_fiedler": 7.0010606302099527e-16, "cheeger_rank": 162, "cheeger_priority": 36.214599208171826, "cheeger_priority_class": "moderate", "cooling_sink": false, "cooling_access_score": 80.0, "cooling_sink_resistance_proxy": 20.0, "cooling_access_class": "good", "low_cooling_access": false, "street_intervention_signal": 36.214599208171826 }, "geometry": { "type": "Polygon", "coordinates": [ [ [ -71.093737535211758, 42.30898108108105 ], [ -71.093737535211758, 42.317990090090056 ], [ -71.105920343310288, 42.317990090090056 ], [ -71.105920343310288, 42.30898108108105 ], [ -71.093737535211758, 42.30898108108105 ] ] ] } },
{ "type": "Feature", "properties": { "cell_id": 143, "cheeger_side": "right", "cheeger_boundary": true, "cheeger_fiedler": 0.014093493188825378, "cheeger_rank": 185, "cheeger_priority": 79.0, "cheeger_priority_class": "critical", "cooling_sink": false, "cooling_access_score": 60.0, "cooling_sink_resistance_proxy": 40.0, "cooling_access_class": "moderate", "low_cooling_access": false, "street_intervention_signal": 79.0 }, "geometry": { "type": "Polygon", "coordinates": [ [ [ -71.093737535211758, 42.317990090090056 ], [ -71.093737535211758, 42.326999099099062 ], [ -71.105920343310288, 42.326999099099062 ], [ -71.105920343310288, 42.317990090090056 ], [ -71.093737535211758, 42.317990090090056 ] ] ] } },
{ "type": "Feature", "properties": { "cell_id": 144, "cheeger_side": "right", "cheeger_boundary": false, "cheeger_fiedler": 0.027770330477008304, "cheeger_rank": 202, "cheeger_priority": 0.0, "cheeger_priority_class": "not_boundary", "cooling_sink": false, "cooling_access_score": 40.0, "cooling_sink_resistance_proxy": 60.0, "cooling_access_class": "moderate", "low_cooling_access": false, "street_intervention_signal": 60.0 }, "geometry": { "type": "Polygon", "coordinates": [ [ [ -71.093737535211758, 42.326999099099062 ], [ -71.093737535211758, 42.336008108108068 ], [ -71.105920343310288, 42.336008108108068 ], [ -71.105920343310288, 42.326999099099062 ], [ -71.093737535211758, 42.326999099099062 ] ] ] } },
{ "type": "Feature", "properties": { "cell_id": 145, "cheeger_side": "right", "cheeger_boundary": false, "cheeger_fiedler": 0.04062618439904981, "cheeger_rank": 219, "cheeger_priority": 0.0, "cheeger_priority_class": "not_boundary", "cooling_sink": false, "cooling_access_score": 40.0, "cooling_sink_resistance_proxy": 60.0, "cooling_access_class": "moderate", "low_cooling_access": false, "street_intervention_signal": 60.0 }, "geometry": { "type": "Polygon", "coordinates": [ [ [ -71.093737535211758, 42.336008108108068 ], [ -71.093737535211758, 42.345017117117074 ], [ -71.105920343310288, 42.345017117117074 ], [ -71.105920343310288, 42.336008108108068 ], [ -71.093737535211758, 42.336008108108068 ] ] ] } },
{ "type": "Feature", "properties": { "cell_id": 146, "cheeger_side": "right", "cheeger_boundary": false, "cheeger_fiedler": 0.052281018766387952, "cheeger_rank": 240, "cheeger_priority": 0.0, "cheeger_priority_class": "not_boundary", "cooling_sink": false, "cooling_access_score": 40.0, "cooling_sink_resistance_proxy": 60.0, "cooling_access_class": "moderate", "low_cooling_access": false, "street_intervention_signal": 60.0 }, "geometry": { "type": "Polygon", "coordinates": [ [ [ -71.093737535211758, 42.345017117117074 ], [ -71.093737535211758, 42.35402612612608 ], [ -71.105920343310288, 42.35402612612608 ], [ -71.105920343310288, 42.345017117117074 ], [ -71.093737535211758, 42.345017117117074 ] ] ] } },
{ "type": "Feature", "properties": { "cell_id": 147, "cheeger_side": "right", "cheeger_boundary": false, "cheeger_fiedler": 0.062390330394989077, "cheeger_rank": 259, "cheeger_priority": 0.0, "cheeger_priority_class": "not_boundary", "cooling_sink": false, "cooling_access_score": 40.0, "cooling_sink_resistance_proxy": 60.0, "cooling_access_class": "moderate", "low_cooling_access": false, "street_intervention_signal": 60.0 }, "geometry": { "type": "Polygon", "coordinates": [ [ [ -71.093737535211758, 42.35402612612608 ], [ -71.093737535211758, 42.363035135135085 ], [ -71.105920343310288, 42.363035135135085 ], [ -71.105920343310288, 42.35402612612608 ], [ -71.093737535211758, 42.35402612612608 ] ] ] } },
{ "type": "Feature", "properties": { "cell_id": 148, "cheeger_side": "right", "cheeger_boundary": false, "cheeger_fiedler": 0.070655334516029802, "cheeger_rank": 291, "cheeger_priority": 0.0, "cheeger_priority_class": "not_boundary", "cooling_sink": false, "cooling_access_score": 40.0, "cooling_sink_resistance_proxy": 60.0, "cooling_access_class": "moderate", "low_cooling_access": false, "street_intervention_signal": 60.0 }, "geometry": { "type": "Polygon", "coordinates": [ [ [ -71.093737535211758, 42.363035135135085 ], [ -71.093737535211758, 42.372044144144091 ], [ -71.105920343310288, 42.372044144144091 ], [ -71.105920343310288, 42.363035135135085 ], [ -71.093737535211758, 42.363035135135085 ] ] ] } },
{ "type": "Feature", "properties": { "cell_id": 149, "cheeger_side": "right", "cheeger_boundary": false, "cheeger_fiedler": 0.076831789797074487, "cheeger_rank": 306, "cheeger_priority": 0.0, "cheeger_priority_class": "not_boundary", "cooling_sink": false, "cooling_access_score": 40.0, "cooling_sink_resistance_proxy": 60.0, "cooling_access_class": "moderate", "low_cooling_access": false, "street_intervention_signal": 60.0 }, "geometry": { "type": "Polygon", "coordinates": [ [ [ -71.093737535211758, 42.372044144144091 ], [ -71.093737535211758, 42.381053153153097 ], [ -71.105920343310288, 42.381053153153097 ], [ -71.105920343310288, 42.372044144144091 ], [ -71.093737535211758, 42.372044144144091 ] ] ] } },
{ "type": "Feature", "properties": { "cell_id": 150, "cheeger_side": "right", "cheeger_boundary": false, "cheeger_fiedler": 0.080737201204412912, "cheeger_rank": 321, "cheeger_priority": 0.0, "cheeger_priority_class": "not_boundary", "cooling_sink": false, "cooling_access_score": 40.0, "cooling_sink_resistance_proxy": 60.0, "cooling_access_class": "moderate", "low_cooling_access": false, "street_intervention_signal": 60.0 }, "geometry": { "type": "Polygon", "coordinates": [ [ [ -71.093737535211758, 42.381053153153097 ], [ -71.093737535211758, 42.390062162162103 ], [ -71.105920343310288, 42.390062162162103 ], [ -71.105920343310288, 42.381053153153097 ], [ -71.093737535211758, 42.381053153153097 ] ] ] } },
{ "type": "Feature", "properties": { "cell_id": 151, "cheeger_side": "right", "cheeger_boundary": false, "cheeger_fiedler": 0.065029229071224909, "cheeger_rank": 276, "cheeger_priority": 0.0, "cheeger_priority_class": "not_boundary", "cooling_sink": false, "cooling_access_score": 40.0, "cooling_sink_resistance_proxy": 60.0, "cooling_access_class": "moderate", "low_cooling_access": false, "street_intervention_signal": 60.0 }, "geometry": { "type": "Polygon", "coordinates": [ [ [ -71.093737535211758, 42.390062162162103 ], [ -71.093737535211758, 42.399071171171109 ], [ -71.105920343310288, 42.399071171171109 ], [ -71.105920343310288, 42.390062162162103 ], [ -71.093737535211758, 42.390062162162103 ] ] ] } },
{ "type": "Feature", "properties": { "cell_id": 152, "cheeger_side": "left", "cheeger_boundary": false, "cheeger_fiedler": -0.065034608704268859, "cheeger_rank": 45, "cheeger_priority": 0.0, "cheeger_priority_class": "not_boundary", "cooling_sink": false, "cooling_access_score": 0.0, "cooling_sink_resistance_proxy": 100.0, "cooling_access_class": "very_low", "low_cooling_access": true, "street_intervention_signal": 100.0 }, "geometry": { "type": "Polygon", "coordinates": [ [ [ -71.081554727113229, 42.2279 ], [ -71.081554727113229, 42.236909009009004 ], [ -71.093737535211758, 42.236909009009004 ], [ -71.093737535211758, 42.2279 ], [ -71.081554727113229, 42.2279 ] ] ] } },
{ "type": "Feature", "properties": { "cell_id": 153, "cheeger_side": "left", "cheeger_boundary": false, "cheeger_fiedler": -0.080743867376602149, "cheeger_rank": 0, "cheeger_priority": 0.0, "cheeger_priority_class": "not_boundary", "cooling_sink": false, "cooling_access_score": 0.0, "cooling_sink_resistance_proxy": 100.0, "cooling_access_class": "very_low", "low_cooling_access": true, "street_intervention_signal": 100.0 }, "geometry": { "type": "Polygon", "coordinates": [ [ [ -71.081554727113229, 42.236909009009004 ], [ -71.081554727113229, 42.24591801801801 ], [ -71.093737535211758, 42.24591801801801 ], [ -71.093737535211758, 42.236909009009004 ], [ -71.081554727113229, 42.236909009009004 ] ] ] } },
{ "type": "Feature", "properties": { "cell_id": 154, "cheeger_side": "left", "cheeger_boundary": false, "cheeger_fiedler": -0.076838105491375791, "cheeger_rank": 15, "cheeger_priority": 0.0, "cheeger_priority_class": "not_boundary", "cooling_sink": false, "cooling_access_score": 19.999999999999996, "cooling_sink_resistance_proxy": 80.0, "cooling_access_class": "very_low", "low_cooling_access": true, "street_intervention_signal": 80.0 }, "geometry": { "type": "Polygon", "coordinates": [ [ [ -71.081554727113229, 42.24591801801801 ], [ -71.081554727113229, 42.254927027027016 ], [ -71.093737535211758, 42.254927027027016 ], [ -71.093737535211758, 42.24591801801801 ], [ -71.081554727113229, 42.24591801801801 ] ] ] } },
{ "type": "Feature", "properties": { "cell_id": 155, "cheeger_side": "left", "cheeger_boundary": false, "cheeger_fiedler": -0.070661107415189772, "cheeger_rank": 30, "cheeger_priority": 0.0, "cheeger_priority_class": "not_boundary", "cooling_sink": false, "cooling_access_score": 40.0, "cooling_sink_resistance_proxy": 60.0, "cooling_access_class": "moderate", "low_cooling_access": false, "street_intervention_signal": 60.0 }, "geometry": { "type": "Polygon", "coordinates": [ [ [ -71.081554727113229, 42.254927027027016 ], [ -71.081554727113229, 42.263936036036021 ], [ -71.093737535211758, 42.263936036036021 ], [ -71.093737535211758, 42.254927027027016 ], [ -71.081554727113229, 42.254927027027016 ] ] ] } },
{ "type": "Feature", "properties": { "cell_id": 156, "cheeger_side": "left", "cheeger_boundary": false, "cheeger_fiedler": -0.062395394197381382, "cheeger_rank": 62, "cheeger_priority": 0.0, "cheeger_priority_class": "not_boundary", "cooling_sink": false, "cooling_access_score": 40.0, "cooling_sink_resistance_proxy": 60.0, "cooling_access_class": "moderate", "low_cooling_access": false, "street_intervention_signal": 60.0 }, "geometry": { "type": "Polygon", "coordinates": [ [ [ -71.081554727113229, 42.263936036036021 ], [ -71.081554727113229, 42.272945045045027 ], [ -71.093737535211758, 42.272945045045027 ], [ -71.093737535211758, 42.263936036036021 ], [ -71.081554727113229, 42.263936036036021 ] ] ] } },
{ "type": "Feature", "properties": { "cell_id": 157, "cheeger_side": "left", "cheeger_boundary": false, "cheeger_fiedler": -0.052285235363785362, "cheeger_rank": 81, "cheeger_priority": 0.0, "cheeger_priority_class": "not_boundary", "cooling_sink": false, "cooling_access_score": 40.0, "cooling_sink_resistance_proxy": 60.0, "cooling_access_class": "moderate", "low_cooling_access": false, "street_intervention_signal": 60.0 }, "geometry": { "type": "Polygon", "coordinates": [ [ [ -71.081554727113229, 42.272945045045027 ], [ -71.081554727113229, 42.281954054054033 ], [ -71.093737535211758, 42.281954054054033 ], [ -71.093737535211758, 42.272945045045027 ], [ -71.081554727113229, 42.272945045045027 ] ] ] } },
{ "type": "Feature", "properties": { "cell_id": 158, "cheeger_side": "left", "cheeger_boundary": false, "cheeger_fiedler": -0.04062944367347953, "cheeger_rank": 102, "cheeger_priority": 0.0, "cheeger_priority_class": "not_boundary", "cooling_sink": false, "cooling_access_score": 60.0, "cooling_sink_resistance_proxy": 40.0, "cooling_access_class": "moderate", "low_cooling_access": false, "street_intervention_signal": 40.0 }, "geometry": { "type": "Polygon", "coordinates": [ [ [ -71.081554727113229, 42.281954054054033 ], [ -71.081554727113229, 42.290963063063039 ], [ -71.093737535211758, 42.290963063063039 ], [ -71.093737535211758, 42.281954054054033 ], [ -71.081554727113229, 42.281954054054033 ] ] ] } },
{ "type": "Feature", "properties": { "cell_id": 159, "cheeger_side": "left", "cheeger_boundary": false, "cheeger_fiedler": -0.02777254966355916, "cheeger_rank": 119, "cheeger_priority": 0.0, "cheeger_priority_class": "not_boundary", "cooling_sink": false, "cooling_access_score": 80.0, "cooling_sink_resistance_proxy": 20.0, "cooling_access_class": "good", "low_cooling_access": false, "street_intervention_signal": 20.0 }, "geometry": { "type": "Polygon", "coordinates": [ [ [ -71.081554727113229, 42.290963063063039 ], [ -71.081554727113229, 42.299972072072045 ], [ -71.093737535211758, 42.299972072072045 ], [ -71.093737535211758, 42.290963063063039 ], [ -71.081554727113229, 42.290963063063039 ] ] ] } },
{ "type": "Feature", "properties": { "cell_id": 160, "cheeger_side": "left", "cheeger_boundary": true, "cheeger_fiedler": -0.014094616754772669, "cheeger_rank": 136, "cheeger_priority": 36.606965508636414, "cheeger_priority_class": "moderate", "cooling_sink": false, "cooling_access_score": 80.0, "cooling_sink_resistance_proxy": 20.0, "cooling_access_class": "good", "low_cooling_access": false, "street_intervention_signal": 36.606965508636414 }, "geometry": { "type": "Polygon", "coordinates": [ [ [ -71.081554727113229, 42.299972072072045 ], [ -71.081554727113229, 42.30898108108105 ], [ -71.093737535211758, 42.30898108108105 ], [ -71.093737535211758, 42.299972072072045 ], [ -71.081554727113229, 42.299972072072045 ] ] ] } },
{ "type": "Feature", "properties": { "cell_id": 161, "cheeger_side": "left", "cheeger_boundary": true, "cheeger_fiedler": 1.6001072618938428e-16, "cheeger_rank": 161, "cheeger_priority": 30.584607087447331, "cheeger_priority_class": "moderate", "cooling_sink": false, "cooling_access_score": 80.0, "cooling_sink_resistance_proxy": 20.0, "cooling_access_class": "good", "low_cooling_access": false, "street_intervention_signal": 30.584607087447331 }, "geometry": { "type": "Polygon", "coordinates": [ [ [ -71.081554727113229, 42.30898108108105 ], [ -71.081554727113229, 42.317990090090056 ], [ -71.093737535211758, 42.317990090090056 ], [ -71.093737535211758, 42.30898108108105 ], [ -71.081554727113229, 42.30898108108105 ] ] ] } },
{ "type": "Feature", "properties": { "cell_id": 162, "cheeger_side": "right", "cheeger_boundary": true, "cheeger_fiedler": 0.014094616754772967, "cheeger_rank": 186, "cheeger_priority": 42.165066493323842, "cheeger_priority_class": "moderate", "cooling_sink": false, "cooling_access_score": 60.0, "cooling_sink_resistance_proxy": 40.0, "cooling_access_class": "moderate", "low_cooling_access": false, "street_intervention_signal": 42.165066493323842 }, "geometry": { "type": "Polygon", "coordinates": [ [ [ -71.081554727113229, 42.317990090090056 ], [ -71.081554727113229, 42.326999099099062 ], [ -71.093737535211758, 42.326999099099062 ], [ -71.093737535211758, 42.317990090090056 ], [ -71.081554727113229, 42.317990090090056 ] ] ] } },
{ "type": "Feature", "properties": { "cell_id": 163, "cheeger_side": "right", "cheeger_boundary": false, "cheeger_fiedler": 0.027772549663559312, "cheeger_rank": 203, "cheeger_priority": 0.0, "cheeger_priority_class": "not_boundary", "cooling_sink": false, "cooling_access_score": 40.0, "cooling_sink_resistance_proxy": 60.0, "cooling_access_class": "moderate", "low_cooling_access": false, "street_intervention_signal": 60.0 }, "geometry": { "type": "Polygon", "coordinates": [ [ [ -71.081554727113229, 42.326999099099062 ], [ -71.081554727113229, 42.336008108108068 ], [ -71.093737535211758, 42.336008108108068 ], [ -71.093737535211758, 42.326999099099062 ], [ -71.081554727113229, 42.326999099099062 ] ] ] } },
{ "type": "Feature", "properties": { "cell_id": 164, "cheeger_side": "right", "cheeger_boundary": false, "cheeger_fiedler": 0.0406294436734796, "cheeger_rank": 220, "cheeger_priority": 0.0, "cheeger_priority_class": "not_boundary", "cooling_sink": false, "cooling_access_score": 60.0, "cooling_sink_resistance_proxy": 40.0, "cooling_access_class": "moderate", "low_cooling_access": false, "street_intervention_signal": 40.0 }, "geometry": { "type": "Polygon", "coordinates": [ [ [ -71.081554727113229, 42.336008108108068 ], [ -71.081554727113229, 42.345017117117074 ], [ -71.093737535211758, 42.345017117117074 ], [ -71.093737535211758, 42.336008108108068 ], [ -71.081554727113229, 42.336008108108068 ] ] ] } },
{ "type": "Feature", "properties": { "cell_id": 165, "cheeger_side": "right", "cheeger_boundary": false, "cheeger_fiedler": 0.052285235363785314, "cheeger_rank": 241, "cheeger_priority": 0.0, "cheeger_priority_class": "not_boundary", "cooling_sink": false, "cooling_access_score": 60.0, "cooling_sink_resistance_proxy": 40.0, "cooling_access_class": "moderate", "low_cooling_access": false, "street_intervention_signal": 40.0 }, "geometry": { "type": "Polygon", "coordinates": [ [ [ -71.081554727113229, 42.345017117117074 ], [ -71.081554727113229, 42.35402612612608 ], [ -71.093737535211758, 42.35402612612608 ], [ -71.093737535211758, 42.345017117117074 ], [ -71.081554727113229, 42.345017117117074 ] ] ] } },
{ "type": "Feature", "properties": { "cell_id": 166, "cheeger_side": "right", "cheeger_boundary": false, "cheeger_fiedler": 0.062395394197381153, "cheeger_rank": 260, "cheeger_priority": 0.0, "cheeger_priority_class": "not_boundary", "cooling_sink": false, "cooling_access_score": 60.0, "cooling_sink_resistance_proxy": 40.0, "cooling_access_class": "moderate", "low_cooling_access": false, "street_intervention_signal": 40.0 }, "geometry": { "type": "Polygon", "coordinates": [ [ [ -71.081554727113229, 42.35402612612608 ], [ -71.081554727113229, 42.363035135135085 ], [ -71.093737535211758, 42.363035135135085 ], [ -71.093737535211758, 42.35402612612608 ], [ -71.081554727113229, 42.35402612612608 ] ] ] } },
{ "type": "Feature", "properties": { "cell_id": 167, "cheeger_side": "right", "cheeger_boundary": false, "cheeger_fiedler": 0.070661107415189384, "cheeger_rank": 292, "cheeger_priority": 0.0, "cheeger_priority_class": "not_boundary", "cooling_sink": false, "cooling_access_score": 60.0, "cooling_sink_resistance_proxy": 40.0, "cooling_access_class": "moderate", "low_cooling_access": false, "street_intervention_signal": 40.0 }, "geometry": { "type": "Polygon", "coordinates": [ [ [ -71.081554727113229, 42.363035135135085 ], [ -71.081554727113229, 42.372044144144091 ], [ -71.093737535211758, 42.372044144144091 ], [ -71.093737535211758, 42.363035135135085 ], [ -71.081554727113229, 42.363035135135085 ] ] ] } },
{ "type": "Feature", "properties": { "cell_id": 168, "cheeger_side": "right", "cheeger_boundary": false, "cheeger_fiedler": 0.07683810549137525, "cheeger_rank": 307, "cheeger_priority": 0.0, "cheeger_priority_class": "not_boundary", "cooling_sink": false, "cooling_access_score": 60.0, "cooling_sink_resistance_proxy": 40.0, "cooling_access_class": "moderate", "low_cooling_access": false, "street_intervention_signal": 40.0 }, "geometry": { "type": "Polygon", "coordinates": [ [ [ -71.081554727113229, 42.372044144144091 ], [ -71.081554727113229, 42.381053153153097 ], [ -71.093737535211758, 42.381053153153097 ], [ -71.093737535211758, 42.372044144144091 ], [ -71.081554727113229, 42.372044144144091 ] ] ] } },
{ "type": "Feature", "properties": { "cell_id": 169, "cheeger_side": "right", "cheeger_boundary": false, "cheeger_fiedler": 0.080743867376601317, "cheeger_rank": 322, "cheeger_priority": 0.0, "cheeger_priority_class": "not_boundary", "cooling_sink": false, "cooling_access_score": 60.0, "cooling_sink_resistance_proxy": 40.0, "cooling_access_class": "moderate", "low_cooling_access": false, "street_intervention_signal": 40.0 }, "geometry": { "type": "Polygon", "coordinates": [ [ [ -71.081554727113229, 42.381053153153097 ], [ -71.081554727113229, 42.390062162162103 ], [ -71.093737535211758, 42.390062162162103 ], [ -71.093737535211758, 42.381053153153097 ], [ -71.081554727113229, 42.381053153153097 ] ] ] } },
{ "type": "Feature", "properties": { "cell_id": 170, "cheeger_side": "right", "cheeger_boundary": false, "cheeger_fiedler": 0.065034608704268235, "cheeger_rank": 277, "cheeger_priority": 0.0, "cheeger_priority_class": "not_boundary", "cooling_sink": false, "cooling_access_score": 60.0, "cooling_sink_resistance_proxy": 40.0, "cooling_access_class": "moderate", "low_cooling_access": false, "street_intervention_signal": 40.0 }, "geometry": { "type": "Polygon", "coordinates": [ [ [ -71.081554727113229, 42.390062162162103 ], [ -71.081554727113229, 42.399071171171109 ], [ -71.093737535211758, 42.399071171171109 ], [ -71.093737535211758, 42.390062162162103 ], [ -71.081554727113229, 42.390062162162103 ] ] ] } },
{ "type": "Feature", "properties": { "cell_id": 171, "cheeger_side": "left", "cheeger_boundary": false, "cheeger_fiedler": -0.065029229071225256, "cheeger_rank": 46, "cheeger_priority": 0.0, "cheeger_priority_class": "not_boundary", "cooling_sink": false, "cooling_access_score": 0.0, "cooling_sink_resistance_proxy": 100.0, "cooling_access_class": "very_low", "low_cooling_access": true, "street_intervention_signal": 100.0 }, "geometry": { "type": "Polygon", "coordinates": [ [ [ -71.069371919014699, 42.2279 ], [ -71.069371919014699, 42.236909009009004 ], [ -71.081554727113229, 42.236909009009004 ], [ -71.081554727113229, 42.2279 ], [ -71.069371919014699, 42.2279 ] ] ] } },
{ "type": "Feature", "properties": { "cell_id": 172, "cheeger_side": "left", "cheeger_boundary": false, "cheeger_fiedler": -0.080737201204413328, "cheeger_rank": 1, "cheeger_priority": 0.0, "cheeger_priority_class": "not_boundary", "cooling_sink": false, "cooling_access_score": 0.0, "cooling_sink_resistance_proxy": 100.0, "cooling_access_class": "very_low", "low_cooling_access": true, "street_intervention_signal": 100.0 }, "geometry": { "type": "Polygon", "coordinates": [ [ [ -71.069371919014699, 42.236909009009004 ], [ -71.069371919014699, 42.24591801801801 ], [ -71.081554727113229, 42.24591801801801 ], [ -71.081554727113229, 42.236909009009004 ], [ -71.069371919014699, 42.236909009009004 ] ] ] } },
{ "type": "Feature", "properties": { "cell_id": 173, "cheeger_side": "left", "cheeger_boundary": false, "cheeger_fiedler": -0.07683178979707489, "cheeger_rank": 16, "cheeger_priority": 0.0, "cheeger_priority_class": "not_boundary", "cooling_sink": false, "cooling_access_score": 19.999999999999996, "cooling_sink_resistance_proxy": 80.0, "cooling_access_class": "very_low", "low_cooling_access": true, "street_intervention_signal": 80.0 }, "geometry": { "type": "Polygon", "coordinates": [ [ [ -71.069371919014699, 42.24591801801801 ], [ -71.069371919014699, 42.254927027027016 ], [ -71.081554727113229, 42.254927027027016 ], [ -71.081554727113229, 42.24591801801801 ], [ -71.069371919014699, 42.24591801801801 ] ] ] } },
{ "type": "Feature", "properties": { "cell_id": 174, "cheeger_side": "left", "cheeger_boundary": false, "cheeger_fiedler": -0.070655334516029858, "cheeger_rank": 31, "cheeger_priority": 0.0, "cheeger_priority_class": "not_boundary", "cooling_sink": false, "cooling_access_score": 40.0, "cooling_sink_resistance_proxy": 60.0, "cooling_access_class": "moderate", "low_cooling_access": false, "street_intervention_signal": 60.0 }, "geometry": { "type": "Polygon", "coordinates": [ [ [ -71.069371919014699, 42.254927027027016 ], [ -71.069371919014699, 42.263936036036021 ], [ -71.081554727113229, 42.263936036036021 ], [ -71.081554727113229, 42.254927027027016 ], [ -71.069371919014699, 42.254927027027016 ] ] ] } },
{ "type": "Feature", "properties": { "cell_id": 175, "cheeger_side": "left", "cheeger_boundary": false, "cheeger_fiedler": -0.062390330394988994, "cheeger_rank": 63, "cheeger_priority": 0.0, "cheeger_priority_class": "not_boundary", "cooling_sink": false, "cooling_access_score": 60.0, "cooling_sink_resistance_proxy": 40.0, "cooling_access_class": "moderate", "low_cooling_access": false, "street_intervention_signal": 40.0 }, "geometry": { "type": "Polygon", "coordinates": [ [ [ -71.069371919014699, 42.263936036036021 ], [ -71.069371919014699, 42.272945045045027 ], [ -71.081554727113229, 42.272945045045027 ], [ -71.081554727113229, 42.263936036036021 ], [ -71.069371919014699, 42.263936036036021 ] ] ] } },
{ "type": "Feature", "properties": { "cell_id": 176, "cheeger_side": "left", "cheeger_boundary": false, "cheeger_fiedler": -0.052281018766387771, "cheeger_rank": 82, "cheeger_priority": 0.0, "cheeger_priority_class": "not_boundary", "cooling_sink": false, "cooling_access_score": 60.0, "cooling_sink_resistance_proxy": 40.0, "cooling_access_class": "moderate", "low_cooling_access": false, "street_intervention_signal": 40.0 }, "geometry": { "type": "Polygon", "coordinates": [ [ [ -71.069371919014699, 42.272945045045027 ], [ -71.069371919014699, 42.281954054054033 ], [ -71.081554727113229, 42.281954054054033 ], [ -71.081554727113229, 42.272945045045027 ], [ -71.069371919014699, 42.272945045045027 ] ] ] } },
{ "type": "Feature", "properties": { "cell_id": 177, "cheeger_side": "left", "cheeger_boundary": false, "cheeger_fiedler": -0.040626184399049615, "cheeger_rank": 103, "cheeger_priority": 0.0, "cheeger_priority_class": "not_boundary", "cooling_sink": false, "cooling_access_score": 60.0, "cooling_sink_resistance_proxy": 40.0, "cooling_access_class": "moderate", "low_cooling_access": false, "street_intervention_signal": 40.0 }, "geometry": { "type": "Polygon", "coordinates": [ [ [ -71.069371919014699, 42.281954054054033 ], [ -71.069371919014699, 42.290963063063039 ], [ -71.081554727113229, 42.290963063063039 ], [ -71.081554727113229, 42.281954054054033 ], [ -71.069371919014699, 42.281954054054033 ] ] ] } },
{ "type": "Feature", "properties": { "cell_id": 178, "cheeger_side": "left", "cheeger_boundary": false, "cheeger_fiedler": -0.02777033047700803, "cheeger_rank": 120, "cheeger_priority": 0.0, "cheeger_priority_class": "not_boundary", "cooling_sink": false, "cooling_access_score": 60.0, "cooling_sink_resistance_proxy": 40.0, "cooling_access_class": "moderate", "low_cooling_access": false, "street_intervention_signal": 40.0 }, "geometry": { "type": "Polygon", "coordinates": [ [ [ -71.069371919014699, 42.290963063063039 ], [ -71.069371919014699, 42.299972072072045 ], [ -71.081554727113229, 42.299972072072045 ], [ -71.081554727113229, 42.290963063063039 ], [ -71.069371919014699, 42.290963063063039 ] ] ] } },
{ "type": "Feature", "properties": { "cell_id": 179, "cheeger_side": "left", "cheeger_boundary": false, "cheeger_fiedler": -0.014093493188825072, "cheeger_rank": 137, "cheeger_priority": 0.0, "cheeger_priority_class": "not_boundary", "cooling_sink": false, "cooling_access_score": 60.0, "cooling_sink_resistance_proxy": 40.0, "cooling_access_class": "moderate", "low_cooling_access": false, "street_intervention_signal": 40.0 }, "geometry": { "type": "Polygon", "coordinates": [ [ [ -71.069371919014699, 42.299972072072045 ], [ -71.069371919014699, 42.30898108108105 ], [ -71.081554727113229, 42.30898108108105 ], [ -71.081554727113229, 42.299972072072045 ], [ -71.069371919014699, 42.299972072072045 ] ] ] } },
{ "type": "Feature", "properties": { "cell_id": 180, "cheeger_side": "left", "cheeger_boundary": true, "cheeger_fiedler": -4.1480744874559746e-16, "cheeger_rank": 160, "cheeger_priority": 39.834611792177242, "cheeger_priority_class": "moderate", "cooling_sink": false, "cooling_access_score": 60.0, "cooling_sink_resistance_proxy": 40.0, "cooling_access_class": "moderate", "low_cooling_access": false, "street_intervention_signal": 40.0 }, "geometry": { "type": "Polygon", "coordinates": [ [ [ -71.069371919014699, 42.30898108108105 ], [ -71.069371919014699, 42.317990090090056 ], [ -71.081554727113229, 42.317990090090056 ], [ -71.081554727113229, 42.30898108108105 ], [ -71.069371919014699, 42.30898108108105 ] ] ] } },
{ "type": "Feature", "properties": { "cell_id": 181, "cheeger_side": "right", "cheeger_boundary": true, "cheeger_fiedler": 0.014093493188824226, "cheeger_rank": 184, "cheeger_priority": 45.184940377446594, "cheeger_priority_class": "high", "cooling_sink": false, "cooling_access_score": 60.0, "cooling_sink_resistance_proxy": 40.0, "cooling_access_class": "moderate", "low_cooling_access": false, "street_intervention_signal": 45.184940377446594 }, "geometry": { "type": "Polygon", "coordinates": [ [ [ -71.069371919014699, 42.317990090090056 ], [ -71.069371919014699, 42.326999099099062 ], [ -71.081554727113229, 42.326999099099062 ], [ -71.081554727113229, 42.317990090090056 ], [ -71.069371919014699, 42.317990090090056 ] ] ] } },
{ "type": "Feature", "properties": { "cell_id": 182, "cheeger_side": "right", "cheeger_boundary": false, "cheeger_fiedler": 0.027770330477007138, "cheeger_rank": 201, "cheeger_priority": 0.0, "cheeger_priority_class": "not_boundary", "cooling_sink": false, "cooling_access_score": 40.0, "cooling_sink_resistance_proxy": 60.0, "cooling_access_class": "moderate", "low_cooling_access": false, "street_intervention_signal": 60.0 }, "geometry": { "type": "Polygon", "coordinates": [ [ [ -71.069371919014699, 42.326999099099062 ], [ -71.069371919014699, 42.336008108108068 ], [ -71.081554727113229, 42.336008108108068 ], [ -71.081554727113229, 42.326999099099062 ], [ -71.069371919014699, 42.326999099099062 ] ] ] } },
{ "type": "Feature", "properties": { "cell_id": 183, "cheeger_side": "right", "cheeger_boundary": false, "cheeger_fiedler": 0.040626184399048568, "cheeger_rank": 218, "cheeger_priority": 0.0, "cheeger_priority_class": "not_boundary", "cooling_sink": false, "cooling_access_score": 60.0, "cooling_sink_resistance_proxy": 40.0, "cooling_access_class": "moderate", "low_cooling_access": false, "street_intervention_signal": 40.0 }, "geometry": { "type": "Polygon", "coordinates": [ [ [ -71.069371919014699, 42.336008108108068 ], [ -71.069371919014699, 42.345017117117074 ], [ -71.081554727113229, 42.345017117117074 ], [ -71.081554727113229, 42.336008108108068 ], [ -71.069371919014699, 42.336008108108068 ] ] ] } },
{ "type": "Feature", "properties": { "cell_id": 184, "cheeger_side": "right", "cheeger_boundary": false, "cheeger_fiedler": 0.052281018766386543, "cheeger_rank": 239, "cheeger_priority": 0.0, "cheeger_priority_class": "not_boundary", "cooling_sink": false, "cooling_access_score": 80.0, "cooling_sink_resistance_proxy": 20.0, "cooling_access_class": "good", "low_cooling_access": false, "street_intervention_signal": 20.0 }, "geometry": { "type": "Polygon", "coordinates": [ [ [ -71.069371919014699, 42.345017117117074 ], [ -71.069371919014699, 42.35402612612608 ], [ -71.081554727113229, 42.35402612612608 ], [ -71.081554727113229, 42.345017117117074 ], [ -71.069371919014699, 42.345017117117074 ] ] ] } },
{ "type": "Feature", "properties": { "cell_id": 185, "cheeger_side": "right", "cheeger_boundary": false, "cheeger_fiedler": 0.062390330394987682, "cheeger_rank": 258, "cheeger_priority": 0.0, "cheeger_priority_class": "not_boundary", "cooling_sink": false, "cooling_access_score": 80.0, "cooling_sink_resistance_proxy": 20.0, "cooling_access_class": "good", "low_cooling_access": false, "street_intervention_signal": 20.0 }, "geometry": { "type": "Polygon", "coordinates": [ [ [ -71.069371919014699, 42.35402612612608 ], [ -71.069371919014699, 42.363035135135085 ], [ -71.081554727113229, 42.363035135135085 ], [ -71.081554727113229, 42.35402612612608 ], [ -71.069371919014699, 42.35402612612608 ] ] ] } },
{ "type": "Feature", "properties": { "cell_id": 186, "cheeger_side": "right", "cheeger_boundary": false, "cheeger_fiedler": 0.070655334516028276, "cheeger_rank": 290, "cheeger_priority": 0.0, "cheeger_priority_class": "not_boundary", "cooling_sink": false, "cooling_access_score": 80.0, "cooling_sink_resistance_proxy": 20.0, "cooling_access_class": "good", "low_cooling_access": false, "street_intervention_signal": 20.0 }, "geometry": { "type": "Polygon", "coordinates": [ [ [ -71.069371919014699, 42.363035135135085 ], [ -71.069371919014699, 42.372044144144091 ], [ -71.081554727113229, 42.372044144144091 ], [ -71.081554727113229, 42.363035135135085 ], [ -71.069371919014699, 42.363035135135085 ] ] ] } },
{ "type": "Feature", "properties": { "cell_id": 187, "cheeger_side": "right", "cheeger_boundary": false, "cheeger_fiedler": 0.07683178979707303, "cheeger_rank": 305, "cheeger_priority": 0.0, "cheeger_priority_class": "not_boundary", "cooling_sink": false, "cooling_access_score": 80.0, "cooling_sink_resistance_proxy": 20.0, "cooling_access_class": "good", "low_cooling_access": false, "street_intervention_signal": 20.0 }, "geometry": { "type": "Polygon", "coordinates": [ [ [ -71.069371919014699, 42.372044144144091 ], [ -71.069371919014699, 42.381053153153097 ], [ -71.081554727113229, 42.381053153153097 ], [ -71.081554727113229, 42.372044144144091 ], [ -71.069371919014699, 42.372044144144091 ] ] ] } },
{ "type": "Feature", "properties": { "cell_id": 188, "cheeger_side": "right", "cheeger_boundary": false, "cheeger_fiedler": 0.080737201204411538, "cheeger_rank": 320, "cheeger_priority": 0.0, "cheeger_priority_class": "not_boundary", "cooling_sink": false, "cooling_access_score": 80.0, "cooling_sink_resistance_proxy": 20.0, "cooling_access_class": "good", "low_cooling_access": false, "street_intervention_signal": 20.0 }, "geometry": { "type": "Polygon", "coordinates": [ [ [ -71.069371919014699, 42.381053153153097 ], [ -71.069371919014699, 42.390062162162103 ], [ -71.081554727113229, 42.390062162162103 ], [ -71.081554727113229, 42.381053153153097 ], [ -71.069371919014699, 42.381053153153097 ] ] ] } },
{ "type": "Feature", "properties": { "cell_id": 189, "cheeger_side": "right", "cheeger_boundary": false, "cheeger_fiedler": 0.065029229071223701, "cheeger_rank": 275, "cheeger_priority": 0.0, "cheeger_priority_class": "not_boundary", "cooling_sink": false, "cooling_access_score": 60.0, "cooling_sink_resistance_proxy": 40.0, "cooling_access_class": "moderate", "low_cooling_access": false, "street_intervention_signal": 40.0 }, "geometry": { "type": "Polygon", "coordinates": [ [ [ -71.069371919014699, 42.390062162162103 ], [ -71.069371919014699, 42.399071171171109 ], [ -71.081554727113229, 42.399071171171109 ], [ -71.081554727113229, 42.390062162162103 ], [ -71.069371919014699, 42.390062162162103 ] ] ] } },
{ "type": "Feature", "properties": { "cell_id": 190, "cheeger_side": "left", "cheeger_boundary": false, "cheeger_fiedler": -0.065013073587186207, "cheeger_rank": 48, "cheeger_priority": 0.0, "cheeger_priority_class": "not_boundary", "cooling_sink": false, "cooling_access_score": 19.999999999999996, "cooling_sink_resistance_proxy": 80.0, "cooling_access_class": "very_low", "low_cooling_access": true, "street_intervention_signal": 80.0 }, "geometry": { "type": "Polygon", "coordinates": [ [ [ -71.05718911091617, 42.2279 ], [ -71.05718911091617, 42.236909009009004 ], [ -71.069371919014699, 42.236909009009004 ], [ -71.069371919014699, 42.2279 ], [ -71.05718911091617, 42.2279 ] ] ] } },
{ "type": "Feature", "properties": { "cell_id": 191, "cheeger_side": "left", "cheeger_boundary": false, "cheeger_fiedler": -0.080717187124287534, "cheeger_rank": 3, "cheeger_priority": 0.0, "cheeger_priority_class": "not_boundary", "cooling_sink": false, "cooling_access_score": 19.999999999999996, "cooling_sink_resistance_proxy": 80.0, "cooling_access_class": "very_low", "low_cooling_access": true, "street_intervention_signal": 80.0 }, "geometry": { "type": "Polygon", "coordinates": [ [ [ -71.05718911091617, 42.236909009009004 ], [ -71.05718911091617, 42.24591801801801 ], [ -71.069371919014699, 42.24591801801801 ], [ -71.069371919014699, 42.236909009009004 ], [ -71.05718911091617, 42.236909009009004 ] ] ] } },
{ "type": "Feature", "properties": { "cell_id": 192, "cheeger_side": "left", "cheeger_boundary": false, "cheeger_fiedler": -0.07681283796277541, "cheeger_rank": 18, "cheeger_priority": 0.0, "cheeger_priority_class": "not_boundary", "cooling_sink": false, "cooling_access_score": 19.999999999999996, "cooling_sink_resistance_proxy": 80.0, "cooling_access_class": "very_low", "low_cooling_access": true, "street_intervention_signal": 80.0 }, "geometry": { "type": "Polygon", "coordinates": [ [ [ -71.05718911091617, 42.24591801801801 ], [ -71.05718911091617, 42.254927027027016 ], [ -71.069371919014699, 42.254927027027016 ], [ -71.069371919014699, 42.24591801801801 ], [ -71.05718911091617, 42.24591801801801 ] ] ] } },
{ "type": "Feature", "properties": { "cell_id": 193, "cheeger_side": "left", "cheeger_boundary": false, "cheeger_fiedler": -0.07063802231638705, "cheeger_rank": 33, "cheeger_priority": 0.0, "cheeger_priority_class": "not_boundary", "cooling_sink": false, "cooling_access_score": 40.0, "cooling_sink_resistance_proxy": 60.0, "cooling_access_class": "moderate", "low_cooling_access": false, "street_intervention_signal": 60.0 }, "geometry": { "type": "Polygon", "coordinates": [ [ [ -71.05718911091617, 42.254927027027016 ], [ -71.05718911091617, 42.263936036036021 ], [ -71.069371919014699, 42.263936036036021 ], [ -71.069371919014699, 42.254927027027016 ], [ -71.05718911091617, 42.254927027027016 ] ] ] } },
{ "type": "Feature", "properties": { "cell_id": 194, "cheeger_side": "left", "cheeger_boundary": false, "cheeger_fiedler": -0.062375153073169272, "cheeger_rank": 65, "cheeger_priority": 0.0, "cheeger_priority_class": "not_boundary", "cooling_sink": false, "cooling_access_score": 60.0, "cooling_sink_resistance_proxy": 40.0, "cooling_access_class": "moderate", "low_cooling_access": false, "street_intervention_signal": 40.0 }, "geometry": { "type": "Polygon", "coordinates": [ [ [ -71.05718911091617, 42.263936036036021 ], [ -71.05718911091617, 42.272945045045027 ], [ -71.069371919014699, 42.272945045045027 ], [ -71.069371919014699, 42.263936036036021 ], [ -71.05718911091617, 42.263936036036021 ] ] ] } },
{ "type": "Feature", "properties": { "cell_id": 195, "cheeger_side": "left", "cheeger_boundary": false, "cheeger_fiedler": -0.052268385576858284, "cheeger_rank": 84, "cheeger_priority": 0.0, "cheeger_priority_class": "not_boundary", "cooling_sink": false, "cooling_access_score": 80.0, "cooling_sink_resistance_proxy": 20.0, "cooling_access_class": "good", "low_cooling_access": false, "street_intervention_signal": 20.0 }, "geometry": { "type": "Polygon", "coordinates": [ [ [ -71.05718911091617, 42.272945045045027 ], [ -71.05718911091617, 42.281954054054033 ], [ -71.069371919014699, 42.281954054054033 ], [ -71.069371919014699, 42.272945045045027 ], [ -71.05718911091617, 42.272945045045027 ] ] ] } },
{ "type": "Feature", "properties": { "cell_id": 196, "cheeger_side": "left", "cheeger_boundary": false, "cheeger_fiedler": -0.040616421503894558, "cheeger_rank": 105, "cheeger_priority": 0.0, "cheeger_priority_class": "not_boundary", "cooling_sink": false, "cooling_access_score": 80.0, "cooling_sink_resistance_proxy": 20.0, "cooling_access_class": "good", "low_cooling_access": false, "street_intervention_signal": 20.0 }, "geometry": { "type": "Polygon", "coordinates": [ [ [ -71.05718911091617, 42.281954054054033 ], [ -71.05718911091617, 42.290963063063039 ], [ -71.069371919014699, 42.290963063063039 ], [ -71.069371919014699, 42.281954054054033 ], [ -71.05718911091617, 42.281954054054033 ] ] ] } },
{ "type": "Feature", "properties": { "cell_id": 197, "cheeger_side": "left", "cheeger_boundary": false, "cheeger_fiedler": -0.027763683702837081, "cheeger_rank": 122, "cheeger_priority": 0.0, "cheeger_priority_class": "not_boundary", "cooling_sink": false, "cooling_access_score": 80.0, "cooling_sink_resistance_proxy": 20.0, "cooling_access_class": "good", "low_cooling_access": false, "street_intervention_signal": 20.0 }, "geometry": { "type": "Polygon", "coordinates": [ [ [ -71.05718911091617, 42.290963063063039 ], [ -71.05718911091617, 42.299972072072045 ], [ -71.069371919014699, 42.299972072072045 ], [ -71.069371919014699, 42.290963063063039 ], [ -71.05718911091617, 42.290963063063039 ] ] ] } },
{ "type": "Feature", "properties": { "cell_id": 198, "cheeger_side": "left", "cheeger_boundary": false, "cheeger_fiedler": -0.014090128051467202, "cheeger_rank": 139, "cheeger_priority": 0.0, "cheeger_priority_class": "not_boundary", "cooling_sink": false, "cooling_access_score": 80.0, "cooling_sink_resistance_proxy": 20.0, "cooling_access_class": "good", "low_cooling_access": false, "street_intervention_signal": 20.0 }, "geometry": { "type": "Polygon", "coordinates": [ [ [ -71.05718911091617, 42.299972072072045 ], [ -71.05718911091617, 42.30898108108105 ], [ -71.069371919014699, 42.30898108108105 ], [ -71.069371919014699, 42.299972072072045 ], [ -71.05718911091617, 42.299972072072045 ] ] ] } },
{ "type": "Feature", "properties": { "cell_id": 199, "cheeger_side": "left", "cheeger_boundary": true, "cheeger_fiedler": -9.1435867353585796e-16, "cheeger_rank": 159, "cheeger_priority": 41.945955455962945, "cheeger_priority_class": "moderate", "cooling_sink": false, "cooling_access_score": 60.0, "cooling_sink_resistance_proxy": 40.0, "cooling_access_class": "moderate", "low_cooling_access": false, "street_intervention_signal": 41.945955455962945 }, "geometry": { "type": "Polygon", "coordinates": [ [ [ -71.05718911091617, 42.30898108108105 ], [ -71.05718911091617, 42.317990090090056 ], [ -71.069371919014699, 42.317990090090056 ], [ -71.069371919014699, 42.30898108108105 ], [ -71.05718911091617, 42.30898108108105 ] ] ] } },
{ "type": "Feature", "properties": { "cell_id": 200, "cheeger_side": "right", "cheeger_boundary": true, "cheeger_fiedler": 0.014090128051465336, "cheeger_rank": 182, "cheeger_priority": 39.358242182533523, "cheeger_priority_class": "moderate", "cooling_sink": false, "cooling_access_score": 60.0, "cooling_sink_resistance_proxy": 40.0, "cooling_access_class": "moderate", "low_cooling_access": false, "street_intervention_signal": 40.0 }, "geometry": { "type": "Polygon", "coordinates": [ [ [ -71.05718911091617, 42.317990090090056 ], [ -71.05718911091617, 42.326999099099062 ], [ -71.069371919014699, 42.326999099099062 ], [ -71.069371919014699, 42.317990090090056 ], [ -71.05718911091617, 42.317990090090056 ] ] ] } },
{ "type": "Feature", "properties": { "cell_id": 201, "cheeger_side": "right", "cheeger_boundary": false, "cheeger_fiedler": 0.027763683702835131, "cheeger_rank": 199, "cheeger_priority": 0.0, "cheeger_priority_class": "not_boundary", "cooling_sink": false, "cooling_access_score": 40.0, "cooling_sink_resistance_proxy": 60.0, "cooling_access_class": "moderate", "low_cooling_access": false, "street_intervention_signal": 60.0 }, "geometry": { "type": "Polygon", "coordinates": [ [ [ -71.05718911091617, 42.326999099099062 ], [ -71.05718911091617, 42.336008108108068 ], [ -71.069371919014699, 42.336008108108068 ], [ -71.069371919014699, 42.326999099099062 ], [ -71.05718911091617, 42.326999099099062 ] ] ] } },
{ "type": "Feature", "properties": { "cell_id": 202, "cheeger_side": "right", "cheeger_boundary": false, "cheeger_fiedler": 0.040616421503892504, "cheeger_rank": 216, "cheeger_priority": 0.0, "cheeger_priority_class": "not_boundary", "cooling_sink": false, "cooling_access_score": 60.0, "cooling_sink_resistance_proxy": 40.0, "cooling_access_class": "moderate", "low_cooling_access": false, "street_intervention_signal": 40.0 }, "geometry": { "type": "Polygon", "coordinates": [ [ [ -71.05718911091617, 42.336008108108068 ], [ -71.05718911091617, 42.345017117117074 ], [ -71.069371919014699, 42.345017117117074 ], [ -71.069371919014699, 42.336008108108068 ], [ -71.05718911091617, 42.336008108108068 ] ] ] } },
{ "type": "Feature", "properties": { "cell_id": 203, "cheeger_side": "right", "cheeger_boundary": false, "cheeger_fiedler": 0.052268385576856112, "cheeger_rank": 237, "cheeger_priority": 0.0, "cheeger_priority_class": "not_boundary", "cooling_sink": false, "cooling_access_score": 80.0, "cooling_sink_resistance_proxy": 20.0, "cooling_access_class": "good", "low_cooling_access": false, "street_intervention_signal": 20.0 }, "geometry": { "type": "Polygon", "coordinates": [ [ [ -71.05718911091617, 42.345017117117074 ], [ -71.05718911091617, 42.35402612612608 ], [ -71.069371919014699, 42.35402612612608 ], [ -71.069371919014699, 42.345017117117074 ], [ -71.05718911091617, 42.345017117117074 ] ] ] } },
{ "type": "Feature", "properties": { "cell_id": 204, "cheeger_side": "right", "cheeger_boundary": false, "cheeger_fiedler": 0.062375153073166816, "cheeger_rank": 256, "cheeger_priority": 0.0, "cheeger_priority_class": "not_boundary", "cooling_sink": true, "cooling_access_score": 100.0, "cooling_sink_resistance_proxy": 0.0, "cooling_access_class": "good", "low_cooling_access": false, "street_intervention_signal": 0.0 }, "geometry": { "type": "Polygon", "coordinates": [ [ [ -71.05718911091617, 42.35402612612608 ], [ -71.05718911091617, 42.363035135135085 ], [ -71.069371919014699, 42.363035135135085 ], [ -71.069371919014699, 42.35402612612608 ], [ -71.05718911091617, 42.35402612612608 ] ] ] } },
{ "type": "Feature", "properties": { "cell_id": 205, "cheeger_side": "right", "cheeger_boundary": false, "cheeger_fiedler": 0.070638022316384219, "cheeger_rank": 288, "cheeger_priority": 0.0, "cheeger_priority_class": "not_boundary", "cooling_sink": true, "cooling_access_score": 100.0, "cooling_sink_resistance_proxy": 0.0, "cooling_access_class": "good", "low_cooling_access": false, "street_intervention_signal": 0.0 }, "geometry": { "type": "Polygon", "coordinates": [ [ [ -71.05718911091617, 42.363035135135085 ], [ -71.05718911091617, 42.372044144144091 ], [ -71.069371919014699, 42.372044144144091 ], [ -71.069371919014699, 42.363035135135085 ], [ -71.05718911091617, 42.363035135135085 ] ] ] } },
{ "type": "Feature", "properties": { "cell_id": 206, "cheeger_side": "right", "cheeger_boundary": false, "cheeger_fiedler": 0.076812837962772634, "cheeger_rank": 303, "cheeger_priority": 0.0, "cheeger_priority_class": "not_boundary", "cooling_sink": true, "cooling_access_score": 100.0, "cooling_sink_resistance_proxy": 0.0, "cooling_access_class": "good", "low_cooling_access": false, "street_intervention_signal": 0.0 }, "geometry": { "type": "Polygon", "coordinates": [ [ [ -71.05718911091617, 42.372044144144091 ], [ -71.05718911091617, 42.381053153153097 ], [ -71.069371919014699, 42.381053153153097 ], [ -71.069371919014699, 42.372044144144091 ], [ -71.05718911091617, 42.372044144144091 ] ] ] } },
{ "type": "Feature", "properties": { "cell_id": 207, "cheeger_side": "right", "cheeger_boundary": false, "cheeger_fiedler": 0.080717187124284565, "cheeger_rank": 318, "cheeger_priority": 0.0, "cheeger_priority_class": "not_boundary", "cooling_sink": false, "cooling_access_score": 80.0, "cooling_sink_resistance_proxy": 20.0, "cooling_access_class": "good", "low_cooling_access": false, "street_intervention_signal": 20.0 }, "geometry": { "type": "Polygon", "coordinates": [ [ [ -71.05718911091617, 42.381053153153097 ], [ -71.05718911091617, 42.390062162162103 ], [ -71.069371919014699, 42.390062162162103 ], [ -71.069371919014699, 42.381053153153097 ], [ -71.05718911091617, 42.381053153153097 ] ] ] } },
{ "type": "Feature", "properties": { "cell_id": 208, "cheeger_side": "right", "cheeger_boundary": false, "cheeger_fiedler": 0.06501307358718382, "cheeger_rank": 273, "cheeger_priority": 0.0, "cheeger_priority_class": "not_boundary", "cooling_sink": false, "cooling_access_score": 80.0, "cooling_sink_resistance_proxy": 20.0, "cooling_access_class": "good", "low_cooling_access": false, "street_intervention_signal": 20.0 }, "geometry": { "type": "Polygon", "coordinates": [ [ [ -71.05718911091617, 42.390062162162103 ], [ -71.05718911091617, 42.399071171171109 ], [ -71.069371919014699, 42.399071171171109 ], [ -71.069371919014699, 42.390062162162103 ], [ -71.05718911091617, 42.390062162162103 ] ] ] } },
{ "type": "Feature", "properties": { "cell_id": 209, "cheeger_side": "left", "cheeger_boundary": false, "cheeger_fiedler": -0.064986085159110266, "cheeger_rank": 50, "cheeger_priority": 0.0, "cheeger_priority_class": "not_boundary", "cooling_sink": false, "cooling_access_score": 40.0, "cooling_sink_resistance_proxy": 60.0, "cooling_access_class": "moderate", "low_cooling_access": false, "street_intervention_signal": 60.0 }, "geometry": { "type": "Polygon", "coordinates": [ [ [ -71.04500630281764, 42.2279 ], [ -71.04500630281764, 42.236909009009004 ], [ -71.05718911091617, 42.236909009009004 ], [ -71.05718911091617, 42.2279 ], [ -71.04500630281764, 42.2279 ] ] ] } },
{ "type": "Feature", "properties": { "cell_id": 210, "cheeger_side": "left", "cheeger_boundary": false, "cheeger_fiedler": -0.080683772652325028, "cheeger_rank": 5, "cheeger_priority": 0.0, "cheeger_priority_class": "not_boundary", "cooling_sink": false, "cooling_access_score": 40.0, "cooling_sink_resistance_proxy": 60.0, "cooling_access_class": "moderate", "low_cooling_access": false, "street_intervention_signal": 60.0 }, "geometry": { "type": "Polygon", "coordinates": [ [ [ -71.04500630281764, 42.236909009009004 ], [ -71.04500630281764, 42.24591801801801 ], [ -71.05718911091617, 42.24591801801801 ], [ -71.05718911091617, 42.236909009009004 ], [ -71.04500630281764, 42.236909009009004 ] ] ] } },
{ "type": "Feature", "properties": { "cell_id": 211, "cheeger_side": "left", "cheeger_boundary": false, "cheeger_fiedler": -0.076781236005680389, "cheeger_rank": 20, "cheeger_priority": 0.0, "cheeger_priority_class": "not_boundary", "cooling_sink": false, "cooling_access_score": 40.0, "cooling_sink_resistance_proxy": 60.0, "cooling_access_class": "moderate", "low_cooling_access": false, "street_intervention_signal": 60.0 }, "geometry": { "type": "Polygon", "coordinates": [ [ [ -71.04500630281764, 42.24591801801801 ], [ -71.04500630281764, 42.254927027027016 ], [ -71.05718911091617, 42.254927027027016 ], [ -71.05718911091617, 42.24591801801801 ], [ -71.04500630281764, 42.24591801801801 ] ] ] } },
{ "type": "Feature", "properties": { "cell_id": 212, "cheeger_side": "left", "cheeger_boundary": false, "cheeger_fiedler": -0.070609194944052545, "cheeger_rank": 35, "cheeger_priority": 0.0, "cheeger_priority_class": "not_boundary", "cooling_sink": false, "cooling_access_score": 40.0, "cooling_sink_resistance_proxy": 60.0, "cooling_access_class": "moderate", "low_cooling_access": false, "street_intervention_signal": 60.0 }, "geometry": { "type": "Polygon", "coordinates": [ [ [ -71.04500630281764, 42.254927027027016 ], [ -71.04500630281764, 42.263936036036021 ], [ -71.05718911091617, 42.263936036036021 ], [ -71.05718911091617, 42.254927027027016 ], [ -71.04500630281764, 42.254927027027016 ] ] ] } },
{ "type": "Feature", "properties": { "cell_id": 213, "cheeger_side": "left", "cheeger_boundary": false, "cheeger_fiedler": -0.062349909988089341, "cheeger_rank": 67, "cheeger_priority": 0.0, "cheeger_priority_class": "not_boundary", "cooling_sink": false, "cooling_access_score": 60.0, "cooling_sink_resistance_proxy": 40.0, "cooling_access_class": "moderate", "low_cooling_access": false, "street_intervention_signal": 40.0 }, "geometry": { "type": "Polygon", "coordinates": [ [ [ -71.04500630281764, 42.263936036036021 ], [ -71.04500630281764, 42.272945045045027 ], [ -71.05718911091617, 42.272945045045027 ], [ -71.05718911091617, 42.263936036036021 ], [ -71.04500630281764, 42.263936036036021 ] ] ] } },
{ "type": "Feature", "properties": { "cell_id": 214, "cheeger_side": "left", "cheeger_boundary": false, "cheeger_fiedler": -0.052247389423549916, "cheeger_rank": 86, "cheeger_priority": 0.0, "cheeger_priority_class": "not_boundary", "cooling_sink": false, "cooling_access_score": 80.0, "cooling_sink_resistance_proxy": 20.0, "cooling_access_class": "good", "low_cooling_access": false, "street_intervention_signal": 20.0 }, "geometry": { "type": "Polygon", "coordinates": [ [ [ -71.04500630281764, 42.272945045045027 ], [ -71.04500630281764, 42.281954054054033 ], [ -71.05718911091617, 42.281954054054033 ], [ -71.05718911091617, 42.272945045045027 ], [ -71.04500630281764, 42.272945045045027 ] ] ] } },
{ "type": "Feature", "properties": { "cell_id": 215, "cheeger_side": "left", "cheeger_boundary": false, "cheeger_fiedler": -0.040600201547107119, "cheeger_rank": 107, "cheeger_priority": 0.0, "cheeger_priority_class": "not_boundary", "cooling_sink": true, "cooling_access_score": 100.0, "cooling_sink_resistance_proxy": 0.0, "cooling_access_class": "good", "low_cooling_access": false, "street_intervention_signal": 0.0 }, "geometry": { "type": "Polygon", "coordinates": [ [ [ -71.04500630281764, 42.281954054054033 ], [ -71.04500630281764, 42.290963063063039 ], [ -71.05718911091617, 42.290963063063039 ], [ -71.05718911091617, 42.281954054054033 ], [ -71.04500630281764, 42.281954054054033 ] ] ] } },
{ "type": "Feature", "properties": { "cell_id": 216, "cheeger_side": "left", "cheeger_boundary": false, "cheeger_fiedler": -0.027752642175766156, "cheeger_rank": 124, "cheeger_priority": 0.0, "cheeger_priority_class": "not_boundary", "cooling_sink": true, "cooling_access_score": 100.0, "cooling_sink_resistance_proxy": 0.0, "cooling_access_class": "good", "low_cooling_access": false, "street_intervention_signal": 0.0 }, "geometry": { "type": "Polygon", "coordinates": [ [ [ -71.04500630281764, 42.290963063063039 ], [ -71.04500630281764, 42.299972072072045 ], [ -71.05718911091617, 42.299972072072045 ], [ -71.05718911091617, 42.290963063063039 ], [ -71.04500630281764, 42.290963063063039 ] ] ] } },
{ "type": "Feature", "properties": { "cell_id": 217, "cheeger_side": "left", "cheeger_boundary": false, "cheeger_fiedler": -0.014084538056557343, "cheeger_rank": 141, "cheeger_priority": 0.0, "cheeger_priority_class": "not_boundary", "cooling_sink": false, "cooling_access_score": 80.0, "cooling_sink_resistance_proxy": 20.0, "cooling_access_class": "good", "low_cooling_access": false, "street_intervention_signal": 20.0 }, "geometry": { "type": "Polygon", "coordinates": [ [ [ -71.04500630281764, 42.299972072072045 ], [ -71.04500630281764, 42.30898108108105 ], [ -71.05718911091617, 42.30898108108105 ], [ -71.05718911091617, 42.299972072072045 ], [ -71.04500630281764, 42.299972072072045 ] ] ] } },
{ "type": "Feature", "properties": { "cell_id": 218, "cheeger_side": "left", "cheeger_boundary": true, "cheeger_fiedler": -1.4229721482879187e-15, "cheeger_rank": 158, "cheeger_priority": 34.228565288579084, "cheeger_priority_class": "moderate", "cooling_sink": false, "cooling_access_score": 80.0, "cooling_sink_resistance_proxy": 20.0, "cooling_access_class": "good", "low_cooling_access": false, "street_intervention_signal": 34.228565288579084 }, "geometry": { "type": "Polygon", "coordinates": [ [ [ -71.04500630281764, 42.30898108108105 ], [ -71.04500630281764, 42.317990090090056 ], [ -71.05718911091617, 42.317990090090056 ], [ -71.05718911091617, 42.30898108108105 ], [ -71.04500630281764, 42.30898108108105 ] ] ] } },
{ "type": "Feature", "properties": { "cell_id": 219, "cheeger_side": "right", "cheeger_boundary": true, "cheeger_fiedler": 0.01408453805655448, "cheeger_rank": 180, "cheeger_priority": 39.783804561787882, "cheeger_priority_class": "moderate", "cooling_sink": false, "cooling_access_score": 60.0, "cooling_sink_resistance_proxy": 40.0, "cooling_access_class": "moderate", "low_cooling_access": false, "street_intervention_signal": 40.0 }, "geometry": { "type": "Polygon", "coordinates": [ [ [ -71.04500630281764, 42.317990090090056 ], [ -71.04500630281764, 42.326999099099062 ], [ -71.05718911091617, 42.326999099099062 ], [ -71.05718911091617, 42.317990090090056 ], [ -71.04500630281764, 42.317990090090056 ] ] ] } },
{ "type": "Feature", "properties": { "cell_id": 220, "cheeger_side": "right", "cheeger_boundary": false, "cheeger_fiedler": 0.027752642175763217, "cheeger_rank": 197, "cheeger_priority": 0.0, "cheeger_priority_class": "not_boundary", "cooling_sink": false, "cooling_access_score": 60.0, "cooling_sink_resistance_proxy": 40.0, "cooling_access_class": "moderate", "low_cooling_access": false, "street_intervention_signal": 40.0 }, "geometry": { "type": "Polygon", "coordinates": [ [ [ -71.04500630281764, 42.326999099099062 ], [ -71.04500630281764, 42.336008108108068 ], [ -71.05718911091617, 42.336008108108068 ], [ -71.05718911091617, 42.326999099099062 ], [ -71.04500630281764, 42.326999099099062 ] ] ] } },
{ "type": "Feature", "properties": { "cell_id": 221, "cheeger_side": "right", "cheeger_boundary": false, "cheeger_fiedler": 0.040600201547104087, "cheeger_rank": 214, "cheeger_priority": 0.0, "cheeger_priority_class": "not_boundary", "cooling_sink": false, "cooling_access_score": 60.0, "cooling_sink_resistance_proxy": 40.0, "cooling_access_class": "moderate", "low_cooling_access": false, "street_intervention_signal": 40.0 }, "geometry": { "type": "Polygon", "coordinates": [ [ [ -71.04500630281764, 42.336008108108068 ], [ -71.04500630281764, 42.345017117117074 ], [ -71.05718911091617, 42.345017117117074 ], [ -71.05718911091617, 42.336008108108068 ], [ -71.04500630281764, 42.336008108108068 ] ] ] } },
{ "type": "Feature", "properties": { "cell_id": 222, "cheeger_side": "right", "cheeger_boundary": false, "cheeger_fiedler": 0.052247389423546613, "cheeger_rank": 235, "cheeger_priority": 0.0, "cheeger_priority_class": "not_boundary", "cooling_sink": false, "cooling_access_score": 80.0, "cooling_sink_resistance_proxy": 20.0, "cooling_access_class": "good", "low_cooling_access": false, "street_intervention_signal": 20.0 }, "geometry": { "type": "Polygon", "coordinates": [ [ [ -71.04500630281764, 42.345017117117074 ], [ -71.04500630281764, 42.35402612612608 ], [ -71.05718911091617, 42.35402612612608 ], [ -71.05718911091617, 42.345017117117074 ], [ -71.04500630281764, 42.345017117117074 ] ] ] } },
{ "type": "Feature", "properties": { "cell_id": 223, "cheeger_side": "right", "cheeger_boundary": false, "cheeger_fiedler": 0.062349909988085886, "cheeger_rank": 254, "cheeger_priority": 0.0, "cheeger_priority_class": "not_boundary", "cooling_sink": false, "cooling_access_score": 80.0, "cooling_sink_resistance_proxy": 20.0, "cooling_access_class": "good", "low_cooling_access": false, "street_intervention_signal": 20.0 }, "geometry": { "type": "Polygon", "coordinates": [ [ [ -71.04500630281764, 42.35402612612608 ], [ -71.04500630281764, 42.363035135135085 ], [ -71.05718911091617, 42.363035135135085 ], [ -71.05718911091617, 42.35402612612608 ], [ -71.04500630281764, 42.35402612612608 ] ] ] } },
{ "type": "Feature", "properties": { "cell_id": 224, "cheeger_side": "right", "cheeger_boundary": false, "cheeger_fiedler": 0.070609194944049103, "cheeger_rank": 286, "cheeger_priority": 0.0, "cheeger_priority_class": "not_boundary", "cooling_sink": false, "cooling_access_score": 80.0, "cooling_sink_resistance_proxy": 20.0, "cooling_access_class": "good", "low_cooling_access": false, "street_intervention_signal": 20.0 }, "geometry": { "type": "Polygon", "coordinates": [ [ [ -71.04500630281764, 42.363035135135085 ], [ -71.04500630281764, 42.372044144144091 ], [ -71.05718911091617, 42.372044144144091 ], [ -71.05718911091617, 42.363035135135085 ], [ -71.04500630281764, 42.363035135135085 ] ] ] } },
{ "type": "Feature", "properties": { "cell_id": 225, "cheeger_side": "right", "cheeger_boundary": false, "cheeger_fiedler": 0.07678123600567667, "cheeger_rank": 301, "cheeger_priority": 0.0, "cheeger_priority_class": "not_boundary", "cooling_sink": true, "cooling_access_score": 100.0, "cooling_sink_resistance_proxy": 0.0, "cooling_access_class": "good", "low_cooling_access": false, "street_intervention_signal": 0.0 }, "geometry": { "type": "Polygon", "coordinates": [ [ [ -71.04500630281764, 42.372044144144091 ], [ -71.04500630281764, 42.381053153153097 ], [ -71.05718911091617, 42.381053153153097 ], [ -71.05718911091617, 42.372044144144091 ], [ -71.04500630281764, 42.372044144144091 ] ] ] } },
{ "type": "Feature", "properties": { "cell_id": 226, "cheeger_side": "right", "cheeger_boundary": false, "cheeger_fiedler": 0.080683772652321351, "cheeger_rank": 316, "cheeger_priority": 0.0, "cheeger_priority_class": "not_boundary", "cooling_sink": true, "cooling_access_score": 100.0, "cooling_sink_resistance_proxy": 0.0, "cooling_access_class": "good", "low_cooling_access": false, "street_intervention_signal": 0.0 }, "geometry": { "type": "Polygon", "coordinates": [ [ [ -71.04500630281764, 42.381053153153097 ], [ -71.04500630281764, 42.390062162162103 ], [ -71.05718911091617, 42.390062162162103 ], [ -71.05718911091617, 42.381053153153097 ], [ -71.04500630281764, 42.381053153153097 ] ] ] } },
{ "type": "Feature", "properties": { "cell_id": 227, "cheeger_side": "right", "cheeger_boundary": false, "cheeger_fiedler": 0.064986085159107074, "cheeger_rank": 271, "cheeger_priority": 0.0, "cheeger_priority_class": "not_boundary", "cooling_sink": false, "cooling_access_score": 80.0, "cooling_sink_resistance_proxy": 20.0, "cooling_access_class": "good", "low_cooling_access": false, "street_intervention_signal": 20.0 }, "geometry": { "type": "Polygon", "coordinates": [ [ [ -71.04500630281764, 42.390062162162103 ], [ -71.04500630281764, 42.399071171171109 ], [ -71.05718911091617, 42.399071171171109 ], [ -71.05718911091617, 42.390062162162103 ], [ -71.04500630281764, 42.390062162162103 ] ] ] } },
{ "type": "Feature", "properties": { "cell_id": 228, "cheeger_side": "left", "cheeger_boundary": false, "cheeger_fiedler": -0.064948138436940972, "cheeger_rank": 52, "cheeger_priority": 0.0, "cheeger_priority_class": "not_boundary", "cooling_sink": false, "cooling_access_score": 60.0, "cooling_sink_resistance_proxy": 40.0, "cooling_access_class": "moderate", "low_cooling_access": false, "street_intervention_signal": 40.0 }, "geometry": { "type": "Polygon", "coordinates": [ [ [ -71.032823494719111, 42.2279 ], [ -71.032823494719111, 42.236909009009004 ], [ -71.04500630281764, 42.236909009009004 ], [ -71.04500630281764, 42.2279 ], [ -71.032823494719111, 42.2279 ] ] ] } },
{ "type": "Feature", "properties": { "cell_id": 229, "cheeger_side": "left", "cheeger_boundary": false, "cheeger_fiedler": -0.080636848307513637, "cheeger_rank": 7, "cheeger_priority": 0.0, "cheeger_priority_class": "not_boundary", "cooling_sink": false, "cooling_access_score": 60.0, "cooling_sink_resistance_proxy": 40.0, "cooling_access_class": "moderate", "low_cooling_access": false, "street_intervention_signal": 40.0 }, "geometry": { "type": "Polygon", "coordinates": [ [ [ -71.032823494719111, 42.236909009009004 ], [ -71.032823494719111, 42.24591801801801 ], [ -71.04500630281764, 42.24591801801801 ], [ -71.04500630281764, 42.236909009009004 ], [ -71.032823494719111, 42.236909009009004 ] ] ] } },
{ "type": "Feature", "properties": { "cell_id": 230, "cheeger_side": "left", "cheeger_boundary": false, "cheeger_fiedler": -0.076736964265777224, "cheeger_rank": 22, "cheeger_priority": 0.0, "cheeger_priority_class": "not_boundary", "cooling_sink": false, "cooling_access_score": 60.0, "cooling_sink_resistance_proxy": 40.0, "cooling_access_class": "moderate", "low_cooling_access": false, "street_intervention_signal": 40.0 }, "geometry": { "type": "Polygon", "coordinates": [ [ [ -71.032823494719111, 42.24591801801801 ], [ -71.032823494719111, 42.254927027027016 ], [ -71.04500630281764, 42.254927027027016 ], [ -71.04500630281764, 42.24591801801801 ], [ -71.032823494719111, 42.24591801801801 ] ] ] } },
{ "type": "Feature", "properties": { "cell_id": 231, "cheeger_side": "left", "cheeger_boundary": false, "cheeger_fiedler": -0.070568913097665928, "cheeger_rank": 37, "cheeger_priority": 0.0, "cheeger_priority_class": "not_boundary", "cooling_sink": false, "cooling_access_score": 40.0, "cooling_sink_resistance_proxy": 60.0, "cooling_access_class": "moderate", "low_cooling_access": false, "street_intervention_signal": 60.0 }, "geometry": { "type": "Polygon", "coordinates": [ [ [ -71.032823494719111, 42.254927027027016 ], [ -71.032823494719111, 42.263936036036021 ], [ -71.04500630281764, 42.263936036036021 ], [ -71.04500630281764, 42.254927027027016 ], [ -71.032823494719111, 42.254927027027016 ] ] ] } },
{ "type": "Feature", "properties": { "cell_id": 232, "cheeger_side": "left", "cheeger_boundary": false, "cheeger_fiedler": -0.06231470136694716, "cheeger_rank": 69, "cheeger_priority": 0.0, "cheeger_priority_class": "not_boundary", "cooling_sink": false, "cooling_access_score": 60.0, "cooling_sink_resistance_proxy": 40.0, "cooling_access_class": "moderate", "low_cooling_access": false, "street_intervention_signal": 40.0 }, "geometry": { "type": "Polygon", "coordinates": [ [ [ -71.032823494719111, 42.263936036036021 ], [ -71.032823494719111, 42.272945045045027 ], [ -71.04500630281764, 42.272945045045027 ], [ -71.04500630281764, 42.263936036036021 ], [ -71.032823494719111, 42.263936036036021 ] ] ] } },
{ "type": "Feature", "properties": { "cell_id": 233, "cheeger_side": "left", "cheeger_boundary": false, "cheeger_fiedler": -0.052218132229812829, "cheeger_rank": 88, "cheeger_priority": 0.0, "cheeger_priority_class": "not_boundary", "cooling_sink": false, "cooling_access_score": 80.0, "cooling_sink_resistance_proxy": 20.0, "cooling_access_class": "good", "low_cooling_access": false, "street_intervention_signal": 20.0 }, "geometry": { "type": "Polygon", "coordinates": [ [ [ -71.032823494719111, 42.272945045045027 ], [ -71.032823494719111, 42.281954054054033 ], [ -71.04500630281764, 42.281954054054033 ], [ -71.04500630281764, 42.272945045045027 ], [ -71.032823494719111, 42.272945045045027 ] ] ] } },
{ "type": "Feature", "properties": { "cell_id": 234, "cheeger_side": "left", "cheeger_boundary": false, "cheeger_fiedler": -0.040577606691807704, "cheeger_rank": 109, "cheeger_priority": 0.0, "cheeger_priority_class": "not_boundary", "cooling_sink": false, "cooling_access_score": 80.0, "cooling_sink_resistance_proxy": 20.0, "cooling_access_class": "good", "low_cooling_access": false, "street_intervention_signal": 20.0 }, "geometry": { "type": "Polygon", "coordinates": [ [ [ -71.032823494719111, 42.281954054054033 ], [ -71.032823494719111, 42.290963063063039 ], [ -71.04500630281764, 42.290963063063039 ], [ -71.04500630281764, 42.281954054054033 ], [ -71.032823494719111, 42.281954054054033 ] ] ] } },
{ "type": "Feature", "properties": { "cell_id": 235, "cheeger_side": "left", "cheeger_boundary": false, "cheeger_fiedler": -0.027737261351298403, "cheeger_rank": 126, "cheeger_priority": 0.0, "cheeger_priority_class": "not_boundary", "cooling_sink": true, "cooling_access_score": 100.0, "cooling_sink_resistance_proxy": 0.0, "cooling_access_class": "good", "low_cooling_access": false, "street_intervention_signal": 0.0 }, "geometry": { "type": "Polygon", "coordinates": [ [ [ -71.032823494719111, 42.290963063063039 ], [ -71.032823494719111, 42.299972072072045 ], [ -71.04500630281764, 42.299972072072045 ], [ -71.04500630281764, 42.290963063063039 ], [ -71.032823494719111, 42.290963063063039 ] ] ] } },
{ "type": "Feature", "properties": { "cell_id": 236, "cheeger_side": "left", "cheeger_boundary": false, "cheeger_fiedler": -0.014076750788488874, "cheeger_rank": 143, "cheeger_priority": 0.0, "cheeger_priority_class": "not_boundary", "cooling_sink": true, "cooling_access_score": 100.0, "cooling_sink_resistance_proxy": 0.0, "cooling_access_class": "good", "low_cooling_access": false, "street_intervention_signal": 0.0 }, "geometry": { "type": "Polygon", "coordinates": [ [ [ -71.032823494719111, 42.299972072072045 ], [ -71.032823494719111, 42.30898108108105 ], [ -71.04500630281764, 42.30898108108105 ], [ -71.04500630281764, 42.299972072072045 ], [ -71.032823494719111, 42.299972072072045 ] ] ] } },
{ "type": "Feature", "properties": { "cell_id": 237, "cheeger_side": "left", "cheeger_boundary": true, "cheeger_fiedler": -1.809753830626193e-15, "cheeger_rank": 157, "cheeger_priority": 30.044028059138604, "cheeger_priority_class": "moderate", "cooling_sink": false, "cooling_access_score": 80.0, "cooling_sink_resistance_proxy": 20.0, "cooling_access_class": "good", "low_cooling_access": false, "street_intervention_signal": 30.044028059138604 }, "geometry": { "type": "Polygon", "coordinates": [ [ [ -71.032823494719111, 42.30898108108105 ], [ -71.032823494719111, 42.317990090090056 ], [ -71.04500630281764, 42.317990090090056 ], [ -71.04500630281764, 42.30898108108105 ], [ -71.032823494719111, 42.30898108108105 ] ] ] } },
{ "type": "Feature", "properties": { "cell_id": 238, "cheeger_side": "right", "cheeger_boundary": true, "cheeger_fiedler": 0.014076750788485191, "cheeger_rank": 178, "cheeger_priority": 32.831285924023049, "cheeger_priority_class": "moderate", "cooling_sink": false, "cooling_access_score": 80.0, "cooling_sink_resistance_proxy": 20.0, "cooling_access_class": "good", "low_cooling_access": false, "street_intervention_signal": 32.831285924023049 }, "geometry": { "type": "Polygon", "coordinates": [ [ [ -71.032823494719111, 42.317990090090056 ], [ -71.032823494719111, 42.326999099099062 ], [ -71.04500630281764, 42.326999099099062 ], [ -71.04500630281764, 42.317990090090056 ], [ -71.032823494719111, 42.317990090090056 ] ] ] } },
{ "type": "Feature", "properties": { "cell_id": 239, "cheeger_side": "right", "cheeger_boundary": false, "cheeger_fiedler": 0.027737261351294607, "cheeger_rank": 195, "cheeger_priority": 0.0, "cheeger_priority_class": "not_boundary", "cooling_sink": false, "cooling_access_score": 60.0, "cooling_sink_resistance_proxy": 40.0, "cooling_access_class": "moderate", "low_cooling_access": false, "street_intervention_signal": 40.0 }, "geometry": { "type": "Polygon", "coordinates": [ [ [ -71.032823494719111, 42.326999099099062 ], [ -71.032823494719111, 42.336008108108068 ], [ -71.04500630281764, 42.336008108108068 ], [ -71.04500630281764, 42.326999099099062 ], [ -71.032823494719111, 42.326999099099062 ] ] ] } },
{ "type": "Feature", "properties": { "cell_id": 240, "cheeger_side": "right", "cheeger_boundary": false, "cheeger_fiedler": 0.040577606691803804, "cheeger_rank": 212, "cheeger_priority": 0.0, "cheeger_priority_class": "not_boundary", "cooling_sink": false, "cooling_access_score": 60.0, "cooling_sink_resistance_proxy": 40.0, "cooling_access_class": "moderate", "low_cooling_access": false, "street_intervention_signal": 40.0 }, "geometry": { "type": "Polygon", "coordinates": [ [ [ -71.032823494719111, 42.336008108108068 ], [ -71.032823494719111, 42.345017117117074 ], [ -71.04500630281764, 42.345017117117074 ], [ -71.04500630281764, 42.336008108108068 ], [ -71.032823494719111, 42.336008108108068 ] ] ] } },
{ "type": "Feature", "properties": { "cell_id": 241, "cheeger_side": "right", "cheeger_boundary": false, "cheeger_fiedler": 0.052218132229808846, "cheeger_rank": 233, "cheeger_priority": 0.0, "cheeger_priority_class": "not_boundary", "cooling_sink": false, "cooling_access_score": 60.0, "cooling_sink_resistance_proxy": 40.0, "cooling_access_class": "moderate", "low_cooling_access": false, "street_intervention_signal": 40.0 }, "geometry": { "type": "Polygon", "coordinates": [ [ [ -71.032823494719111, 42.345017117117074 ], [ -71.032823494719111, 42.35402612612608 ], [ -71.04500630281764, 42.35402612612608 ], [ -71.04500630281764, 42.345017117117074 ], [ -71.032823494719111, 42.345017117117074 ] ] ] } },
{ "type": "Feature", "properties": { "cell_id": 242, "cheeger_side": "right", "cheeger_boundary": false, "cheeger_fiedler": 0.062314701366942928, "cheeger_rank": 252, "cheeger_priority": 0.0, "cheeger_priority_class": "not_boundary", "cooling_sink": false, "cooling_access_score": 60.0, "cooling_sink_resistance_proxy": 40.0, "cooling_access_class": "moderate", "low_cooling_access": false, "street_intervention_signal": 40.0 }, "geometry": { "type": "Polygon", "coordinates": [ [ [ -71.032823494719111, 42.35402612612608 ], [ -71.032823494719111, 42.363035135135085 ], [ -71.04500630281764, 42.363035135135085 ], [ -71.04500630281764, 42.35402612612608 ], [ -71.032823494719111, 42.35402612612608 ] ] ] } },
{ "type": "Feature", "properties": { "cell_id": 243, "cheeger_side": "right", "cheeger_boundary": false, "cheeger_fiedler": 0.070568913097661556, "cheeger_rank": 284, "cheeger_priority": 0.0, "cheeger_priority_class": "not_boundary", "cooling_sink": false, "cooling_access_score": 80.0, "cooling_sink_resistance_proxy": 20.0, "cooling_access_class": "good", "low_cooling_access": false, "street_intervention_signal": 20.0 }, "geometry": { "type": "Polygon", "coordinates": [ [ [ -71.032823494719111, 42.363035135135085 ], [ -71.032823494719111, 42.372044144144091 ], [ -71.04500630281764, 42.372044144144091 ], [ -71.04500630281764, 42.363035135135085 ], [ -71.032823494719111, 42.363035135135085 ] ] ] } },
{ "type": "Feature", "properties": { "cell_id": 244, "cheeger_side": "right", "cheeger_boundary": false, "cheeger_fiedler": 0.076736964265772784, "cheeger_rank": 299, "cheeger_priority": 0.0, "cheeger_priority_class": "not_boundary", "cooling_sink": false, "cooling_access_score": 80.0, "cooling_sink_resistance_proxy": 20.0, "cooling_access_class": "good", "low_cooling_access": false, "street_intervention_signal": 20.0 }, "geometry": { "type": "Polygon", "coordinates": [ [ [ -71.032823494719111, 42.372044144144091 ], [ -71.032823494719111, 42.381053153153097 ], [ -71.04500630281764, 42.381053153153097 ], [ -71.04500630281764, 42.372044144144091 ], [ -71.032823494719111, 42.372044144144091 ] ] ] } },
{ "type": "Feature", "properties": { "cell_id": 245, "cheeger_side": "right", "cheeger_boundary": false, "cheeger_fiedler": 0.080636848307509015, "cheeger_rank": 314, "cheeger_priority": 0.0, "cheeger_priority_class": "not_boundary", "cooling_sink": true, "cooling_access_score": 100.0, "cooling_sink_resistance_proxy": 0.0, "cooling_access_class": "good", "low_cooling_access": false, "street_intervention_signal": 0.0 }, "geometry": { "type": "Polygon", "coordinates": [ [ [ -71.032823494719111, 42.381053153153097 ], [ -71.032823494719111, 42.390062162162103 ], [ -71.04500630281764, 42.390062162162103 ], [ -71.04500630281764, 42.381053153153097 ], [ -71.032823494719111, 42.381053153153097 ] ] ] } },
{ "type": "Feature", "properties": { "cell_id": 246, "cheeger_side": "right", "cheeger_boundary": false, "cheeger_fiedler": 0.064948138436937322, "cheeger_rank": 269, "cheeger_priority": 0.0, "cheeger_priority_class": "not_boundary", "cooling_sink": true, "cooling_access_score": 100.0, "cooling_sink_resistance_proxy": 0.0, "cooling_access_class": "good", "low_cooling_access": false, "street_intervention_signal": 0.0 }, "geometry": { "type": "Polygon", "coordinates": [ [ [ -71.032823494719111, 42.390062162162103 ], [ -71.032823494719111, 42.399071171171109 ], [ -71.04500630281764, 42.399071171171109 ], [ -71.04500630281764, 42.390062162162103 ], [ -71.032823494719111, 42.390062162162103 ] ] ] } },
{ "type": "Feature", "properties": { "cell_id": 247, "cheeger_side": "left", "cheeger_boundary": false, "cheeger_fiedler": -0.064898967500689117, "cheeger_rank": 54, "cheeger_priority": 0.0, "cheeger_priority_class": "not_boundary", "cooling_sink": false, "cooling_access_score": 80.0, "cooling_sink_resistance_proxy": 20.0, "cooling_access_class": "good", "low_cooling_access": false, "street_intervention_signal": 20.0 }, "geometry": { "type": "Polygon", "coordinates": [ [ [ -71.020640686620581, 42.2279 ], [ -71.020640686620581, 42.236909009009004 ], [ -71.032823494719111, 42.236909009009004 ], [ -71.032823494719111, 42.2279 ], [ -71.020640686620581, 42.2279 ] ] ] } },
{ "type": "Feature", "properties": { "cell_id": 248, "cheeger_side": "left", "cheeger_boundary": false, "cheeger_fiedler": -0.080576200690156669, "cheeger_rank": 9, "cheeger_priority": 0.0, "cheeger_priority_class": "not_boundary", "cooling_sink": false, "cooling_access_score": 80.0, "cooling_sink_resistance_proxy": 20.0, "cooling_access_class": "good", "low_cooling_access": false, "street_intervention_signal": 20.0 }, "geometry": { "type": "Polygon", "coordinates": [ [ [ -71.020640686620581, 42.236909009009004 ], [ -71.020640686620581, 42.24591801801801 ], [ -71.032823494719111, 42.24591801801801 ], [ -71.032823494719111, 42.236909009009004 ], [ -71.020640686620581, 42.236909009009004 ] ] ] } },
{ "type": "Feature", "properties": { "cell_id": 249, "cheeger_side": "left", "cheeger_boundary": false, "cheeger_fiedler": -0.076680023322601473, "cheeger_rank": 24, "cheeger_priority": 0.0, "cheeger_priority_class": "not_boundary", "cooling_sink": false, "cooling_access_score": 60.0, "cooling_sink_resistance_proxy": 40.0, "cooling_access_class": "moderate", "low_cooling_access": false, "street_intervention_signal": 40.0 }, "geometry": { "type": "Polygon", "coordinates": [ [ [ -71.020640686620581, 42.24591801801801 ], [ -71.020640686620581, 42.254927027027016 ], [ -71.032823494719111, 42.254927027027016 ], [ -71.032823494719111, 42.24591801801801 ], [ -71.020640686620581, 42.24591801801801 ] ] ] } },
{ "type": "Feature", "properties": { "cell_id": 250, "cheeger_side": "left", "cheeger_boundary": false, "cheeger_fiedler": -0.070517325191537625, "cheeger_rank": 39, "cheeger_priority": 0.0, "cheeger_priority_class": "not_boundary", "cooling_sink": false, "cooling_access_score": 40.0, "cooling_sink_resistance_proxy": 60.0, "cooling_access_class": "moderate", "low_cooling_access": false, "street_intervention_signal": 60.0 }, "geometry": { "type": "Polygon", "coordinates": [ [ [ -71.020640686620581, 42.254927027027016 ], [ -71.020640686620581, 42.263936036036021 ], [ -71.032823494719111, 42.263936036036021 ], [ -71.032823494719111, 42.254927027027016 ], [ -71.020640686620581, 42.254927027027016 ] ] ] } },
{ "type": "Feature", "properties": { "cell_id": 251, "cheeger_side": "left", "cheeger_boundary": false, "cheeger_fiedler": -0.062269719924510095, "cheeger_rank": 71, "cheeger_priority": 0.0, "cheeger_priority_class": "not_boundary", "cooling_sink": false, "cooling_access_score": 60.0, "cooling_sink_resistance_proxy": 40.0, "cooling_access_class": "moderate", "low_cooling_access": false, "street_intervention_signal": 40.0 }, "geometry": { "type": "Polygon", "coordinates": [ [ [ -71.020640686620581, 42.263936036036021 ], [ -71.020640686620581, 42.272945045045027 ], [ -71.032823494719111, 42.272945045045027 ], [ -71.032823494719111, 42.263936036036021 ], [ -71.020640686620581, 42.263936036036021 ] ] ] } },
{ "type": "Feature", "properties": { "cell_id": 252, "cheeger_side": "left", "cheeger_boundary": false, "cheeger_fiedler": -0.05218077761316052, "cheeger_rank": 90, "cheeger_priority": 0.0, "cheeger_priority_class": "not_boundary", "cooling_sink": false, "cooling_access_score": 60.0, "cooling_sink_resistance_proxy": 40.0, "cooling_access_class": "moderate", "low_cooling_access": false, "street_intervention_signal": 40.0 }, "geometry": { "type": "Polygon", "coordinates": [ [ [ -71.020640686620581, 42.272945045045027 ], [ -71.020640686620581, 42.281954054054033 ], [ -71.032823494719111, 42.281954054054033 ], [ -71.032823494719111, 42.272945045045027 ], [ -71.020640686620581, 42.272945045045027 ] ] ] } },
{ "type": "Feature", "properties": { "cell_id": 253, "cheeger_side": "left", "cheeger_boundary": false, "cheeger_fiedler": -0.040548756570661468, "cheeger_rank": 111, "cheeger_priority": 0.0, "cheeger_priority_class": "not_boundary", "cooling_sink": false, "cooling_access_score": 80.0, "cooling_sink_resistance_proxy": 20.0, "cooling_access_class": "good", "low_cooling_access": false, "street_intervention_signal": 20.0 }, "geometry": { "type": "Polygon", "coordinates": [ [ [ -71.020640686620581, 42.281954054054033 ], [ -71.020640686620581, 42.290963063063039 ], [ -71.032823494719111, 42.290963063063039 ], [ -71.032823494719111, 42.281954054054033 ], [ -71.020640686620581, 42.281954054054033 ] ] ] } },
{ "type": "Feature", "properties": { "cell_id": 254, "cheeger_side": "left", "cheeger_boundary": false, "cheeger_fiedler": -0.027717617557180149, "cheeger_rank": 128, "cheeger_priority": 0.0, "cheeger_priority_class": "not_boundary", "cooling_sink": true, "cooling_access_score": 100.0, "cooling_sink_resistance_proxy": 0.0, "cooling_access_class": "good", "low_cooling_access": false, "street_intervention_signal": 0.0 }, "geometry": { "type": "Polygon", "coordinates": [ [ [ -71.020640686620581, 42.290963063063039 ], [ -71.020640686620581, 42.299972072072045 ], [ -71.032823494719111, 42.299972072072045 ], [ -71.032823494719111, 42.290963063063039 ], [ -71.020640686620581, 42.290963063063039 ] ] ] } },
{ "type": "Feature", "properties": { "cell_id": 255, "cheeger_side": "left", "cheeger_boundary": false, "cheeger_fiedler": -0.014066803131037125, "cheeger_rank": 145, "cheeger_priority": 0.0, "cheeger_priority_class": "not_boundary", "cooling_sink": true, "cooling_access_score": 100.0, "cooling_sink_resistance_proxy": 0.0, "cooling_access_class": "good", "low_cooling_access": false, "street_intervention_signal": 0.0 }, "geometry": { "type": "Polygon", "coordinates": [ [ [ -71.020640686620581, 42.299972072072045 ], [ -71.020640686620581, 42.30898108108105 ], [ -71.032823494719111, 42.30898108108105 ], [ -71.032823494719111, 42.299972072072045 ], [ -71.020640686620581, 42.299972072072045 ] ] ] } },
{ "type": "Feature", "properties": { "cell_id": 256, "cheeger_side": "left", "cheeger_boundary": true, "cheeger_fiedler": -2.1449195296859192e-15, "cheeger_rank": 155, "cheeger_priority": 3.0412361954772043, "cheeger_priority_class": "moderate", "cooling_sink": true, "cooling_access_score": 100.0, "cooling_sink_resistance_proxy": 0.0, "cooling_access_class": "good", "low_cooling_access": false, "street_intervention_signal": 3.0412361954772043 }, "geometry": { "type": "Polygon", "coordinates": [ [ [ -71.020640686620581, 42.30898108108105 ], [ -71.020640686620581, 42.317990090090056 ], [ -71.032823494719111, 42.317990090090056 ], [ -71.032823494719111, 42.30898108108105 ], [ -71.020640686620581, 42.30898108108105 ] ] ] } },
{ "type": "Feature", "properties": { "cell_id": 257, "cheeger_side": "right", "cheeger_boundary": true, "cheeger_fiedler": 0.014066803131032824, "cheeger_rank": 176, "cheeger_priority": 29.783004403345924, "cheeger_priority_class": "moderate", "cooling_sink": false, "cooling_access_score": 80.0, "cooling_sink_resistance_proxy": 20.0, "cooling_access_class": "good", "low_cooling_access": false, "street_intervention_signal": 29.783004403345924 }, "geometry": { "type": "Polygon", "coordinates": [ [ [ -71.020640686620581, 42.317990090090056 ], [ -71.020640686620581, 42.326999099099062 ], [ -71.032823494719111, 42.326999099099062 ], [ -71.032823494719111, 42.317990090090056 ], [ -71.020640686620581, 42.317990090090056 ] ] ] } },
{ "type": "Feature", "properties": { "cell_id": 258, "cheeger_side": "right", "cheeger_boundary": false, "cheeger_fiedler": 0.027717617557175781, "cheeger_rank": 193, "cheeger_priority": 0.0, "cheeger_priority_class": "not_boundary", "cooling_sink": false, "cooling_access_score": 80.0, "cooling_sink_resistance_proxy": 20.0, "cooling_access_class": "good", "low_cooling_access": false, "street_intervention_signal": 20.0 }, "geometry": { "type": "Polygon", "coordinates": [ [ [ -71.020640686620581, 42.326999099099062 ], [ -71.020640686620581, 42.336008108108068 ], [ -71.032823494719111, 42.336008108108068 ], [ -71.032823494719111, 42.326999099099062 ], [ -71.020640686620581, 42.326999099099062 ] ] ] } },
{ "type": "Feature", "properties": { "cell_id": 259, "cheeger_side": "right", "cheeger_boundary": false, "cheeger_fiedler": 0.040548756570656985, "cheeger_rank": 210, "cheeger_priority": 0.0, "cheeger_priority_class": "not_boundary", "cooling_sink": false, "cooling_access_score": 60.0, "cooling_sink_resistance_proxy": 40.0, "cooling_access_class": "moderate", "low_cooling_access": false, "street_intervention_signal": 40.0 }, "geometry": { "type": "Polygon", "coordinates": [ [ [ -71.020640686620581, 42.336008108108068 ], [ -71.020640686620581, 42.345017117117074 ], [ -71.032823494719111, 42.345017117117074 ], [ -71.032823494719111, 42.336008108108068 ], [ -71.020640686620581, 42.336008108108068 ] ] ] } },
{ "type": "Feature", "properties": { "cell_id": 260, "cheeger_side": "right", "cheeger_boundary": false, "cheeger_fiedler": 0.052180777613155829, "cheeger_rank": 231, "cheeger_priority": 0.0, "cheeger_priority_class": "not_boundary", "cooling_sink": false, "cooling_access_score": 40.0, "cooling_sink_resistance_proxy": 60.0, "cooling_access_class": "moderate", "low_cooling_access": false, "street_intervention_signal": 60.0 }, "geometry": { "type": "Polygon", "coordinates": [ [ [ -71.020640686620581, 42.345017117117074 ], [ -71.020640686620581, 42.35402612612608 ], [ -71.032823494719111, 42.35402612612608 ], [ -71.032823494719111, 42.345017117117074 ], [ -71.020640686620581, 42.345017117117074 ] ] ] } },
{ "type": "Feature", "properties": { "cell_id": 261, "cheeger_side": "right", "cheeger_boundary": false, "cheeger_fiedler": 0.062269719924505147, "cheeger_rank": 250, "cheeger_priority": 0.0, "cheeger_priority_class": "not_boundary", "cooling_sink": false, "cooling_access_score": 60.0, "cooling_sink_resistance_proxy": 40.0, "cooling_access_class": "moderate", "low_cooling_access": false, "street_intervention_signal": 40.0 }, "geometry": { "type": "Polygon", "coordinates": [ [ [ -71.020640686620581, 42.35402612612608 ], [ -71.020640686620581, 42.363035135135085 ], [ -71.032823494719111, 42.363035135135085 ], [ -71.032823494719111, 42.35402612612608 ], [ -71.020640686620581, 42.35402612612608 ] ] ] } },
{ "type": "Feature", "properties": { "cell_id": 262, "cheeger_side": "right", "cheeger_boundary": false, "cheeger_fiedler": 0.07051732519153249, "cheeger_rank": 282, "cheeger_priority": 0.0, "cheeger_priority_class": "not_boundary", "cooling_sink": false, "cooling_access_score": 60.0, "cooling_sink_resistance_proxy": 40.0, "cooling_access_class": "moderate", "low_cooling_access": false, "street_intervention_signal": 40.0 }, "geometry": { "type": "Polygon", "coordinates": [ [ [ -71.020640686620581, 42.363035135135085 ], [ -71.020640686620581, 42.372044144144091 ], [ -71.032823494719111, 42.372044144144091 ], [ -71.032823494719111, 42.363035135135085 ], [ -71.020640686620581, 42.363035135135085 ] ] ] } },
{ "type": "Feature", "properties": { "cell_id": 263, "cheeger_side": "right", "cheeger_boundary": false, "cheeger_fiedler": 0.076680023322596255, "cheeger_rank": 297, "cheeger_priority": 0.0, "cheeger_priority_class": "not_boundary", "cooling_sink": false, "cooling_access_score": 80.0, "cooling_sink_resistance_proxy": 20.0, "cooling_access_class": "good", "low_cooling_access": false, "street_intervention_signal": 20.0 }, "geometry": { "type": "Polygon", "coordinates": [ [ [ -71.020640686620581, 42.372044144144091 ], [ -71.020640686620581, 42.381053153153097 ], [ -71.032823494719111, 42.381053153153097 ], [ -71.032823494719111, 42.372044144144091 ], [ -71.020640686620581, 42.372044144144091 ] ] ] } },
{ "type": "Feature", "properties": { "cell_id": 264, "cheeger_side": "right", "cheeger_boundary": false, "cheeger_fiedler": 0.080576200690151409, "cheeger_rank": 312, "cheeger_priority": 0.0, "cheeger_priority_class": "not_boundary", "cooling_sink": false, "cooling_access_score": 80.0, "cooling_sink_resistance_proxy": 20.0, "cooling_access_class": "good", "low_cooling_access": false, "street_intervention_signal": 20.0 }, "geometry": { "type": "Polygon", "coordinates": [ [ [ -71.020640686620581, 42.381053153153097 ], [ -71.020640686620581, 42.390062162162103 ], [ -71.032823494719111, 42.390062162162103 ], [ -71.032823494719111, 42.381053153153097 ], [ -71.020640686620581, 42.381053153153097 ] ] ] } },
{ "type": "Feature", "properties": { "cell_id": 265, "cheeger_side": "right", "cheeger_boundary": false, "cheeger_fiedler": 0.064898967500684787, "cheeger_rank": 267, "cheeger_priority": 0.0, "cheeger_priority_class": "not_boundary", "cooling_sink": true, "cooling_access_score": 100.0, "cooling_sink_resistance_proxy": 0.0, "cooling_access_class": "good", "low_cooling_access": false, "street_intervention_signal": 0.0 }, "geometry": { "type": "Polygon", "coordinates": [ [ [ -71.020640686620581, 42.390062162162103 ], [ -71.020640686620581, 42.399071171171109 ], [ -71.032823494719111, 42.399071171171109 ], [ -71.032823494719111, 42.390062162162103 ], [ -71.020640686620581, 42.390062162162103 ] ] ] } },
{ "type": "Feature", "properties": { "cell_id": 266, "cheeger_side": "left", "cheeger_boundary": false, "cheeger_fiedler": -0.06483793906285161, "cheeger_rank": 56, "cheeger_priority": 0.0, "cheeger_priority_class": "not_boundary", "cooling_sink": true, "cooling_access_score": 100.0, "cooling_sink_resistance_proxy": 0.0, "cooling_access_class": "good", "low_cooling_access": false, "street_intervention_signal": 0.0 }, "geometry": { "type": "Polygon", "coordinates": [ [ [ -71.008457878522051, 42.2279 ], [ -71.008457878522051, 42.236909009009004 ], [ -71.020640686620581, 42.236909009009004 ], [ -71.020640686620581, 42.2279 ], [ -71.008457878522051, 42.2279 ] ] ] } },
{ "type": "Feature", "properties": { "cell_id": 267, "cheeger_side": "left", "cheeger_boundary": false, "cheeger_fiedler": -0.080501449209177817, "cheeger_rank": 11, "cheeger_priority": 0.0, "cheeger_priority_class": "not_boundary", "cooling_sink": false, "cooling_access_score": 80.0, "cooling_sink_resistance_proxy": 20.0, "cooling_access_class": "good", "low_cooling_access": false, "street_intervention_signal": 20.0 }, "geometry": { "type": "Polygon", "coordinates": [ [ [ -71.008457878522051, 42.236909009009004 ], [ -71.008457878522051, 42.24591801801801 ], [ -71.020640686620581, 42.24591801801801 ], [ -71.020640686620581, 42.236909009009004 ], [ -71.008457878522051, 42.236909009009004 ] ] ] } },
{ "type": "Feature", "properties": { "cell_id": 268, "cheeger_side": "left", "cheeger_boundary": false, "cheeger_fiedler": -0.076610530132966634, "cheeger_rank": 26, "cheeger_priority": 0.0, "cheeger_priority_class": "not_boundary", "cooling_sink": false, "cooling_access_score": 60.0, "cooling_sink_resistance_proxy": 40.0, "cooling_access_class": "moderate", "low_cooling_access": false, "street_intervention_signal": 40.0 }, "geometry": { "type": "Polygon", "coordinates": [ [ [ -71.008457878522051, 42.24591801801801 ], [ -71.008457878522051, 42.254927027027016 ], [ -71.020640686620581, 42.254927027027016 ], [ -71.020640686620581, 42.24591801801801 ], [ -71.008457878522051, 42.24591801801801 ] ] ] } },
{ "type": "Feature", "properties": { "cell_id": 269, "cheeger_side": "left", "cheeger_boundary": false, "cheeger_fiedler": -0.070454832872312925, "cheeger_rank": 41, "cheeger_priority": 0.0, "cheeger_priority_class": "not_boundary", "cooling_sink": false, "cooling_access_score": 40.0, "cooling_sink_resistance_proxy": 60.0, "cooling_access_class": "moderate", "low_cooling_access": false, "street_intervention_signal": 60.0 }, "geometry": { "type": "Polygon", "coordinates": [ [ [ -71.008457878522051, 42.254927027027016 ], [ -71.008457878522051, 42.263936036036021 ], [ -71.020640686620581, 42.263936036036021 ], [ -71.020640686620581, 42.254927027027016 ], [ -71.008457878522051, 42.254927027027016 ] ] ] } },
{ "type": "Feature", "properties": { "cell_id": 270, "cheeger_side": "left", "cheeger_boundary": false, "cheeger_fiedler": -0.062215286578413048, "cheeger_rank": 73, "cheeger_priority": 0.0, "cheeger_priority_class": "not_boundary", "cooling_sink": false, "cooling_access_score": 40.0, "cooling_sink_resistance_proxy": 60.0, "cooling_access_class": "moderate", "low_cooling_access": false, "street_intervention_signal": 60.0 }, "geometry": { "type": "Polygon", "coordinates": [ [ [ -71.008457878522051, 42.263936036036021 ], [ -71.008457878522051, 42.272945045045027 ], [ -71.020640686620581, 42.272945045045027 ], [ -71.020640686620581, 42.263936036036021 ], [ -71.008457878522051, 42.263936036036021 ] ] ] } },
{ "type": "Feature", "properties": { "cell_id": 271, "cheeger_side": "left", "cheeger_boundary": false, "cheeger_fiedler": -0.052135552663155928, "cheeger_rank": 92, "cheeger_priority": 0.0, "cheeger_priority_class": "not_boundary", "cooling_sink": false, "cooling_access_score": 60.0, "cooling_sink_resistance_proxy": 40.0, "cooling_access_class": "moderate", "low_cooling_access": false, "street_intervention_signal": 40.0 }, "geometry": { "type": "Polygon", "coordinates": [ [ [ -71.008457878522051, 42.272945045045027 ], [ -71.008457878522051, 42.281954054054033 ], [ -71.020640686620581, 42.281954054054033 ], [ -71.020640686620581, 42.272945045045027 ], [ -71.008457878522051, 42.272945045045027 ] ] ] } },
{ "type": "Feature", "properties": { "cell_id": 272, "cheeger_side": "left", "cheeger_boundary": false, "cheeger_fiedler": -0.040513800866628209, "cheeger_rank": 113, "cheeger_priority": 0.0, "cheeger_priority_class": "not_boundary", "cooling_sink": false, "cooling_access_score": 80.0, "cooling_sink_resistance_proxy": 20.0, "cooling_access_class": "good", "low_cooling_access": false, "street_intervention_signal": 20.0 }, "geometry": { "type": "Polygon", "coordinates": [ [ [ -71.008457878522051, 42.281954054054033 ], [ -71.008457878522051, 42.290963063063039 ], [ -71.020640686620581, 42.290963063063039 ], [ -71.020640686620581, 42.281954054054033 ], [ -71.008457878522051, 42.281954054054033 ] ] ] } },
{ "type": "Feature", "properties": { "cell_id": 273, "cheeger_side": "left", "cheeger_boundary": false, "cheeger_fiedler": -0.027693800928012338, "cheeger_rank": 130, "cheeger_priority": 0.0, "cheeger_priority_class": "not_boundary", "cooling_sink": false, "cooling_access_score": 80.0, "cooling_sink_resistance_proxy": 20.0, "cooling_access_class": "good", "low_cooling_access": false, "street_intervention_signal": 20.0 }, "geometry": { "type": "Polygon", "coordinates": [ [ [ -71.008457878522051, 42.290963063063039 ], [ -71.008457878522051, 42.299972072072045 ], [ -71.020640686620581, 42.299972072072045 ], [ -71.020640686620581, 42.290963063063039 ], [ -71.008457878522051, 42.290963063063039 ] ] ] } },
{ "type": "Feature", "properties": { "cell_id": 274, "cheeger_side": "left", "cheeger_boundary": false, "cheeger_fiedler": -0.014054737363444607, "cheeger_rank": 147, "cheeger_priority": 0.0, "cheeger_priority_class": "not_boundary", "cooling_sink": false, "cooling_access_score": 80.0, "cooling_sink_resistance_proxy": 20.0, "cooling_access_class": "good", "low_cooling_access": false, "street_intervention_signal": 20.0 }, "geometry": { "type": "Polygon", "coordinates": [ [ [ -71.008457878522051, 42.299972072072045 ], [ -71.008457878522051, 42.30898108108105 ], [ -71.020640686620581, 42.30898108108105 ], [ -71.020640686620581, 42.299972072072045 ], [ -71.008457878522051, 42.299972072072045 ] ] ] } },
{ "type": "Feature", "properties": { "cell_id": 275, "cheeger_side": "left", "cheeger_boundary": true, "cheeger_fiedler": -2.3251179833879795e-15, "cheeger_rank": 154, "cheeger_priority": 0.0, "cheeger_priority_class": "not_boundary", "cooling_sink": true, "cooling_access_score": 100.0, "cooling_sink_resistance_proxy": 0.0, "cooling_access_class": "good", "low_cooling_access": false, "street_intervention_signal": 0.0 }, "geometry": { "type": "Polygon", "coordinates": [ [ [ -71.008457878522051, 42.30898108108105 ], [ -71.008457878522051, 42.317990090090056 ], [ -71.020640686620581, 42.317990090090056 ], [ -71.020640686620581, 42.30898108108105 ], [ -71.008457878522051, 42.30898108108105 ] ] ] } },
{ "type": "Feature", "properties": { "cell_id": 276, "cheeger_side": "right", "cheeger_boundary": true, "cheeger_fiedler": 0.014054737363439877, "cheeger_rank": 174, "cheeger_priority": 13.377443352008411, "cheeger_priority_class": "moderate", "cooling_sink": true, "cooling_access_score": 100.0, "cooling_sink_resistance_proxy": 0.0, "cooling_access_class": "good", "low_cooling_access": false, "street_intervention_signal": 13.377443352008411 }, "geometry": { "type": "Polygon", "coordinates": [ [ [ -71.008457878522051, 42.317990090090056 ], [ -71.008457878522051, 42.326999099099062 ], [ -71.020640686620581, 42.326999099099062 ], [ -71.020640686620581, 42.317990090090056 ], [ -71.008457878522051, 42.317990090090056 ] ] ] } },
{ "type": "Feature", "properties": { "cell_id": 277, "cheeger_side": "right", "cheeger_boundary": false, "cheeger_fiedler": 0.027693800928007523, "cheeger_rank": 191, "cheeger_priority": 0.0, "cheeger_priority_class": "not_boundary", "cooling_sink": false, "cooling_access_score": 80.0, "cooling_sink_resistance_proxy": 20.0, "cooling_access_class": "good", "low_cooling_access": false, "street_intervention_signal": 20.0 }, "geometry": { "type": "Polygon", "coordinates": [ [ [ -71.008457878522051, 42.326999099099062 ], [ -71.008457878522051, 42.336008108108068 ], [ -71.020640686620581, 42.336008108108068 ], [ -71.020640686620581, 42.326999099099062 ], [ -71.008457878522051, 42.326999099099062 ] ] ] } },
{ "type": "Feature", "properties": { "cell_id": 278, "cheeger_side": "right", "cheeger_boundary": false, "cheeger_fiedler": 0.040513800866623255, "cheeger_rank": 208, "cheeger_priority": 0.0, "cheeger_priority_class": "not_boundary", "cooling_sink": false, "cooling_access_score": 60.0, "cooling_sink_resistance_proxy": 40.0, "cooling_access_class": "moderate", "low_cooling_access": false, "street_intervention_signal": 40.0 }, "geometry": { "type": "Polygon", "coordinates": [ [ [ -71.008457878522051, 42.336008108108068 ], [ -71.008457878522051, 42.345017117117074 ], [ -71.020640686620581, 42.345017117117074 ], [ -71.020640686620581, 42.336008108108068 ], [ -71.008457878522051, 42.336008108108068 ] ] ] } },
{ "type": "Feature", "properties": { "cell_id": 279, "cheeger_side": "right", "cheeger_boundary": false, "cheeger_fiedler": 0.052135552663150786, "cheeger_rank": 229, "cheeger_priority": 0.0, "cheeger_priority_class": "not_boundary", "cooling_sink": false, "cooling_access_score": 40.0, "cooling_sink_resistance_proxy": 60.0, "cooling_access_class": "moderate", "low_cooling_access": false, "street_intervention_signal": 60.0 }, "geometry": { "type": "Polygon", "coordinates": [ [ [ -71.008457878522051, 42.345017117117074 ], [ -71.008457878522051, 42.35402612612608 ], [ -71.020640686620581, 42.35402612612608 ], [ -71.020640686620581, 42.345017117117074 ], [ -71.008457878522051, 42.345017117117074 ] ] ] } },
{ "type": "Feature", "properties": { "cell_id": 280, "cheeger_side": "right", "cheeger_boundary": false, "cheeger_fiedler": 0.062215286578407691, "cheeger_rank": 248, "cheeger_priority": 0.0, "cheeger_priority_class": "not_boundary", "cooling_sink": false, "cooling_access_score": 40.0, "cooling_sink_resistance_proxy": 60.0, "cooling_access_class": "moderate", "low_cooling_access": false, "street_intervention_signal": 60.0 }, "geometry": { "type": "Polygon", "coordinates": [ [ [ -71.008457878522051, 42.35402612612608 ], [ -71.008457878522051, 42.363035135135085 ], [ -71.020640686620581, 42.363035135135085 ], [ -71.020640686620581, 42.35402612612608 ], [ -71.008457878522051, 42.35402612612608 ] ] ] } },
{ "type": "Feature", "properties": { "cell_id": 281, "cheeger_side": "right", "cheeger_boundary": false, "cheeger_fiedler": 0.070454832872307249, "cheeger_rank": 280, "cheeger_priority": 0.0, "cheeger_priority_class": "not_boundary", "cooling_sink": false, "cooling_access_score": 60.0, "cooling_sink_resistance_proxy": 40.0, "cooling_access_class": "moderate", "low_cooling_access": false, "street_intervention_signal": 40.0 }, "geometry": { "type": "Polygon", "coordinates": [ [ [ -71.008457878522051, 42.363035135135085 ], [ -71.008457878522051, 42.372044144144091 ], [ -71.020640686620581, 42.372044144144091 ], [ -71.020640686620581, 42.363035135135085 ], [ -71.008457878522051, 42.363035135135085 ] ] ] } },
{ "type": "Feature", "properties": { "cell_id": 282, "cheeger_side": "right", "cheeger_boundary": false, "cheeger_fiedler": 0.07661053013296093, "cheeger_rank": 295, "cheeger_priority": 0.0, "cheeger_priority_class": "not_boundary", "cooling_sink": false, "cooling_access_score": 60.0, "cooling_sink_resistance_proxy": 40.0, "cooling_access_class": "moderate", "low_cooling_access": false, "street_intervention_signal": 40.0 }, "geometry": { "type": "Polygon", "coordinates": [ [ [ -71.008457878522051, 42.372044144144091 ], [ -71.008457878522051, 42.381053153153097 ], [ -71.020640686620581, 42.381053153153097 ], [ -71.020640686620581, 42.372044144144091 ], [ -71.008457878522051, 42.372044144144091 ] ] ] } },
{ "type": "Feature", "properties": { "cell_id": 283, "cheeger_side": "right", "cheeger_boundary": false, "cheeger_fiedler": 0.080501449209171919, "cheeger_rank": 310, "cheeger_priority": 0.0, "cheeger_priority_class": "not_boundary", "cooling_sink": false, "cooling_access_score": 80.0, "cooling_sink_resistance_proxy": 20.0, "cooling_access_class": "good", "low_cooling_access": false, "street_intervention_signal": 20.0 }, "geometry": { "type": "Polygon", "coordinates": [ [ [ -71.008457878522051, 42.381053153153097 ], [ -71.008457878522051, 42.390062162162103 ], [ -71.020640686620581, 42.390062162162103 ], [ -71.020640686620581, 42.381053153153097 ], [ -71.008457878522051, 42.381053153153097 ] ] ] } },
{ "type": "Feature", "properties": { "cell_id": 284, "cheeger_side": "right", "cheeger_boundary": false, "cheeger_fiedler": 0.064837939062846864, "cheeger_rank": 265, "cheeger_priority": 0.0, "cheeger_priority_class": "not_boundary", "cooling_sink": false, "cooling_access_score": 80.0, "cooling_sink_resistance_proxy": 20.0, "cooling_access_class": "good", "low_cooling_access": false, "street_intervention_signal": 20.0 }, "geometry": { "type": "Polygon", "coordinates": [ [ [ -71.008457878522051, 42.390062162162103 ], [ -71.008457878522051, 42.399071171171109 ], [ -71.020640686620581, 42.399071171171109 ], [ -71.020640686620581, 42.390062162162103 ], [ -71.008457878522051, 42.390062162162103 ] ] ] } },
{ "type": "Feature", "properties": { "cell_id": 285, "cheeger_side": "left", "cheeger_boundary": false, "cheeger_fiedler": -0.064763445395997862, "cheeger_rank": 58, "cheeger_priority": 0.0, "cheeger_priority_class": "not_boundary", "cooling_sink": false, "cooling_access_score": 80.0, "cooling_sink_resistance_proxy": 20.0, "cooling_access_class": "good", "low_cooling_access": false, "street_intervention_signal": 20.0 }, "geometry": { "type": "Polygon", "coordinates": [ [ [ -70.996275070423522, 42.2279 ], [ -70.996275070423522, 42.236909009009004 ], [ -71.008457878522051, 42.236909009009004 ], [ -71.008457878522051, 42.2279 ], [ -70.996275070423522, 42.2279 ] ] ] } },
{ "type": "Feature", "properties": { "cell_id": 286, "cheeger_side": "left", "cheeger_boundary": false, "cheeger_fiedler": -0.080411597231666451, "cheeger_rank": 13, "cheeger_priority": 0.0, "cheeger_priority_class": "not_boundary", "cooling_sink": false, "cooling_access_score": 80.0, "cooling_sink_resistance_proxy": 20.0, "cooling_access_class": "good", "low_cooling_access": false, "street_intervention_signal": 20.0 }, "geometry": { "type": "Polygon", "coordinates": [ [ [ -70.996275070423522, 42.236909009009004 ], [ -70.996275070423522, 42.24591801801801 ], [ -71.008457878522051, 42.24591801801801 ], [ -71.008457878522051, 42.236909009009004 ], [ -70.996275070423522, 42.236909009009004 ] ] ] } },
{ "type": "Feature", "properties": { "cell_id": 287, "cheeger_side": "left", "cheeger_boundary": false, "cheeger_fiedler": -0.076529737449390109, "cheeger_rank": 28, "cheeger_priority": 0.0, "cheeger_priority_class": "not_boundary", "cooling_sink": false, "cooling_access_score": 60.0, "cooling_sink_resistance_proxy": 40.0, "cooling_access_class": "moderate", "low_cooling_access": false, "street_intervention_signal": 40.0 }, "geometry": { "type": "Polygon", "coordinates": [ [ [ -70.996275070423522, 42.24591801801801 ], [ -70.996275070423522, 42.254927027027016 ], [ -71.008457878522051, 42.254927027027016 ], [ -71.008457878522051, 42.24591801801801 ], [ -70.996275070423522, 42.24591801801801 ] ] ] } },
{ "type": "Feature", "properties": { "cell_id": 288, "cheeger_side": "left", "cheeger_boundary": false, "cheeger_fiedler": -0.070382148596798838, "cheeger_rank": 43, "cheeger_priority": 0.0, "cheeger_priority_class": "not_boundary", "cooling_sink": false, "cooling_access_score": 40.0, "cooling_sink_resistance_proxy": 60.0, "cooling_access_class": "moderate", "low_cooling_access": false, "street_intervention_signal": 60.0 }, "geometry": { "type": "Polygon", "coordinates": [ [ [ -70.996275070423522, 42.254927027027016 ], [ -70.996275070423522, 42.263936036036021 ], [ -71.008457878522051, 42.263936036036021 ], [ -71.008457878522051, 42.254927027027016 ], [ -70.996275070423522, 42.254927027027016 ] ] ] } },
{ "type": "Feature", "properties": { "cell_id": 289, "cheeger_side": "left", "cheeger_boundary": false, "cheeger_fiedler": -0.062151833896878166, "cheeger_rank": 75, "cheeger_priority": 0.0, "cheeger_priority_class": "not_boundary", "cooling_sink": false, "cooling_access_score": 40.0, "cooling_sink_resistance_proxy": 60.0, "cooling_access_class": "moderate", "low_cooling_access": false, "street_intervention_signal": 60.0 }, "geometry": { "type": "Polygon", "coordinates": [ [ [ -70.996275070423522, 42.263936036036021 ], [ -70.996275070423522, 42.272945045045027 ], [ -71.008457878522051, 42.272945045045027 ], [ -71.008457878522051, 42.263936036036021 ], [ -70.996275070423522, 42.263936036036021 ] ] ] } },
{ "type": "Feature", "properties": { "cell_id": 290, "cheeger_side": "left", "cheeger_boundary": false, "cheeger_fiedler": -0.052082717598646307, "cheeger_rank": 94, "cheeger_priority": 0.0, "cheeger_priority_class": "not_boundary", "cooling_sink": false, "cooling_access_score": 60.0, "cooling_sink_resistance_proxy": 40.0, "cooling_access_class": "moderate", "low_cooling_access": false, "street_intervention_signal": 40.0 }, "geometry": { "type": "Polygon", "coordinates": [ [ [ -70.996275070423522, 42.272945045045027 ], [ -70.996275070423522, 42.281954054054033 ], [ -71.008457878522051, 42.281954054054033 ], [ -71.008457878522051, 42.272945045045027 ], [ -70.996275070423522, 42.272945045045027 ] ] ] } },
{ "type": "Feature", "properties": { "cell_id": 291, "cheeger_side": "left", "cheeger_boundary": false, "cheeger_fiedler": -0.040472896695315681, "cheeger_rank": 115, "cheeger_priority": 0.0, "cheeger_priority_class": "not_boundary", "cooling_sink": false, "cooling_access_score": 60.0, "cooling_sink_resistance_proxy": 40.0, "cooling_access_class": "moderate", "low_cooling_access": false, "street_intervention_signal": 40.0 }, "geometry": { "type": "Polygon", "coordinates": [ [ [ -70.996275070423522, 42.281954054054033 ], [ -70.996275070423522, 42.290963063063039 ], [ -71.008457878522051, 42.290963063063039 ], [ -71.008457878522051, 42.281954054054033 ], [ -70.996275070423522, 42.281954054054033 ] ] ] } },
{ "type": "Feature", "properties": { "cell_id": 292, "cheeger_side": "left", "cheeger_boundary": false, "cheeger_fiedler": -0.027665901444545629, "cheeger_rank": 132, "cheeger_priority": 0.0, "cheeger_priority_class": "not_boundary", "cooling_sink": false, "cooling_access_score": 60.0, "cooling_sink_resistance_proxy": 40.0, "cooling_access_class": "moderate", "low_cooling_access": false, "street_intervention_signal": 40.0 }, "geometry": { "type": "Polygon", "coordinates": [ [ [ -70.996275070423522, 42.290963063063039 ], [ -70.996275070423522, 42.299972072072045 ], [ -71.008457878522051, 42.299972072072045 ], [ -71.008457878522051, 42.290963063063039 ], [ -70.996275070423522, 42.290963063063039 ] ] ] } },
{ "type": "Feature", "properties": { "cell_id": 293, "cheeger_side": "left", "cheeger_boundary": false, "cheeger_fiedler": -0.014040594622977744, "cheeger_rank": 149, "cheeger_priority": 0.0, "cheeger_priority_class": "not_boundary", "cooling_sink": false, "cooling_access_score": 80.0, "cooling_sink_resistance_proxy": 20.0, "cooling_access_class": "good", "low_cooling_access": false, "street_intervention_signal": 20.0 }, "geometry": { "type": "Polygon", "coordinates": [ [ [ -70.996275070423522, 42.299972072072045 ], [ -70.996275070423522, 42.30898108108105 ], [ -71.008457878522051, 42.30898108108105 ], [ -71.008457878522051, 42.299972072072045 ], [ -70.996275070423522, 42.299972072072045 ] ] ] } },
{ "type": "Feature", "properties": { "cell_id": 294, "cheeger_side": "left", "cheeger_boundary": true, "cheeger_fiedler": -2.5104200812177238e-15, "cheeger_rank": 153, "cheeger_priority": 33.613876767825744, "cheeger_priority_class": "moderate", "cooling_sink": false, "cooling_access_score": 80.0, "cooling_sink_resistance_proxy": 20.0, "cooling_access_class": "good", "low_cooling_access": false, "street_intervention_signal": 33.613876767825744 }, "geometry": { "type": "Polygon", "coordinates": [ [ [ -70.996275070423522, 42.30898108108105 ], [ -70.996275070423522, 42.317990090090056 ], [ -71.008457878522051, 42.317990090090056 ], [ -71.008457878522051, 42.30898108108105 ], [ -70.996275070423522, 42.30898108108105 ] ] ] } },
{ "type": "Feature", "properties": { "cell_id": 295, "cheeger_side": "right", "cheeger_boundary": true, "cheeger_fiedler": 0.01404059462297266, "cheeger_rank": 172, "cheeger_priority": 36.453613741979574, "cheeger_priority_class": "moderate", "cooling_sink": false, "cooling_access_score": 80.0, "cooling_sink_resistance_proxy": 20.0, "cooling_access_class": "good", "low_cooling_access": false, "street_intervention_signal": 36.453613741979574 }, "geometry": { "type": "Polygon", "coordinates": [ [ [ -70.996275070423522, 42.317990090090056 ], [ -70.996275070423522, 42.326999099099062 ], [ -71.008457878522051, 42.326999099099062 ], [ -71.008457878522051, 42.317990090090056 ], [ -70.996275070423522, 42.317990090090056 ] ] ] } },
{ "type": "Feature", "properties": { "cell_id": 296, "cheeger_side": "right", "cheeger_boundary": false, "cheeger_fiedler": 0.027665901444540657, "cheeger_rank": 189, "cheeger_priority": 0.0, "cheeger_priority_class": "not_boundary", "cooling_sink": false, "cooling_access_score": 80.0, "cooling_sink_resistance_proxy": 20.0, "cooling_access_class": "good", "low_cooling_access": false, "street_intervention_signal": 20.0 }, "geometry": { "type": "Polygon", "coordinates": [ [ [ -70.996275070423522, 42.326999099099062 ], [ -70.996275070423522, 42.336008108108068 ], [ -71.008457878522051, 42.336008108108068 ], [ -71.008457878522051, 42.326999099099062 ], [ -70.996275070423522, 42.326999099099062 ] ] ] } },
{ "type": "Feature", "properties": { "cell_id": 297, "cheeger_side": "right", "cheeger_boundary": false, "cheeger_fiedler": 0.040472896695310359, "cheeger_rank": 206, "cheeger_priority": 0.0, "cheeger_priority_class": "not_boundary", "cooling_sink": false, "cooling_access_score": 60.0, "cooling_sink_resistance_proxy": 40.0, "cooling_access_class": "moderate", "low_cooling_access": false, "street_intervention_signal": 40.0 }, "geometry": { "type": "Polygon", "coordinates": [ [ [ -70.996275070423522, 42.336008108108068 ], [ -70.996275070423522, 42.345017117117074 ], [ -71.008457878522051, 42.345017117117074 ], [ -71.008457878522051, 42.336008108108068 ], [ -70.996275070423522, 42.336008108108068 ] ] ] } },
{ "type": "Feature", "properties": { "cell_id": 298, "cheeger_side": "right", "cheeger_boundary": false, "cheeger_fiedler": 0.05208271759864086, "cheeger_rank": 227, "cheeger_priority": 0.0, "cheeger_priority_class": "not_boundary", "cooling_sink": false, "cooling_access_score": 40.0, "cooling_sink_resistance_proxy": 60.0, "cooling_access_class": "moderate", "low_cooling_access": false, "street_intervention_signal": 60.0 }, "geometry": { "type": "Polygon", "coordinates": [ [ [ -70.996275070423522, 42.345017117117074 ], [ -70.996275070423522, 42.35402612612608 ], [ -71.008457878522051, 42.35402612612608 ], [ -71.008457878522051, 42.345017117117074 ], [ -70.996275070423522, 42.345017117117074 ] ] ] } },
{ "type": "Feature", "properties": { "cell_id": 299, "cheeger_side": "right", "cheeger_boundary": false, "cheeger_fiedler": 0.062151833896872274, "cheeger_rank": 246, "cheeger_priority": 0.0, "cheeger_priority_class": "not_boundary", "cooling_sink": false, "cooling_access_score": 40.0, "cooling_sink_resistance_proxy": 60.0, "cooling_access_class": "moderate", "low_cooling_access": false, "street_intervention_signal": 60.0 }, "geometry": { "type": "Polygon", "coordinates": [ [ [ -70.996275070423522, 42.35402612612608 ], [ -70.996275070423522, 42.363035135135085 ], [ -71.008457878522051, 42.363035135135085 ], [ -71.008457878522051, 42.35402612612608 ], [ -70.996275070423522, 42.35402612612608 ] ] ] } },
{ "type": "Feature", "properties": { "cell_id": 300, "cheeger_side": "right", "cheeger_boundary": false, "cheeger_fiedler": 0.070382148596792912, "cheeger_rank": 278, "cheeger_priority": 0.0, "cheeger_priority_class": "not_boundary", "cooling_sink": false, "cooling_access_score": 40.0, "cooling_sink_resistance_proxy": 60.0, "cooling_access_class": "moderate", "low_cooling_access": false, "street_intervention_signal": 60.0 }, "geometry": { "type": "Polygon", "coordinates": [ [ [ -70.996275070423522, 42.363035135135085 ], [ -70.996275070423522, 42.372044144144091 ], [ -71.008457878522051, 42.372044144144091 ], [ -71.008457878522051, 42.363035135135085 ], [ -70.996275070423522, 42.363035135135085 ] ] ] } },
{ "type": "Feature", "properties": { "cell_id": 301, "cheeger_side": "right", "cheeger_boundary": false, "cheeger_fiedler": 0.076529737449383919, "cheeger_rank": 293, "cheeger_priority": 0.0, "cheeger_priority_class": "not_boundary", "cooling_sink": false, "cooling_access_score": 60.0, "cooling_sink_resistance_proxy": 40.0, "cooling_access_class": "moderate", "low_cooling_access": false, "street_intervention_signal": 40.0 }, "geometry": { "type": "Polygon", "coordinates": [ [ [ -70.996275070423522, 42.372044144144091 ], [ -70.996275070423522, 42.381053153153097 ], [ -71.008457878522051, 42.381053153153097 ], [ -71.008457878522051, 42.372044144144091 ], [ -70.996275070423522, 42.372044144144091 ] ] ] } },
{ "type": "Feature", "properties": { "cell_id": 302, "cheeger_side": "right", "cheeger_boundary": false, "cheeger_fiedler": 0.080411597231660095, "cheeger_rank": 308, "cheeger_priority": 0.0, "cheeger_priority_class": "not_boundary", "cooling_sink": false, "cooling_access_score": 60.0, "cooling_sink_resistance_proxy": 40.0, "cooling_access_class": "moderate", "low_cooling_access": false, "street_intervention_signal": 40.0 }, "geometry": { "type": "Polygon", "coordinates": [ [ [ -70.996275070423522, 42.381053153153097 ], [ -70.996275070423522, 42.390062162162103 ], [ -71.008457878522051, 42.390062162162103 ], [ -71.008457878522051, 42.381053153153097 ], [ -70.996275070423522, 42.381053153153097 ] ] ] } },
{ "type": "Feature", "properties": { "cell_id": 303, "cheeger_side": "right", "cheeger_boundary": false, "cheeger_fiedler": 0.064763445395992936, "cheeger_rank": 263, "cheeger_priority": 0.0, "cheeger_priority_class": "not_boundary", "cooling_sink": false, "cooling_access_score": 60.0, "cooling_sink_resistance_proxy": 40.0, "cooling_access_class": "moderate", "low_cooling_access": false, "street_intervention_signal": 40.0 }, "geometry": { "type": "Polygon", "coordinates": [ [ [ -70.996275070423522, 42.390062162162103 ], [ -70.996275070423522, 42.399071171171109 ], [ -71.008457878522051, 42.399071171171109 ], [ -71.008457878522051, 42.390062162162103 ], [ -70.996275070423522, 42.390062162162103 ] ] ] } },
{ "type": "Feature", "properties": { "cell_id": 304, "cheeger_side": "left", "cheeger_boundary": false, "cheeger_fiedler": -0.050088084967183678, "cheeger_rank": 96, "cheeger_priority": 0.0, "cheeger_priority_class": "not_boundary", "cooling_sink": false, "cooling_access_score": 60.0, "cooling_sink_resistance_proxy": 40.0, "cooling_access_class": "moderate", "low_cooling_access": false, "street_intervention_signal": 40.0 }, "geometry": { "type": "Polygon", "coordinates": [ [ [ -70.984092262324992, 42.2279 ], [ -70.984092262324992, 42.236909009009004 ], [ -70.996275070423522, 42.236909009009004 ], [ -70.996275070423522, 42.2279 ], [ -70.984092262324992, 42.2279 ] ] ] } },
{ "type": "Feature", "properties": { "cell_id": 305, "cheeger_side": "left", "cheeger_boundary": false, "cheeger_fiedler": -0.063493797066186367, "cheeger_rank": 60, "cheeger_priority": 0.0, "cheeger_priority_class": "not_boundary", "cooling_sink": false, "cooling_access_score": 60.0, "cooling_sink_resistance_proxy": 40.0, "cooling_access_class": "moderate", "low_cooling_access": false, "street_intervention_signal": 40.0 }, "geometry": { "type": "Polygon", "coordinates": [ [ [ -70.984092262324992, 42.236909009009004 ], [ -70.984092262324992, 42.24591801801801 ], [ -70.996275070423522, 42.24591801801801 ], [ -70.996275070423522, 42.236909009009004 ], [ -70.984092262324992, 42.236909009009004 ] ] ] } },
{ "type": "Feature", "properties": { "cell_id": 306, "cheeger_side": "left", "cheeger_boundary": false, "cheeger_fiedler": -0.060430717514864514, "cheeger_rank": 77, "cheeger_priority": 0.0, "cheeger_priority_class": "not_boundary", "cooling_sink": false, "cooling_access_score": 60.0, "cooling_sink_resistance_proxy": 40.0, "cooling_access_class": "moderate", "low_cooling_access": false, "street_intervention_signal": 40.0 }, "geometry": { "type": "Polygon", "coordinates": [ [ [ -70.984092262324992, 42.24591801801801 ], [ -70.984092262324992, 42.254927027027016 ], [ -70.996275070423522, 42.254927027027016 ], [ -70.996275070423522, 42.24591801801801 ], [ -70.984092262324992, 42.24591801801801 ] ] ] } },
{ "type": "Feature", "properties": { "cell_id": 307, "cheeger_side": "left", "cheeger_boundary": false, "cheeger_fiedler": -0.055577132078134098, "cheeger_rank": 79, "cheeger_priority": 0.0, "cheeger_priority_class": "not_boundary", "cooling_sink": false, "cooling_access_score": 40.0, "cooling_sink_resistance_proxy": 60.0, "cooling_access_class": "moderate", "low_cooling_access": false, "street_intervention_signal": 60.0 }, "geometry": { "type": "Polygon", "coordinates": [ [ [ -70.984092262324992, 42.254927027027016 ], [ -70.984092262324992, 42.263936036036021 ], [ -70.996275070423522, 42.263936036036021 ], [ -70.996275070423522, 42.254927027027016 ], [ -70.984092262324992, 42.254927027027016 ] ] ] } },
{ "type": "Feature", "properties": { "cell_id": 308, "cheeger_side": "left", "cheeger_boundary": false, "cheeger_fiedler": -0.04907837404410223, "cheeger_rank": 98, "cheeger_priority": 0.0, "cheeger_priority_class": "not_boundary", "cooling_sink": false, "cooling_access_score": 40.0, "cooling_sink_resistance_proxy": 60.0, "cooling_access_class": "moderate", "low_cooling_access": false, "street_intervention_signal": 60.0 }, "geometry": { "type": "Polygon", "coordinates": [ [ [ -70.984092262324992, 42.263936036036021 ], [ -70.984092262324992, 42.272945045045027 ], [ -70.996275070423522, 42.272945045045027 ], [ -70.996275070423522, 42.263936036036021 ], [ -70.984092262324992, 42.263936036036021 ] ] ] } },
{ "type": "Feature", "properties": { "cell_id": 309, "cheeger_side": "left", "cheeger_boundary": false, "cheeger_fiedler": -0.041127396367528171, "cheeger_rank": 100, "cheeger_priority": 0.0, "cheeger_priority_class": "not_boundary", "cooling_sink": false, "cooling_access_score": 40.0, "cooling_sink_resistance_proxy": 60.0, "cooling_access_class": "moderate", "low_cooling_access": false, "street_intervention_signal": 60.0 }, "geometry": { "type": "Polygon", "coordinates": [ [ [ -70.984092262324992, 42.272945045045027 ], [ -70.984092262324992, 42.281954054054033 ], [ -70.996275070423522, 42.281954054054033 ], [ -70.996275070423522, 42.272945045045027 ], [ -70.984092262324992, 42.272945045045027 ] ] ] } },
{ "type": "Feature", "properties": { "cell_id": 310, "cheeger_side": "left", "cheeger_boundary": false, "cheeger_fiedler": -0.031959695541304949, "cheeger_rank": 117, "cheeger_priority": 0.0, "cheeger_priority_class": "not_boundary", "cooling_sink": false, "cooling_access_score": 40.0, "cooling_sink_resistance_proxy": 60.0, "cooling_access_class": "moderate", "low_cooling_access": false, "street_intervention_signal": 60.0 }, "geometry": { "type": "Polygon", "coordinates": [ [ [ -70.984092262324992, 42.281954054054033 ], [ -70.984092262324992, 42.290963063063039 ], [ -70.996275070423522, 42.290963063063039 ], [ -70.996275070423522, 42.281954054054033 ], [ -70.984092262324992, 42.281954054054033 ] ] ] } },
{ "type": "Feature", "properties": { "cell_id": 311, "cheeger_side": "left", "cheeger_boundary": false, "cheeger_fiedler": -0.021846587464672787, "cheeger_rank": 134, "cheeger_priority": 0.0, "cheeger_priority_class": "not_boundary", "cooling_sink": false, "cooling_access_score": 60.0, "cooling_sink_resistance_proxy": 40.0, "cooling_access_class": "moderate", "low_cooling_access": false, "street_intervention_signal": 40.0 }, "geometry": { "type": "Polygon", "coordinates": [ [ [ -70.984092262324992, 42.290963063063039 ], [ -70.984092262324992, 42.299972072072045 ], [ -70.996275070423522, 42.299972072072045 ], [ -70.996275070423522, 42.290963063063039 ], [ -70.984092262324992, 42.290963063063039 ] ] ] } },
{ "type": "Feature", "properties": { "cell_id": 312, "cheeger_side": "left", "cheeger_boundary": false, "cheeger_fiedler": -0.011087267124299529, "cheeger_rank": 151, "cheeger_priority": 0.0, "cheeger_priority_class": "not_boundary", "cooling_sink": false, "cooling_access_score": 60.0, "cooling_sink_resistance_proxy": 40.0, "cooling_access_class": "moderate", "low_cooling_access": false, "street_intervention_signal": 40.0 }, "geometry": { "type": "Polygon", "coordinates": [ [ [ -70.984092262324992, 42.299972072072045 ], [ -70.984092262324992, 42.30898108108105 ], [ -70.996275070423522, 42.30898108108105 ], [ -70.996275070423522, 42.299972072072045 ], [ -70.984092262324992, 42.299972072072045 ] ] ] } },
{ "type": "Feature", "properties": { "cell_id": 313, "cheeger_side": "left", "cheeger_boundary": true, "cheeger_fiedler": -1.9979475367279135e-15, "cheeger_rank": 156, "cheeger_priority": 37.330538848278074, "cheeger_priority_class": "moderate", "cooling_sink": false, "cooling_access_score": 60.0, "cooling_sink_resistance_proxy": 40.0, "cooling_access_class": "moderate", "low_cooling_access": false, "street_intervention_signal": 40.0 }, "geometry": { "type": "Polygon", "coordinates": [ [ [ -70.984092262324992, 42.30898108108105 ], [ -70.984092262324992, 42.317990090090056 ], [ -70.996275070423522, 42.317990090090056 ], [ -70.996275070423522, 42.30898108108105 ], [ -70.984092262324992, 42.30898108108105 ] ] ] } },
{ "type": "Feature", "properties": { "cell_id": 314, "cheeger_side": "right", "cheeger_boundary": true, "cheeger_fiedler": 0.011087267124295386, "cheeger_rank": 170, "cheeger_priority": 33.412547472927677, "cheeger_priority_class": "moderate", "cooling_sink": false, "cooling_access_score": 60.0, "cooling_sink_resistance_proxy": 40.0, "cooling_access_class": "moderate", "low_cooling_access": false, "street_intervention_signal": 40.0 }, "geometry": { "type": "Polygon", "coordinates": [ [ [ -70.984092262324992, 42.317990090090056 ], [ -70.984092262324992, 42.326999099099062 ], [ -70.996275070423522, 42.326999099099062 ], [ -70.996275070423522, 42.317990090090056 ], [ -70.984092262324992, 42.317990090090056 ] ] ] } },
{ "type": "Feature", "properties": { "cell_id": 315, "cheeger_side": "right", "cheeger_boundary": false, "cheeger_fiedler": 0.021846587464668679, "cheeger_rank": 187, "cheeger_priority": 0.0, "cheeger_priority_class": "not_boundary", "cooling_sink": false, "cooling_access_score": 60.0, "cooling_sink_resistance_proxy": 40.0, "cooling_access_class": "moderate", "low_cooling_access": false, "street_intervention_signal": 40.0 }, "geometry": { "type": "Polygon", "coordinates": [ [ [ -70.984092262324992, 42.326999099099062 ], [ -70.984092262324992, 42.336008108108068 ], [ -70.996275070423522, 42.336008108108068 ], [ -70.996275070423522, 42.326999099099062 ], [ -70.984092262324992, 42.326999099099062 ] ] ] } },
{ "type": "Feature", "properties": { "cell_id": 316, "cheeger_side": "right", "cheeger_boundary": false, "cheeger_fiedler": 0.031959695541300709, "cheeger_rank": 204, "cheeger_priority": 0.0, "cheeger_priority_class": "not_boundary", "cooling_sink": false, "cooling_access_score": 60.0, "cooling_sink_resistance_proxy": 40.0, "cooling_access_class": "moderate", "low_cooling_access": false, "street_intervention_signal": 40.0 }, "geometry": { "type": "Polygon", "coordinates": [ [ [ -70.984092262324992, 42.336008108108068 ], [ -70.984092262324992, 42.345017117117074 ], [ -70.996275070423522, 42.345017117117074 ], [ -70.996275070423522, 42.336008108108068 ], [ -70.984092262324992, 42.336008108108068 ] ] ] } },
{ "type": "Feature", "properties": { "cell_id": 317, "cheeger_side": "right", "cheeger_boundary": false, "cheeger_fiedler": 0.041127396367523751, "cheeger_rank": 221, "cheeger_priority": 0.0, "cheeger_priority_class": "not_boundary", "cooling_sink": false, "cooling_access_score": 40.0, "cooling_sink_resistance_proxy": 60.0, "cooling_access_class": "moderate", "low_cooling_access": false, "street_intervention_signal": 60.0 }, "geometry": { "type": "Polygon", "coordinates": [ [ [ -70.984092262324992, 42.345017117117074 ], [ -70.984092262324992, 42.35402612612608 ], [ -70.996275070423522, 42.35402612612608 ], [ -70.996275070423522, 42.345017117117074 ], [ -70.984092262324992, 42.345017117117074 ] ] ] } },
{ "type": "Feature", "properties": { "cell_id": 318, "cheeger_side": "right", "cheeger_boundary": false, "cheeger_fiedler": 0.049078374044097671, "cheeger_rank": 223, "cheeger_priority": 0.0, "cheeger_priority_class": "not_boundary", "cooling_sink": false, "cooling_access_score": 19.999999999999996, "cooling_sink_resistance_proxy": 80.0, "cooling_access_class": "very_low", "low_cooling_access": true, "street_intervention_signal": 80.0 }, "geometry": { "type": "Polygon", "coordinates": [ [ [ -70.984092262324992, 42.35402612612608 ], [ -70.984092262324992, 42.363035135135085 ], [ -70.996275070423522, 42.363035135135085 ], [ -70.996275070423522, 42.35402612612608 ], [ -70.984092262324992, 42.35402612612608 ] ] ] } },
{ "type": "Feature", "properties": { "cell_id": 319, "cheeger_side": "right", "cheeger_boundary": false, "cheeger_fiedler": 0.055577132078129247, "cheeger_rank": 242, "cheeger_priority": 0.0, "cheeger_priority_class": "not_boundary", "cooling_sink": false, "cooling_access_score": 40.0, "cooling_sink_resistance_proxy": 60.0, "cooling_access_class": "moderate", "low_cooling_access": false, "street_intervention_signal": 60.0 }, "geometry": { "type": "Polygon", "coordinates": [ [ [ -70.984092262324992, 42.363035135135085 ], [ -70.984092262324992, 42.372044144144091 ], [ -70.996275070423522, 42.372044144144091 ], [ -70.996275070423522, 42.363035135135085 ], [ -70.984092262324992, 42.363035135135085 ] ] ] } },
{ "type": "Feature", "properties": { "cell_id": 320, "cheeger_side": "right", "cheeger_boundary": false, "cheeger_fiedler": 0.060430717514859483, "cheeger_rank": 244, "cheeger_priority": 0.0, "cheeger_priority_class": "not_boundary", "cooling_sink": false, "cooling_access_score": 40.0, "cooling_sink_resistance_proxy": 60.0, "cooling_access_class": "moderate", "low_cooling_access": false, "street_intervention_signal": 60.0 }, "geometry": { "type": "Polygon", "coordinates": [ [ [ -70.984092262324992, 42.372044144144091 ], [ -70.984092262324992, 42.381053153153097 ], [ -70.996275070423522, 42.381053153153097 ], [ -70.996275070423522, 42.372044144144091 ], [ -70.984092262324992, 42.372044144144091 ] ] ] } },
{ "type": "Feature", "properties": { "cell_id": 321, "cheeger_side": "right", "cheeger_boundary": false, "cheeger_fiedler": 0.063493797066181232, "cheeger_rank": 261, "cheeger_priority": 0.0, "cheeger_priority_class": "not_boundary", "cooling_sink": false, "cooling_access_score": 40.0, "cooling_sink_resistance_proxy": 60.0, "cooling_access_class": "moderate", "low_cooling_access": false, "street_intervention_signal": 60.0 }, "geometry": { "type": "Polygon", "coordinates": [ [ [ -70.984092262324992, 42.381053153153097 ], [ -70.984092262324992, 42.390062162162103 ], [ -70.996275070423522, 42.390062162162103 ], [ -70.996275070423522, 42.381053153153097 ], [ -70.984092262324992, 42.381053153153097 ] ] ] } },
{ "type": "Feature", "properties": { "cell_id": 322, "cheeger_side": "right", "cheeger_boundary": false, "cheeger_fiedler": 0.050088084967179716, "cheeger_rank": 225, "cheeger_priority": 0.0, "cheeger_priority_class": "not_boundary", "cooling_sink": false, "cooling_access_score": 40.0, "cooling_sink_resistance_proxy": 60.0, "cooling_access_class": "moderate", "low_cooling_access": false, "street_intervention_signal": 60.0 }, "geometry": { "type": "Polygon", "coordinates": [ [ [ -70.984092262324992, 42.390062162162103 ], [ -70.984092262324992, 42.399071171171109 ], [ -70.996275070423522, 42.399071171171109 ], [ -70.996275070423522, 42.390062162162103 ], [ -70.984092262324992, 42.390062162162103 ] ] ] } }
]
}
