{
"type": "FeatureCollection",
"name": "low_cooling_access_zones",
"crs": { "type": "name", "properties": { "name": "urn:ogc:def:crs:OGC:1.3:CRS84" } },
"features": [
{ "type": "Feature", "properties": { "cell_id": 1, "ndvi": 0.38757047, "albedo": 0.16045223, "impervious": 0.3983725, "lst": 27.672543, "SVI": 0.0, "cheeger_side": "left", "cheeger_boundary": false, "cheeger_fiedler": -0.063493797066184562, "cheeger_rank": 61, "cooling_sink": false, "cooling_access_score": 0.0, "cooling_sink_resistance_proxy": 100.0, "cheeger_priority": 0.0, "cheeger_priority_class": "not_boundary", "cooling_access_class": "very_low", "low_cooling_access": true, "street_intervention_signal": 100.0 }, "geometry": { "type": "Polygon", "coordinates": [ [ [ -71.179017191901465, 42.236909009009004 ], [ -71.179017191901465, 42.24591801801801 ], [ -71.1912, 42.24591801801801 ], [ -71.1912, 42.236909009009004 ], [ -71.179017191901465, 42.236909009009004 ] ] ] } },
{ "type": "Feature", "properties": { "cell_id": 2, "ndvi": 0.33073407, "albedo": 0.20756027, "impervious": 0.41708812, "lst": 28.189095, "SVI": 0.0, "cheeger_side": "left", "cheeger_boundary": false, "cheeger_fiedler": -0.060430717514862502, "cheeger_rank": 78, "cooling_sink": false, "cooling_access_score": 0.0, "cooling_sink_resistance_proxy": 100.0, "cheeger_priority": 0.0, "cheeger_priority_class": "not_boundary", "cooling_access_class": "very_low", "low_cooling_access": true, "street_intervention_signal": 100.0 }, "geometry": { "type": "Polygon", "coordinates": [ [ [ -71.179017191901465, 42.24591801801801 ], [ -71.179017191901465, 42.254927027027016 ], [ -71.1912, 42.254927027027016 ], [ -71.1912, 42.24591801801801 ], [ -71.179017191901465, 42.24591801801801 ] ] ] } },
{ "type": "Feature", "properties": { "cell_id": 7, "ndvi": 0.37153435, "albedo": 0.17006898, "impervious": 0.41374025, "lst": 29.05518, "SVI": 0.0, "cheeger_side": "left", "cheeger_boundary": false, "cheeger_fiedler": -0.021846587464670518, "cheeger_rank": 135, "cooling_sink": false, "cooling_access_score": 0.0, "cooling_sink_resistance_proxy": 100.0, "cheeger_priority": 0.0, "cheeger_priority_class": "not_boundary", "cooling_access_class": "very_low", "low_cooling_access": true, "street_intervention_signal": 100.0 }, "geometry": { "type": "Polygon", "coordinates": [ [ [ -71.179017191901465, 42.290963063063039 ], [ -71.179017191901465, 42.299972072072045 ], [ -71.1912, 42.299972072072045 ], [ -71.1912, 42.290963063063039 ], [ -71.179017191901465, 42.290963063063039 ] ] ] } },
{ "type": "Feature", "properties": { "cell_id": 8, "ndvi": 0.27320719, "albedo": 0.19001558, "impervious": 0.39529312, "lst": 28.382092, "SVI": 0.0, "cheeger_side": "left", "cheeger_boundary": true, "cheeger_fiedler": -0.011087267124297041, "cheeger_rank": 152, "cooling_sink": false, "cooling_access_score": 0.0, "cooling_sink_resistance_proxy": 100.0, "cheeger_priority": 58.673538833527793, "cheeger_priority_class": "high", "cooling_access_class": "very_low", "low_cooling_access": true, "street_intervention_signal": 100.0 }, "geometry": { "type": "Polygon", "coordinates": [ [ [ -71.179017191901465, 42.299972072072045 ], [ -71.179017191901465, 42.30898108108105 ], [ -71.1912, 42.30898108108105 ], [ -71.1912, 42.299972072072045 ], [ -71.179017191901465, 42.299972072072045 ] ] ] } },
{ "type": "Feature", "properties": { "cell_id": 10, "ndvi": 0.37191078, "albedo": 0.16206118, "impervious": 0.34401324, "lst": 28.343925, "SVI": 0.0, "cheeger_side": "right", "cheeger_boundary": false, "cheeger_fiedler": 0.011087267124298084, "cheeger_rank": 171, "cooling_sink": false, "cooling_access_score": 0.0, "cooling_sink_resistance_proxy": 100.0, "cheeger_priority": 0.0, "cheeger_priority_class": "not_boundary", "cooling_access_class": "very_low", "low_cooling_access": true, "street_intervention_signal": 100.0 }, "geometry": { "type": "Polygon", "coordinates": [ [ [ -71.179017191901465, 42.317990090090056 ], [ -71.179017191901465, 42.326999099099062 ], [ -71.1912, 42.326999099099062 ], [ -71.1912, 42.317990090090056 ], [ -71.179017191901465, 42.317990090090056 ] ] ] } },
{ "type": "Feature", "properties": { "cell_id": 13, "ndvi": 0.29788405, "albedo": 0.16025579, "impervious": 0.32059973, "lst": 28.447495, "SVI": 0.0, "cheeger_side": "right", "cheeger_boundary": false, "cheeger_fiedler": 0.041127396367526686, "cheeger_rank": 222, "cooling_sink": false, "cooling_access_score": 0.0, "cooling_sink_resistance_proxy": 100.0, "cheeger_priority": 0.0, "cheeger_priority_class": "not_boundary", "cooling_access_class": "very_low", "low_cooling_access": true, "street_intervention_signal": 100.0 }, "geometry": { "type": "Polygon", "coordinates": [ [ [ -71.179017191901465, 42.345017117117074 ], [ -71.179017191901465, 42.35402612612608 ], [ -71.1912, 42.35402612612608 ], [ -71.1912, 42.345017117117074 ], [ -71.179017191901465, 42.345017117117074 ] ] ] } },
{ "type": "Feature", "properties": { "cell_id": 15, "ndvi": 0.37698665, "albedo": 0.18559811, "impervious": 0.445721, "lst": 28.402575, "SVI": 0.0, "cheeger_side": "right", "cheeger_boundary": false, "cheeger_fiedler": 0.055577132078132113, "cheeger_rank": 243, "cooling_sink": false, "cooling_access_score": 0.0, "cooling_sink_resistance_proxy": 100.0, "cheeger_priority": 0.0, "cheeger_priority_class": "not_boundary", "cooling_access_class": "very_low", "low_cooling_access": true, "street_intervention_signal": 100.0 }, "geometry": { "type": "Polygon", "coordinates": [ [ [ -71.179017191901465, 42.363035135135085 ], [ -71.179017191901465, 42.372044144144091 ], [ -71.1912, 42.372044144144091 ], [ -71.1912, 42.363035135135085 ], [ -71.179017191901465, 42.363035135135085 ] ] ] } },
{ "type": "Feature", "properties": { "cell_id": 19, "ndvi": 0.35496736, "albedo": 0.15825649, "impervious": 0.38086948, "lst": 27.942602, "SVI": 0.0, "cheeger_side": "left", "cheeger_boundary": false, "cheeger_fiedler": -0.064763445395996169, "cheeger_rank": 59, "cooling_sink": false, "cooling_access_score": 0.0, "cooling_sink_resistance_proxy": 100.0, "cheeger_priority": 0.0, "cheeger_priority_class": "not_boundary", "cooling_access_class": "very_low", "low_cooling_access": true, "street_intervention_signal": 100.0 }, "geometry": { "type": "Polygon", "coordinates": [ [ [ -71.166834383802936, 42.2279 ], [ -71.166834383802936, 42.236909009009004 ], [ -71.179017191901465, 42.236909009009004 ], [ -71.179017191901465, 42.2279 ], [ -71.166834383802936, 42.2279 ] ] ] } },
{ "type": "Feature", "properties": { "cell_id": 20, "ndvi": 0.31277198, "albedo": 0.16809787, "impervious": 0.4058117, "lst": 27.98514, "SVI": 0.0, "cheeger_side": "left", "cheeger_boundary": false, "cheeger_fiedler": -0.080411597231664148, "cheeger_rank": 14, "cooling_sink": false, "cooling_access_score": 0.0, "cooling_sink_resistance_proxy": 100.0, "cheeger_priority": 0.0, "cheeger_priority_class": "not_boundary", "cooling_access_class": "very_low", "low_cooling_access": true, "street_intervention_signal": 100.0 }, "geometry": { "type": "Polygon", "coordinates": [ [ [ -71.166834383802936, 42.236909009009004 ], [ -71.166834383802936, 42.24591801801801 ], [ -71.179017191901465, 42.24591801801801 ], [ -71.179017191901465, 42.236909009009004 ], [ -71.166834383802936, 42.236909009009004 ] ] ] } },
{ "type": "Feature", "properties": { "cell_id": 21, "ndvi": 0.38283792, "albedo": 0.2176694, "impervious": 0.42288426, "lst": 27.995438, "SVI": 0.0, "cheeger_side": "left", "cheeger_boundary": false, "cheeger_fiedler": -0.076529737449387666, "cheeger_rank": 29, "cooling_sink": false, "cooling_access_score": 0.0, "cooling_sink_resistance_proxy": 100.0, "cheeger_priority": 0.0, "cheeger_priority_class": "not_boundary", "cooling_access_class": "very_low", "low_cooling_access": true, "street_intervention_signal": 100.0 }, "geometry": { "type": "Polygon", "coordinates": [ [ [ -71.166834383802936, 42.24591801801801 ], [ -71.166834383802936, 42.254927027027016 ], [ -71.179017191901465, 42.254927027027016 ], [ -71.179017191901465, 42.24591801801801 ], [ -71.166834383802936, 42.24591801801801 ] ] ] } },
{ "type": "Feature", "properties": { "cell_id": 22, "ndvi": 0.35099521, "albedo": 0.14756824, "impervious": 0.42306313, "lst": 27.290388, "SVI": 0.0, "cheeger_side": "left", "cheeger_boundary": false, "cheeger_fiedler": -0.070382148596796451, "cheeger_rank": 44, "cooling_sink": false, "cooling_access_score": 0.0, "cooling_sink_resistance_proxy": 100.0, "cheeger_priority": 0.0, "cheeger_priority_class": "not_boundary", "cooling_access_class": "very_low", "low_cooling_access": true, "street_intervention_signal": 100.0 }, "geometry": { "type": "Polygon", "coordinates": [ [ [ -71.166834383802936, 42.254927027027016 ], [ -71.166834383802936, 42.263936036036021 ], [ -71.179017191901465, 42.263936036036021 ], [ -71.179017191901465, 42.254927027027016 ], [ -71.166834383802936, 42.254927027027016 ] ] ] } },
{ "type": "Feature", "properties": { "cell_id": 23, "ndvi": 0.36124942, "albedo": 0.18484777, "impervious": 0.41572702, "lst": 27.433645, "SVI": 0.0, "cheeger_side": "left", "cheeger_boundary": false, "cheeger_fiedler": -0.062151833896875563, "cheeger_rank": 76, "cooling_sink": false, "cooling_access_score": 0.0, "cooling_sink_resistance_proxy": 100.0, "cheeger_priority": 0.0, "cheeger_priority_class": "not_boundary", "cooling_access_class": "very_low", "low_cooling_access": true, "street_intervention_signal": 100.0 }, "geometry": { "type": "Polygon", "coordinates": [ [ [ -71.166834383802936, 42.263936036036021 ], [ -71.166834383802936, 42.272945045045027 ], [ -71.179017191901465, 42.272945045045027 ], [ -71.179017191901465, 42.263936036036021 ], [ -71.166834383802936, 42.263936036036021 ] ] ] } },
{ "type": "Feature", "properties": { "cell_id": 28, "ndvi": 0.34749931, "albedo": 0.14130376, "impervious": 0.38871861, "lst": 27.396801, "SVI": 0.0, "cheeger_side": "right", "cheeger_boundary": true, "cheeger_fiedler": 7.3199331345827774e-16, "cheeger_rank": 165, "cooling_sink": false, "cooling_access_score": 0.0, "cooling_sink_resistance_proxy": 100.0, "cheeger_priority": 62.483166341317443, "cheeger_priority_class": "high", "cooling_access_class": "very_low", "low_cooling_access": true, "street_intervention_signal": 100.0 }, "geometry": { "type": "Polygon", "coordinates": [ [ [ -71.166834383802936, 42.30898108108105 ], [ -71.166834383802936, 42.317990090090056 ], [ -71.179017191901465, 42.317990090090056 ], [ -71.179017191901465, 42.30898108108105 ], [ -71.166834383802936, 42.30898108108105 ] ] ] } },
{ "type": "Feature", "properties": { "cell_id": 30, "ndvi": 0.3033582, "albedo": 0.2083758, "impervious": 0.41436476, "lst": 27.828781, "SVI": 0.0, "cheeger_side": "right", "cheeger_boundary": false, "cheeger_fiedler": 0.027665901444544082, "cheeger_rank": 190, "cooling_sink": false, "cooling_access_score": 0.0, "cooling_sink_resistance_proxy": 100.0, "cheeger_priority": 0.0, "cheeger_priority_class": "not_boundary", "cooling_access_class": "very_low", "low_cooling_access": true, "street_intervention_signal": 100.0 }, "geometry": { "type": "Polygon", "coordinates": [ [ [ -71.166834383802936, 42.326999099099062 ], [ -71.166834383802936, 42.336008108108068 ], [ -71.179017191901465, 42.336008108108068 ], [ -71.179017191901465, 42.326999099099062 ], [ -71.166834383802936, 42.326999099099062 ] ] ] } },
{ "type": "Feature", "properties": { "cell_id": 31, "ndvi": 0.34563139, "albedo": 0.1711908, "impervious": 0.34234431, "lst": 28.735802, "SVI": 0.0, "cheeger_side": "right", "cheeger_boundary": false, "cheeger_fiedler": 0.040472896695313912, "cheeger_rank": 207, "cooling_sink": false, "cooling_access_score": 0.0, "cooling_sink_resistance_proxy": 100.0, "cheeger_priority": 0.0, "cheeger_priority_class": "not_boundary", "cooling_access_class": "very_low", "low_cooling_access": true, "street_intervention_signal": 100.0 }, "geometry": { "type": "Polygon", "coordinates": [ [ [ -71.166834383802936, 42.336008108108068 ], [ -71.166834383802936, 42.345017117117074 ], [ -71.179017191901465, 42.345017117117074 ], [ -71.179017191901465, 42.336008108108068 ], [ -71.166834383802936, 42.336008108108068 ] ] ] } },
{ "type": "Feature", "properties": { "cell_id": 32, "ndvi": 0.33309215, "albedo": 0.16837177, "impervious": 0.36908564, "lst": 27.01174, "SVI": 0.0, "cheeger_side": "right", "cheeger_boundary": false, "cheeger_fiedler": 0.052082717598644503, "cheeger_rank": 228, "cooling_sink": false, "cooling_access_score": 0.0, "cooling_sink_resistance_proxy": 100.0, "cheeger_priority": 0.0, "cheeger_priority_class": "not_boundary", "cooling_access_class": "very_low", "low_cooling_access": true, "street_intervention_signal": 100.0 }, "geometry": { "type": "Polygon", "coordinates": [ [ [ -71.166834383802936, 42.345017117117074 ], [ -71.166834383802936, 42.35402612612608 ], [ -71.179017191901465, 42.35402612612608 ], [ -71.179017191901465, 42.345017117117074 ], [ -71.166834383802936, 42.345017117117074 ] ] ] } },
{ "type": "Feature", "properties": { "cell_id": 33, "ndvi": 0.30904958, "albedo": 0.18662275, "impervious": 0.42622921, "lst": 27.595015, "SVI": 0.0, "cheeger_side": "right", "cheeger_boundary": false, "cheeger_fiedler": 0.062151833896875987, "cheeger_rank": 247, "cooling_sink": false, "cooling_access_score": 0.0, "cooling_sink_resistance_proxy": 100.0, "cheeger_priority": 0.0, "cheeger_priority_class": "not_boundary", "cooling_access_class": "very_low", "low_cooling_access": true, "street_intervention_signal": 100.0 }, "geometry": { "type": "Polygon", "coordinates": [ [ [ -71.166834383802936, 42.35402612612608 ], [ -71.166834383802936, 42.363035135135085 ], [ -71.179017191901465, 42.363035135135085 ], [ -71.179017191901465, 42.35402612612608 ], [ -71.166834383802936, 42.35402612612608 ] ] ] } },
{ "type": "Feature", "properties": { "cell_id": 37, "ndvi": 0.31688797, "albedo": 0.18810105, "impervious": 0.41370603, "lst": 27.850304, "SVI": 0.0, "cheeger_side": "right", "cheeger_boundary": false, "cheeger_fiedler": 0.064763445395995725, "cheeger_rank": 264, "cooling_sink": false, "cooling_access_score": 0.0, "cooling_sink_resistance_proxy": 100.0, "cheeger_priority": 0.0, "cheeger_priority_class": "not_boundary", "cooling_access_class": "very_low", "low_cooling_access": true, "street_intervention_signal": 100.0 }, "geometry": { "type": "Polygon", "coordinates": [ [ [ -71.166834383802936, 42.390062162162103 ], [ -71.166834383802936, 42.399071171171109 ], [ -71.179017191901465, 42.399071171171109 ], [ -71.179017191901465, 42.390062162162103 ], [ -71.166834383802936, 42.390062162162103 ] ] ] } },
{ "type": "Feature", "properties": { "cell_id": 39, "ndvi": 0.29450443, "albedo": 0.16559704, "impervious": 0.42553765, "lst": 27.860985, "SVI": 0.0, "cheeger_side": "left", "cheeger_boundary": false, "cheeger_fiedler": -0.080501449209175652, "cheeger_rank": 12, "cooling_sink": false, "cooling_access_score": 0.0, "cooling_sink_resistance_proxy": 100.0, "cheeger_priority": 0.0, "cheeger_priority_class": "not_boundary", "cooling_access_class": "very_low", "low_cooling_access": true, "street_intervention_signal": 100.0 }, "geometry": { "type": "Polygon", "coordinates": [ [ [ -71.154651575704406, 42.236909009009004 ], [ -71.154651575704406, 42.24591801801801 ], [ -71.166834383802936, 42.24591801801801 ], [ -71.166834383802936, 42.236909009009004 ], [ -71.154651575704406, 42.236909009009004 ] ] ] } },
{ "type": "Feature", "properties": { "cell_id": 40, "ndvi": 0.38238898, "albedo": 0.20095754, "impervious": 0.41606745, "lst": 27.716686, "SVI": 0.0, "cheeger_side": "left", "cheeger_boundary": false, "cheeger_fiedler": -0.076610530132964483, "cheeger_rank": 27, "cooling_sink": false, "cooling_access_score": 0.0, "cooling_sink_resistance_proxy": 100.0, "cheeger_priority": 0.0, "cheeger_priority_class": "not_boundary", "cooling_access_class": "very_low", "low_cooling_access": true, "street_intervention_signal": 100.0 }, "geometry": { "type": "Polygon", "coordinates": [ [ [ -71.154651575704406, 42.24591801801801 ], [ -71.154651575704406, 42.254927027027016 ], [ -71.166834383802936, 42.254927027027016 ], [ -71.166834383802936, 42.24591801801801 ], [ -71.154651575704406, 42.24591801801801 ] ] ] } },
{ "type": "Feature", "properties": { "cell_id": 41, "ndvi": 0.33400911, "albedo": 0.15312432, "impervious": 0.43008307, "lst": 27.954948, "SVI": 0.0, "cheeger_side": "left", "cheeger_boundary": false, "cheeger_fiedler": -0.070454832872310511, "cheeger_rank": 42, "cooling_sink": false, "cooling_access_score": 0.0, "cooling_sink_resistance_proxy": 100.0, "cheeger_priority": 0.0, "cheeger_priority_class": "not_boundary", "cooling_access_class": "very_low", "low_cooling_access": true, "street_intervention_signal": 100.0 }, "geometry": { "type": "Polygon", "coordinates": [ [ [ -71.154651575704406, 42.254927027027016 ], [ -71.154651575704406, 42.263936036036021 ], [ -71.166834383802936, 42.263936036036021 ], [ -71.166834383802936, 42.254927027027016 ], [ -71.154651575704406, 42.254927027027016 ] ] ] } },
{ "type": "Feature", "properties": { "cell_id": 42, "ndvi": 0.3453595, "albedo": 0.2096957, "impervious": 0.40787303, "lst": 27.527414, "SVI": 0.0, "cheeger_side": "left", "cheeger_boundary": false, "cheeger_fiedler": -0.06221528657841055, "cheeger_rank": 74, "cooling_sink": false, "cooling_access_score": 0.0, "cooling_sink_resistance_proxy": 100.0, "cheeger_priority": 0.0, "cheeger_priority_class": "not_boundary", "cooling_access_class": "very_low", "low_cooling_access": true, "street_intervention_signal": 100.0 }, "geometry": { "type": "Polygon", "coordinates": [ [ [ -71.154651575704406, 42.263936036036021 ], [ -71.154651575704406, 42.272945045045027 ], [ -71.166834383802936, 42.272945045045027 ], [ -71.166834383802936, 42.263936036036021 ], [ -71.154651575704406, 42.263936036036021 ] ] ] } },
{ "type": "Feature", "properties": { "cell_id": 43, "ndvi": 0.33535448, "albedo": 0.17182955, "impervious": 0.37636319, "lst": 27.95787, "SVI": 0.0, "cheeger_side": "left", "cheeger_boundary": false, "cheeger_fiedler": -0.052135552663153437, "cheeger_rank": 93, "cooling_sink": false, "cooling_access_score": 0.0, "cooling_sink_resistance_proxy": 100.0, "cheeger_priority": 0.0, "cheeger_priority_class": "not_boundary", "cooling_access_class": "very_low", "low_cooling_access": true, "street_intervention_signal": 100.0 }, "geometry": { "type": "Polygon", "coordinates": [ [ [ -71.154651575704406, 42.272945045045027 ], [ -71.154651575704406, 42.281954054054033 ], [ -71.166834383802936, 42.281954054054033 ], [ -71.166834383802936, 42.272945045045027 ], [ -71.154651575704406, 42.272945045045027 ] ] ] } },
{ "type": "Feature", "properties": { "cell_id": 47, "ndvi": 0.34366015, "albedo": 0.16375874, "impervious": 0.39512965, "lst": 28.535828, "SVI": 0.0, "cheeger_side": "right", "cheeger_boundary": true, "cheeger_fiedler": 7.6952885907739592e-16, "cheeger_rank": 167, "cooling_sink": false, "cooling_access_score": 0.0, "cooling_sink_resistance_proxy": 100.0, "cheeger_priority": 66.827220832430228, "cheeger_priority_class": "high", "cooling_access_class": "very_low", "low_cooling_access": true, "street_intervention_signal": 100.0 }, "geometry": { "type": "Polygon", "coordinates": [ [ [ -71.154651575704406, 42.30898108108105 ], [ -71.154651575704406, 42.317990090090056 ], [ -71.166834383802936, 42.317990090090056 ], [ -71.166834383802936, 42.30898108108105 ], [ -71.154651575704406, 42.30898108108105 ] ] ] } },
{ "type": "Feature", "properties": { "cell_id": 48, "ndvi": 0.36836138, "albedo": 0.17765278, "impervious": 0.39803439, "lst": 27.425863, "SVI": 0.0, "cheeger_side": "right", "cheeger_boundary": false, "cheeger_fiedler": 0.014054737363443171, "cheeger_rank": 175, "cooling_sink": false, "cooling_access_score": 0.0, "cooling_sink_resistance_proxy": 100.0, "cheeger_priority": 0.0, "cheeger_priority_class": "not_boundary", "cooling_access_class": "very_low", "low_cooling_access": true, "street_intervention_signal": 100.0 }, "geometry": { "type": "Polygon", "coordinates": [ [ [ -71.154651575704406, 42.317990090090056 ], [ -71.154651575704406, 42.326999099099062 ], [ -71.166834383802936, 42.326999099099062 ], [ -71.166834383802936, 42.317990090090056 ], [ -71.154651575704406, 42.317990090090056 ] ] ] } },
{ "type": "Feature", "properties": { "cell_id": 52, "ndvi": 0.3874841, "albedo": 0.19098133, "impervious": 0.36065316, "lst": 27.664146, "SVI": 0.0, "cheeger_side": "right", "cheeger_boundary": false, "cheeger_fiedler": 0.062215286578411147, "cheeger_rank": 249, "cooling_sink": false, "cooling_access_score": 0.0, "cooling_sink_resistance_proxy": 100.0, "cheeger_priority": 0.0, "cheeger_priority_class": "not_boundary", "cooling_access_class": "very_low", "low_cooling_access": true, "street_intervention_signal": 100.0 }, "geometry": { "type": "Polygon", "coordinates": [ [ [ -71.154651575704406, 42.35402612612608 ], [ -71.154651575704406, 42.363035135135085 ], [ -71.166834383802936, 42.363035135135085 ], [ -71.166834383802936, 42.35402612612608 ], [ -71.154651575704406, 42.35402612612608 ] ] ] } },
{ "type": "Feature", "properties": { "cell_id": 55, "ndvi": 0.38804385, "albedo": 0.14277777, "impervious": 0.26954708, "lst": 31.201365, "SVI": 0.0, "cheeger_side": "right", "cheeger_boundary": false, "cheeger_fiedler": 0.080501449209175208, "cheeger_rank": 311, "cooling_sink": false, "cooling_access_score": 0.0, "cooling_sink_resistance_proxy": 100.0, "cheeger_priority": 0.0, "cheeger_priority_class": "not_boundary", "cooling_access_class": "very_low", "low_cooling_access": true, "street_intervention_signal": 100.0 }, "geometry": { "type": "Polygon", "coordinates": [ [ [ -71.154651575704406, 42.381053153153097 ], [ -71.154651575704406, 42.390062162162103 ], [ -71.166834383802936, 42.390062162162103 ], [ -71.166834383802936, 42.381053153153097 ], [ -71.154651575704406, 42.381053153153097 ] ] ] } },
{ "type": "Feature", "properties": { "cell_id": 57, "ndvi": 0.32558626, "albedo": 0.18217319, "impervious": 0.4162046, "lst": 28.404995, "SVI": 0.0, "cheeger_side": "left", "cheeger_boundary": false, "cheeger_fiedler": -0.064898967500687577, "cheeger_rank": 55, "cooling_sink": false, "cooling_access_score": 0.0, "cooling_sink_resistance_proxy": 100.0, "cheeger_priority": 0.0, "cheeger_priority_class": "not_boundary", "cooling_access_class": "very_low", "low_cooling_access": true, "street_intervention_signal": 100.0 }, "geometry": { "type": "Polygon", "coordinates": [ [ [ -71.142468767605877, 42.2279 ], [ -71.142468767605877, 42.236909009009004 ], [ -71.154651575704406, 42.236909009009004 ], [ -71.154651575704406, 42.2279 ], [ -71.142468767605877, 42.2279 ] ] ] } },
{ "type": "Feature", "properties": { "cell_id": 58, "ndvi": 0.30818731, "albedo": 0.16777763, "impervious": 0.39091665, "lst": 28.466976, "SVI": 0.0, "cheeger_side": "left", "cheeger_boundary": false, "cheeger_fiedler": -0.080576200690154864, "cheeger_rank": 10, "cooling_sink": false, "cooling_access_score": 0.0, "cooling_sink_resistance_proxy": 100.0, "cheeger_priority": 0.0, "cheeger_priority_class": "not_boundary", "cooling_access_class": "very_low", "low_cooling_access": true, "street_intervention_signal": 100.0 }, "geometry": { "type": "Polygon", "coordinates": [ [ [ -71.142468767605877, 42.236909009009004 ], [ -71.142468767605877, 42.24591801801801 ], [ -71.154651575704406, 42.24591801801801 ], [ -71.154651575704406, 42.236909009009004 ], [ -71.142468767605877, 42.236909009009004 ] ] ] } },
{ "type": "Feature", "properties": { "cell_id": 62, "ndvi": 0.32734445, "albedo": 0.15840262, "impervious": 0.40489253, "lst": 28.042646, "SVI": 0.0, "cheeger_side": "left", "cheeger_boundary": false, "cheeger_fiedler": -0.052180777613158105, "cheeger_rank": 91, "cooling_sink": false, "cooling_access_score": 0.0, "cooling_sink_resistance_proxy": 100.0, "cheeger_priority": 0.0, "cheeger_priority_class": "not_boundary", "cooling_access_class": "very_low", "low_cooling_access": true, "street_intervention_signal": 100.0 }, "geometry": { "type": "Polygon", "coordinates": [ [ [ -71.142468767605877, 42.272945045045027 ], [ -71.142468767605877, 42.281954054054033 ], [ -71.154651575704406, 42.281954054054033 ], [ -71.154651575704406, 42.272945045045027 ], [ -71.142468767605877, 42.272945045045027 ] ] ] } },
{ "type": "Feature", "properties": { "cell_id": 63, "ndvi": 0.35564065, "albedo": 0.18518969, "impervious": 0.40471032, "lst": 28.95945, "SVI": 0.0, "cheeger_side": "left", "cheeger_boundary": false, "cheeger_fiedler": -0.040548756570659011, "cheeger_rank": 112, "cooling_sink": false, "cooling_access_score": 0.0, "cooling_sink_resistance_proxy": 100.0, "cheeger_priority": 0.0, "cheeger_priority_class": "not_boundary", "cooling_access_class": "very_low", "low_cooling_access": true, "street_intervention_signal": 100.0 }, "geometry": { "type": "Polygon", "coordinates": [ [ [ -71.142468767605877, 42.281954054054033 ], [ -71.142468767605877, 42.290963063063039 ], [ -71.154651575704406, 42.290963063063039 ], [ -71.154651575704406, 42.281954054054033 ], [ -71.142468767605877, 42.281954054054033 ] ] ] } },
{ "type": "Feature", "properties": { "cell_id": 64, "ndvi": 0.35215476, "albedo": 0.19804239, "impervious": 0.30743486, "lst": 28.412762, "SVI": 0.0, "cheeger_side": "left", "cheeger_boundary": false, "cheeger_fiedler": -0.027717617557177481, "cheeger_rank": 129, "cooling_sink": false, "cooling_access_score": 0.0, "cooling_sink_resistance_proxy": 100.0, "cheeger_priority": 0.0, "cheeger_priority_class": "not_boundary", "cooling_access_class": "very_low", "low_cooling_access": true, "street_intervention_signal": 100.0 }, "geometry": { "type": "Polygon", "coordinates": [ [ [ -71.142468767605877, 42.290963063063039 ], [ -71.142468767605877, 42.299972072072045 ], [ -71.154651575704406, 42.299972072072045 ], [ -71.154651575704406, 42.290963063063039 ], [ -71.142468767605877, 42.290963063063039 ] ] ] } },
{ "type": "Feature", "properties": { "cell_id": 71, "ndvi": 0.31319177, "albedo": 0.16360207, "impervious": 0.45156667, "lst": 28.302597, "SVI": 0.0, "cheeger_side": "right", "cheeger_boundary": false, "cheeger_fiedler": 0.062269719924508353, "cheeger_rank": 251, "cooling_sink": false, "cooling_access_score": 0.0, "cooling_sink_resistance_proxy": 100.0, "cheeger_priority": 0.0, "cheeger_priority_class": "not_boundary", "cooling_access_class": "very_low", "low_cooling_access": true, "street_intervention_signal": 100.0 }, "geometry": { "type": "Polygon", "coordinates": [ [ [ -71.142468767605877, 42.35402612612608 ], [ -71.142468767605877, 42.363035135135085 ], [ -71.154651575704406, 42.363035135135085 ], [ -71.154651575704406, 42.35402612612608 ], [ -71.142468767605877, 42.35402612612608 ] ] ] } },
{ "type": "Feature", "properties": { "cell_id": 72, "ndvi": 0.32700393, "albedo": 0.16240495, "impervious": 0.42192245, "lst": 27.91765, "SVI": 0.0, "cheeger_side": "right", "cheeger_boundary": false, "cheeger_fiedler": 0.070517325191535835, "cheeger_rank": 283, "cooling_sink": false, "cooling_access_score": 0.0, "cooling_sink_resistance_proxy": 100.0, "cheeger_priority": 0.0, "cheeger_priority_class": "not_boundary", "cooling_access_class": "very_low", "low_cooling_access": true, "street_intervention_signal": 100.0 }, "geometry": { "type": "Polygon", "coordinates": [ [ [ -71.142468767605877, 42.363035135135085 ], [ -71.142468767605877, 42.372044144144091 ], [ -71.154651575704406, 42.372044144144091 ], [ -71.154651575704406, 42.363035135135085 ], [ -71.142468767605877, 42.363035135135085 ] ] ] } },
{ "type": "Feature", "properties": { "cell_id": 77, "ndvi": 0.23114555, "albedo": 0.21003546, "impervious": 0.43340614, "lst": 28.02323, "SVI": 0.0, "cheeger_side": "left", "cheeger_boundary": false, "cheeger_fiedler": -0.080636848307512068, "cheeger_rank": 8, "cooling_sink": false, "cooling_access_score": 0.0, "cooling_sink_resistance_proxy": 100.0, "cheeger_priority": 0.0, "cheeger_priority_class": "not_boundary", "cooling_access_class": "very_low", "low_cooling_access": true, "street_intervention_signal": 100.0 }, "geometry": { "type": "Polygon", "coordinates": [ [ [ -71.130285959507347, 42.236909009009004 ], [ -71.130285959507347, 42.24591801801801 ], [ -71.142468767605877, 42.24591801801801 ], [ -71.142468767605877, 42.236909009009004 ], [ -71.130285959507347, 42.236909009009004 ] ] ] } },
{ "type": "Feature", "properties": { "cell_id": 81, "ndvi": 0.34494895, "albedo": 0.15298121, "impervious": 0.41779727, "lst": 28.157227, "SVI": 0.0, "cheeger_side": "left", "cheeger_boundary": false, "cheeger_fiedler": -0.05221813222981074, "cheeger_rank": 89, "cooling_sink": false, "cooling_access_score": 0.0, "cooling_sink_resistance_proxy": 100.0, "cheeger_priority": 0.0, "cheeger_priority_class": "not_boundary", "cooling_access_class": "very_low", "low_cooling_access": true, "street_intervention_signal": 100.0 }, "geometry": { "type": "Polygon", "coordinates": [ [ [ -71.130285959507347, 42.272945045045027 ], [ -71.130285959507347, 42.281954054054033 ], [ -71.142468767605877, 42.281954054054033 ], [ -71.142468767605877, 42.272945045045027 ], [ -71.130285959507347, 42.272945045045027 ] ] ] } },
{ "type": "Feature", "properties": { "cell_id": 82, "ndvi": 0.39034137, "albedo": 0.18460025, "impervious": 0.38886005, "lst": 27.375555, "SVI": 0.0, "cheeger_side": "left", "cheeger_boundary": false, "cheeger_fiedler": -0.040577606691805414, "cheeger_rank": 110, "cooling_sink": false, "cooling_access_score": 0.0, "cooling_sink_resistance_proxy": 100.0, "cheeger_priority": 0.0, "cheeger_priority_class": "not_boundary", "cooling_access_class": "very_low", "low_cooling_access": true, "street_intervention_signal": 100.0 }, "geometry": { "type": "Polygon", "coordinates": [ [ [ -71.130285959507347, 42.281954054054033 ], [ -71.130285959507347, 42.290963063063039 ], [ -71.142468767605877, 42.290963063063039 ], [ -71.142468767605877, 42.281954054054033 ], [ -71.130285959507347, 42.281954054054033 ] ] ] } },
{ "type": "Feature", "properties": { "cell_id": 83, "ndvi": 0.26431364, "albedo": 0.124447, "impervious": 0.4092437, "lst": 27.916164, "SVI": 0.0, "cheeger_side": "left", "cheeger_boundary": false, "cheeger_fiedler": -0.027737261351295932, "cheeger_rank": 127, "cooling_sink": false, "cooling_access_score": 0.0, "cooling_sink_resistance_proxy": 100.0, "cheeger_priority": 0.0, "cheeger_priority_class": "not_boundary", "cooling_access_class": "very_low", "low_cooling_access": true, "street_intervention_signal": 100.0 }, "geometry": { "type": "Polygon", "coordinates": [ [ [ -71.130285959507347, 42.290963063063039 ], [ -71.130285959507347, 42.299972072072045 ], [ -71.142468767605877, 42.299972072072045 ], [ -71.142468767605877, 42.290963063063039 ], [ -71.130285959507347, 42.290963063063039 ] ] ] } },
{ "type": "Feature", "properties": { "cell_id": 86, "ndvi": 0.32148638, "albedo": 0.27432203, "impervious": 0.68923438, "lst": 36.611908, "SVI": 0.0, "cheeger_side": "right", "cheeger_boundary": false, "cheeger_fiedler": 0.014076750788487916, "cheeger_rank": 179, "cooling_sink": false, "cooling_access_score": 0.0, "cooling_sink_resistance_proxy": 100.0, "cheeger_priority": 0.0, "cheeger_priority_class": "not_boundary", "cooling_access_class": "very_low", "low_cooling_access": true, "street_intervention_signal": 100.0 }, "geometry": { "type": "Polygon", "coordinates": [ [ [ -71.130285959507347, 42.317990090090056 ], [ -71.130285959507347, 42.326999099099062 ], [ -71.142468767605877, 42.326999099099062 ], [ -71.142468767605877, 42.317990090090056 ], [ -71.130285959507347, 42.317990090090056 ] ] ] } },
{ "type": "Feature", "properties": { "cell_id": 87, "ndvi": 0.12061971, "albedo": 0.33353028, "impervious": 0.81739151, "lst": 33.858837, "SVI": 0.0, "cheeger_side": "right", "cheeger_boundary": false, "cheeger_fiedler": 0.027737261351297421, "cheeger_rank": 196, "cooling_sink": false, "cooling_access_score": 0.0, "cooling_sink_resistance_proxy": 100.0, "cheeger_priority": 0.0, "cheeger_priority_class": "not_boundary", "cooling_access_class": "very_low", "low_cooling_access": true, "street_intervention_signal": 100.0 }, "geometry": { "type": "Polygon", "coordinates": [ [ [ -71.130285959507347, 42.326999099099062 ], [ -71.130285959507347, 42.336008108108068 ], [ -71.142468767605877, 42.336008108108068 ], [ -71.142468767605877, 42.326999099099062 ], [ -71.130285959507347, 42.326999099099062 ] ] ] } },
{ "type": "Feature", "properties": { "cell_id": 88, "ndvi": 0.21186139, "albedo": 0.35404697, "impervious": 0.78974336, "lst": 30.339861, "SVI": 0.0, "cheeger_side": "right", "cheeger_boundary": false, "cheeger_fiedler": 0.040577606691806711, "cheeger_rank": 213, "cooling_sink": false, "cooling_access_score": 0.0, "cooling_sink_resistance_proxy": 100.0, "cheeger_priority": 0.0, "cheeger_priority_class": "not_boundary", "cooling_access_class": "very_low", "low_cooling_access": true, "street_intervention_signal": 100.0 }, "geometry": { "type": "Polygon", "coordinates": [ [ [ -71.130285959507347, 42.336008108108068 ], [ -71.130285959507347, 42.345017117117074 ], [ -71.142468767605877, 42.345017117117074 ], [ -71.142468767605877, 42.336008108108068 ], [ -71.130285959507347, 42.336008108108068 ] ] ] } },
{ "type": "Feature", "properties": { "cell_id": 91, "ndvi": 0.34658352, "albedo": 0.16270226, "impervious": 0.41812274, "lst": 27.60041, "SVI": 0.0, "cheeger_side": "right", "cheeger_boundary": false, "cheeger_fiedler": 0.070568913097664429, "cheeger_rank": 285, "cooling_sink": false, "cooling_access_score": 0.0, "cooling_sink_resistance_proxy": 100.0, "cheeger_priority": 0.0, "cheeger_priority_class": "not_boundary", "cooling_access_class": "very_low", "low_cooling_access": true, "street_intervention_signal": 100.0 }, "geometry": { "type": "Polygon", "coordinates": [ [ [ -71.130285959507347, 42.363035135135085 ], [ -71.130285959507347, 42.372044144144091 ], [ -71.142468767605877, 42.372044144144091 ], [ -71.142468767605877, 42.363035135135085 ], [ -71.130285959507347, 42.363035135135085 ] ] ] } },
{ "type": "Feature", "properties": { "cell_id": 92, "ndvi": 0.37904873, "albedo": 0.17383784, "impervious": 0.44811809, "lst": 28.217737, "SVI": 0.0, "cheeger_side": "right", "cheeger_boundary": false, "cheeger_fiedler": 0.076736964265775504, "cheeger_rank": 300, "cooling_sink": false, "cooling_access_score": 0.0, "cooling_sink_resistance_proxy": 100.0, "cheeger_priority": 0.0, "cheeger_priority_class": "not_boundary", "cooling_access_class": "very_low", "low_cooling_access": true, "street_intervention_signal": 100.0 }, "geometry": { "type": "Polygon", "coordinates": [ [ [ -71.130285959507347, 42.372044144144091 ], [ -71.130285959507347, 42.381053153153097 ], [ -71.142468767605877, 42.381053153153097 ], [ -71.142468767605877, 42.372044144144091 ], [ -71.130285959507347, 42.372044144144091 ] ] ] } },
{ "type": "Feature", "properties": { "cell_id": 93, "ndvi": 0.34811398, "albedo": 0.1887874, "impervious": 0.37100732, "lst": 28.279406, "SVI": 0.0, "cheeger_side": "right", "cheeger_boundary": false, "cheeger_fiedler": 0.080636848307511791, "cheeger_rank": 315, "cooling_sink": false, "cooling_access_score": 0.0, "cooling_sink_resistance_proxy": 100.0, "cheeger_priority": 0.0, "cheeger_priority_class": "not_boundary", "cooling_access_class": "very_low", "low_cooling_access": true, "street_intervention_signal": 100.0 }, "geometry": { "type": "Polygon", "coordinates": [ [ [ -71.130285959507347, 42.381053153153097 ], [ -71.130285959507347, 42.390062162162103 ], [ -71.142468767605877, 42.390062162162103 ], [ -71.142468767605877, 42.381053153153097 ], [ -71.130285959507347, 42.381053153153097 ] ] ] } },
{ "type": "Feature", "properties": { "cell_id": 96, "ndvi": 0.38972366, "albedo": 0.23152764, "impervious": 0.70137256, "lst": 34.114456, "SVI": 0.0, "cheeger_side": "left", "cheeger_boundary": false, "cheeger_fiedler": -0.080683772652323932, "cheeger_rank": 6, "cooling_sink": false, "cooling_access_score": 0.0, "cooling_sink_resistance_proxy": 100.0, "cheeger_priority": 0.0, "cheeger_priority_class": "not_boundary", "cooling_access_class": "very_low", "low_cooling_access": true, "street_intervention_signal": 100.0 }, "geometry": { "type": "Polygon", "coordinates": [ [ [ -71.118103151408818, 42.236909009009004 ], [ -71.118103151408818, 42.24591801801801 ], [ -71.130285959507347, 42.24591801801801 ], [ -71.130285959507347, 42.236909009009004 ], [ -71.118103151408818, 42.236909009009004 ] ] ] } },
{ "type": "Feature", "properties": { "cell_id": 97, "ndvi": 0.20792443, "albedo": 0.25837913, "impervious": 0.75545901, "lst": 33.954548, "SVI": 0.0, "cheeger_side": "left", "cheeger_boundary": false, "cheeger_fiedler": -0.076781236005679016, "cheeger_rank": 21, "cooling_sink": false, "cooling_access_score": 0.0, "cooling_sink_resistance_proxy": 100.0, "cheeger_priority": 0.0, "cheeger_priority_class": "not_boundary", "cooling_access_class": "very_low", "low_cooling_access": true, "street_intervention_signal": 100.0 }, "geometry": { "type": "Polygon", "coordinates": [ [ [ -71.118103151408818, 42.24591801801801 ], [ -71.118103151408818, 42.254927027027016 ], [ -71.130285959507347, 42.254927027027016 ], [ -71.130285959507347, 42.24591801801801 ], [ -71.118103151408818, 42.24591801801801 ] ] ] } },
{ "type": "Feature", "properties": { "cell_id": 98, "ndvi": 0.10504317, "albedo": 0.34201878, "impervious": 0.75141478, "lst": 27.899269, "SVI": 0.0, "cheeger_side": "left", "cheeger_boundary": false, "cheeger_fiedler": -0.070609194944051212, "cheeger_rank": 36, "cooling_sink": false, "cooling_access_score": 0.0, "cooling_sink_resistance_proxy": 100.0, "cheeger_priority": 0.0, "cheeger_priority_class": "not_boundary", "cooling_access_class": "very_low", "low_cooling_access": true, "street_intervention_signal": 100.0 }, "geometry": { "type": "Polygon", "coordinates": [ [ [ -71.118103151408818, 42.254927027027016 ], [ -71.118103151408818, 42.263936036036021 ], [ -71.130285959507347, 42.263936036036021 ], [ -71.130285959507347, 42.254927027027016 ], [ -71.118103151408818, 42.254927027027016 ] ] ] } },
{ "type": "Feature", "properties": { "cell_id": 101, "ndvi": 0.30308121, "albedo": 0.16433367, "impervious": 0.34241092, "lst": 28.08519, "SVI": 0.0, "cheeger_side": "left", "cheeger_boundary": false, "cheeger_fiedler": -0.040600201547105301, "cheeger_rank": 108, "cooling_sink": false, "cooling_access_score": 0.0, "cooling_sink_resistance_proxy": 100.0, "cheeger_priority": 0.0, "cheeger_priority_class": "not_boundary", "cooling_access_class": "very_low", "low_cooling_access": true, "street_intervention_signal": 100.0 }, "geometry": { "type": "Polygon", "coordinates": [ [ [ -71.118103151408818, 42.281954054054033 ], [ -71.118103151408818, 42.290963063063039 ], [ -71.130285959507347, 42.290963063063039 ], [ -71.130285959507347, 42.281954054054033 ], [ -71.118103151408818, 42.281954054054033 ] ] ] } },
{ "type": "Feature", "properties": { "cell_id": 103, "ndvi": 0.38310289, "albedo": 0.18234877, "impervious": 0.44144419, "lst": 28.388847, "SVI": 0.0, "cheeger_side": "left", "cheeger_boundary": true, "cheeger_fiedler": -0.014084538056555284, "cheeger_rank": 142, "cooling_sink": false, "cooling_access_score": 0.0, "cooling_sink_resistance_proxy": 100.0, "cheeger_priority": 64.823527188303686, "cheeger_priority_class": "high", "cooling_access_class": "very_low", "low_cooling_access": true, "street_intervention_signal": 100.0 }, "geometry": { "type": "Polygon", "coordinates": [ [ [ -71.118103151408818, 42.299972072072045 ], [ -71.118103151408818, 42.30898108108105 ], [ -71.130285959507347, 42.30898108108105 ], [ -71.130285959507347, 42.299972072072045 ], [ -71.118103151408818, 42.299972072072045 ] ] ] } },
{ "type": "Feature", "properties": { "cell_id": 104, "ndvi": 0.39054045, "albedo": 0.1527153, "impervious": 0.39979896, "lst": 26.959955, "SVI": 0.0, "cheeger_side": "right", "cheeger_boundary": true, "cheeger_fiedler": 7.5182009454576407e-16, "cheeger_rank": 166, "cooling_sink": false, "cooling_access_score": 0.0, "cooling_sink_resistance_proxy": 100.0, "cheeger_priority": 58.252869757840656, "cheeger_priority_class": "high", "cooling_access_class": "very_low", "low_cooling_access": true, "street_intervention_signal": 100.0 }, "geometry": { "type": "Polygon", "coordinates": [ [ [ -71.118103151408818, 42.30898108108105 ], [ -71.118103151408818, 42.317990090090056 ], [ -71.130285959507347, 42.317990090090056 ], [ -71.130285959507347, 42.30898108108105 ], [ -71.118103151408818, 42.30898108108105 ] ] ] } },
{ "type": "Feature", "properties": { "cell_id": 105, "ndvi": 0.35676879, "albedo": 0.17213431, "impervious": 0.37335339, "lst": 28.271872, "SVI": 0.0, "cheeger_side": "right", "cheeger_boundary": false, "cheeger_fiedler": 0.014084538056556776, "cheeger_rank": 181, "cooling_sink": false, "cooling_access_score": 0.0, "cooling_sink_resistance_proxy": 100.0, "cheeger_priority": 0.0, "cheeger_priority_class": "not_boundary", "cooling_access_class": "very_low", "low_cooling_access": true, "street_intervention_signal": 100.0 }, "geometry": { "type": "Polygon", "coordinates": [ [ [ -71.118103151408818, 42.317990090090056 ], [ -71.118103151408818, 42.326999099099062 ], [ -71.130285959507347, 42.326999099099062 ], [ -71.130285959507347, 42.317990090090056 ], [ -71.118103151408818, 42.317990090090056 ] ] ] } },
{ "type": "Feature", "properties": { "cell_id": 106, "ndvi": 0.12350255, "albedo": 0.20874943, "impervious": 0.75223446, "lst": 32.854671, "SVI": 0.0, "cheeger_side": "right", "cheeger_boundary": false, "cheeger_fiedler": 0.027752642175765601, "cheeger_rank": 198, "cooling_sink": false, "cooling_access_score": 0.0, "cooling_sink_resistance_proxy": 100.0, "cheeger_priority": 0.0, "cheeger_priority_class": "not_boundary", "cooling_access_class": "very_low", "low_cooling_access": true, "street_intervention_signal": 100.0 }, "geometry": { "type": "Polygon", "coordinates": [ [ [ -71.118103151408818, 42.326999099099062 ], [ -71.118103151408818, 42.336008108108068 ], [ -71.130285959507347, 42.336008108108068 ], [ -71.130285959507347, 42.326999099099062 ], [ -71.118103151408818, 42.326999099099062 ] ] ] } },
{ "type": "Feature", "properties": { "cell_id": 107, "ndvi": 0.20512225, "albedo": 0.28451252, "impervious": 0.7987051, "lst": 32.31913, "SVI": 0.0, "cheeger_side": "right", "cheeger_boundary": false, "cheeger_fiedler": 0.040600201547106494, "cheeger_rank": 215, "cooling_sink": false, "cooling_access_score": 0.0, "cooling_sink_resistance_proxy": 100.0, "cheeger_priority": 0.0, "cheeger_priority_class": "not_boundary", "cooling_access_class": "very_low", "low_cooling_access": true, "street_intervention_signal": 100.0 }, "geometry": { "type": "Polygon", "coordinates": [ [ [ -71.118103151408818, 42.336008108108068 ], [ -71.118103151408818, 42.345017117117074 ], [ -71.130285959507347, 42.345017117117074 ], [ -71.130285959507347, 42.336008108108068 ], [ -71.118103151408818, 42.336008108108068 ] ] ] } },
{ "type": "Feature", "properties": { "cell_id": 108, "ndvi": 0.16381212, "albedo": 0.29185468, "impervious": 0.78492826, "lst": 28.082588, "SVI": 0.0, "cheeger_side": "right", "cheeger_boundary": false, "cheeger_fiedler": 0.052247389423549062, "cheeger_rank": 236, "cooling_sink": false, "cooling_access_score": 0.0, "cooling_sink_resistance_proxy": 100.0, "cheeger_priority": 0.0, "cheeger_priority_class": "not_boundary", "cooling_access_class": "very_low", "low_cooling_access": true, "street_intervention_signal": 100.0 }, "geometry": { "type": "Polygon", "coordinates": [ [ [ -71.118103151408818, 42.345017117117074 ], [ -71.118103151408818, 42.35402612612608 ], [ -71.130285959507347, 42.35402612612608 ], [ -71.130285959507347, 42.345017117117074 ], [ -71.118103151408818, 42.345017117117074 ] ] ] } },
{ "type": "Feature", "properties": { "cell_id": 111, "ndvi": 0.29593241, "albedo": 0.19980669, "impervious": 0.37208316, "lst": 28.047791, "SVI": 0.0, "cheeger_side": "right", "cheeger_boundary": false, "cheeger_fiedler": 0.076781236005679085, "cheeger_rank": 302, "cooling_sink": false, "cooling_access_score": 0.0, "cooling_sink_resistance_proxy": 100.0, "cheeger_priority": 0.0, "cheeger_priority_class": "not_boundary", "cooling_access_class": "very_low", "low_cooling_access": true, "street_intervention_signal": 100.0 }, "geometry": { "type": "Polygon", "coordinates": [ [ [ -71.118103151408818, 42.372044144144091 ], [ -71.118103151408818, 42.381053153153097 ], [ -71.130285959507347, 42.381053153153097 ], [ -71.130285959507347, 42.372044144144091 ], [ -71.118103151408818, 42.372044144144091 ] ] ] } },
{ "type": "Feature", "properties": { "cell_id": 112, "ndvi": 0.29222125, "albedo": 0.20471641, "impervious": 0.37886104, "lst": 27.98374, "SVI": 0.0, "cheeger_side": "right", "cheeger_boundary": false, "cheeger_fiedler": 0.080683772652323613, "cheeger_rank": 317, "cooling_sink": false, "cooling_access_score": 0.0, "cooling_sink_resistance_proxy": 100.0, "cheeger_priority": 0.0, "cheeger_priority_class": "not_boundary", "cooling_access_class": "very_low", "low_cooling_access": true, "street_intervention_signal": 100.0 }, "geometry": { "type": "Polygon", "coordinates": [ [ [ -71.118103151408818, 42.381053153153097 ], [ -71.118103151408818, 42.390062162162103 ], [ -71.130285959507347, 42.390062162162103 ], [ -71.130285959507347, 42.381053153153097 ], [ -71.118103151408818, 42.381053153153097 ] ] ] } },
{ "type": "Feature", "properties": { "cell_id": 113, "ndvi": 0.30093712, "albedo": 0.16095063, "impervious": 0.45196289, "lst": 28.131895, "SVI": 0.0, "cheeger_side": "right", "cheeger_boundary": false, "cheeger_fiedler": 0.06498608515910885, "cheeger_rank": 272, "cooling_sink": false, "cooling_access_score": 0.0, "cooling_sink_resistance_proxy": 100.0, "cheeger_priority": 0.0, "cheeger_priority_class": "not_boundary", "cooling_access_class": "very_low", "low_cooling_access": true, "street_intervention_signal": 100.0 }, "geometry": { "type": "Polygon", "coordinates": [ [ [ -71.118103151408818, 42.390062162162103 ], [ -71.118103151408818, 42.399071171171109 ], [ -71.130285959507347, 42.399071171171109 ], [ -71.130285959507347, 42.390062162162103 ], [ -71.118103151408818, 42.390062162162103 ] ] ] } },
{ "type": "Feature", "properties": { "cell_id": 115, "ndvi": 0.28009436, "albedo": 0.18609948, "impervious": 0.40372634, "lst": 28.601328, "SVI": 0.0, "cheeger_side": "left", "cheeger_boundary": false, "cheeger_fiedler": -0.080717187124286799, "cheeger_rank": 4, "cooling_sink": false, "cooling_access_score": 0.0, "cooling_sink_resistance_proxy": 100.0, "cheeger_priority": 0.0, "cheeger_priority_class": "not_boundary", "cooling_access_class": "very_low", "low_cooling_access": true, "street_intervention_signal": 100.0 }, "geometry": { "type": "Polygon", "coordinates": [ [ [ -71.105920343310288, 42.236909009009004 ], [ -71.105920343310288, 42.24591801801801 ], [ -71.118103151408818, 42.24591801801801 ], [ -71.118103151408818, 42.236909009009004 ], [ -71.105920343310288, 42.236909009009004 ] ] ] } },
{ "type": "Feature", "properties": { "cell_id": 116, "ndvi": 0.19271873, "albedo": 0.23828304, "impervious": 0.76963407, "lst": 33.522457, "SVI": 0.0, "cheeger_side": "left", "cheeger_boundary": false, "cheeger_fiedler": -0.076812837962774647, "cheeger_rank": 19, "cooling_sink": false, "cooling_access_score": 0.0, "cooling_sink_resistance_proxy": 100.0, "cheeger_priority": 0.0, "cheeger_priority_class": "not_boundary", "cooling_access_class": "very_low", "low_cooling_access": true, "street_intervention_signal": 100.0 }, "geometry": { "type": "Polygon", "coordinates": [ [ [ -71.105920343310288, 42.24591801801801 ], [ -71.105920343310288, 42.254927027027016 ], [ -71.118103151408818, 42.254927027027016 ], [ -71.118103151408818, 42.24591801801801 ], [ -71.105920343310288, 42.24591801801801 ] ] ] } },
{ "type": "Feature", "properties": { "cell_id": 117, "ndvi": 0.18896346, "albedo": 0.29811558, "impervious": 0.75999272, "lst": 34.917229, "SVI": 0.0, "cheeger_side": "left", "cheeger_boundary": false, "cheeger_fiedler": -0.070638022316386093, "cheeger_rank": 34, "cooling_sink": false, "cooling_access_score": 0.0, "cooling_sink_resistance_proxy": 100.0, "cheeger_priority": 0.0, "cheeger_priority_class": "not_boundary", "cooling_access_class": "very_low", "low_cooling_access": true, "street_intervention_signal": 100.0 }, "geometry": { "type": "Polygon", "coordinates": [ [ [ -71.105920343310288, 42.254927027027016 ], [ -71.105920343310288, 42.263936036036021 ], [ -71.118103151408818, 42.263936036036021 ], [ -71.118103151408818, 42.254927027027016 ], [ -71.105920343310288, 42.254927027027016 ] ] ] } },
{ "type": "Feature", "properties": { "cell_id": 118, "ndvi": 0.25002956, "albedo": 0.33368364, "impervious": 0.72376537, "lst": 29.147583, "SVI": 0.0, "cheeger_side": "left", "cheeger_boundary": false, "cheeger_fiedler": -0.062375153073168259, "cheeger_rank": 66, "cooling_sink": false, "cooling_access_score": 0.0, "cooling_sink_resistance_proxy": 100.0, "cheeger_priority": 0.0, "cheeger_priority_class": "not_boundary", "cooling_access_class": "very_low", "low_cooling_access": true, "street_intervention_signal": 100.0 }, "geometry": { "type": "Polygon", "coordinates": [ [ [ -71.105920343310288, 42.263936036036021 ], [ -71.105920343310288, 42.272945045045027 ], [ -71.118103151408818, 42.272945045045027 ], [ -71.118103151408818, 42.263936036036021 ], [ -71.105920343310288, 42.263936036036021 ] ] ] } },
{ "type": "Feature", "properties": { "cell_id": 122, "ndvi": 0.29080752, "albedo": 0.21562219, "impervious": 0.44566607, "lst": 27.785048, "SVI": 0.0, "cheeger_side": "left", "cheeger_boundary": true, "cheeger_fiedler": -0.014090128051465671, "cheeger_rank": 140, "cooling_sink": false, "cooling_access_score": 0.0, "cooling_sink_resistance_proxy": 100.0, "cheeger_priority": 58.934129603127602, "cheeger_priority_class": "high", "cooling_access_class": "very_low", "low_cooling_access": true, "street_intervention_signal": 100.0 }, "geometry": { "type": "Polygon", "coordinates": [ [ [ -71.105920343310288, 42.299972072072045 ], [ -71.105920343310288, 42.30898108108105 ], [ -71.118103151408818, 42.30898108108105 ], [ -71.118103151408818, 42.299972072072045 ], [ -71.105920343310288, 42.299972072072045 ] ] ] } },
{ "type": "Feature", "properties": { "cell_id": 123, "ndvi": 0.32009748, "albedo": 0.25984409, "impervious": 0.70809519, "lst": 31.690104, "SVI": 0.0, "cheeger_side": "right", "cheeger_boundary": true, "cheeger_fiedler": 6.6512896440677188e-16, "cheeger_rank": 164, "cooling_sink": false, "cooling_access_score": 0.0, "cooling_sink_resistance_proxy": 100.0, "cheeger_priority": 87.140361849936625, "cheeger_priority_class": "critical", "cooling_access_class": "very_low", "low_cooling_access": true, "street_intervention_signal": 100.0 }, "geometry": { "type": "Polygon", "coordinates": [ [ [ -71.105920343310288, 42.30898108108105 ], [ -71.105920343310288, 42.317990090090056 ], [ -71.118103151408818, 42.317990090090056 ], [ -71.118103151408818, 42.30898108108105 ], [ -71.105920343310288, 42.30898108108105 ] ] ] } },
{ "type": "Feature", "properties": { "cell_id": 124, "ndvi": 0.36248788, "albedo": 0.24821033, "impervious": 0.71159005, "lst": 31.943857, "SVI": 0.0, "cheeger_side": "right", "cheeger_boundary": false, "cheeger_fiedler": 0.01409012805146701, "cheeger_rank": 183, "cooling_sink": false, "cooling_access_score": 0.0, "cooling_sink_resistance_proxy": 100.0, "cheeger_priority": 0.0, "cheeger_priority_class": "not_boundary", "cooling_access_class": "very_low", "low_cooling_access": true, "street_intervention_signal": 100.0 }, "geometry": { "type": "Polygon", "coordinates": [ [ [ -71.105920343310288, 42.317990090090056 ], [ -71.105920343310288, 42.326999099099062 ], [ -71.118103151408818, 42.326999099099062 ], [ -71.118103151408818, 42.317990090090056 ], [ -71.105920343310288, 42.317990090090056 ] ] ] } },
{ "type": "Feature", "properties": { "cell_id": 125, "ndvi": 0.29645422, "albedo": 0.17170919, "impervious": 0.38504869, "lst": 27.434717, "SVI": 0.0, "cheeger_side": "right", "cheeger_boundary": false, "cheeger_fiedler": 0.027763683702836887, "cheeger_rank": 200, "cooling_sink": false, "cooling_access_score": 0.0, "cooling_sink_resistance_proxy": 100.0, "cheeger_priority": 0.0, "cheeger_priority_class": "not_boundary", "cooling_access_class": "very_low", "low_cooling_access": true, "street_intervention_signal": 100.0 }, "geometry": { "type": "Polygon", "coordinates": [ [ [ -71.105920343310288, 42.326999099099062 ], [ -71.105920343310288, 42.336008108108068 ], [ -71.118103151408818, 42.336008108108068 ], [ -71.118103151408818, 42.326999099099062 ], [ -71.105920343310288, 42.326999099099062 ] ] ] } },
{ "type": "Feature", "properties": { "cell_id": 126, "ndvi": 0.15232733, "albedo": 0.30057499, "impervious": 0.73802483, "lst": 34.732975, "SVI": 0.0, "cheeger_side": "right", "cheeger_boundary": false, "cheeger_fiedler": 0.04061642150389428, "cheeger_rank": 217, "cooling_sink": false, "cooling_access_score": 0.0, "cooling_sink_resistance_proxy": 100.0, "cheeger_priority": 0.0, "cheeger_priority_class": "not_boundary", "cooling_access_class": "very_low", "low_cooling_access": true, "street_intervention_signal": 100.0 }, "geometry": { "type": "Polygon", "coordinates": [ [ [ -71.105920343310288, 42.336008108108068 ], [ -71.105920343310288, 42.345017117117074 ], [ -71.118103151408818, 42.345017117117074 ], [ -71.118103151408818, 42.336008108108068 ], [ -71.105920343310288, 42.336008108108068 ] ] ] } },
{ "type": "Feature", "properties": { "cell_id": 127, "ndvi": 0.24091014, "albedo": 0.24979645, "impervious": 0.7604664, "lst": 32.089848, "SVI": 0.0, "cheeger_side": "right", "cheeger_boundary": false, "cheeger_fiedler": 0.052268385576857902, "cheeger_rank": 238, "cooling_sink": false, "cooling_access_score": 0.0, "cooling_sink_resistance_proxy": 100.0, "cheeger_priority": 0.0, "cheeger_priority_class": "not_boundary", "cooling_access_class": "very_low", "low_cooling_access": true, "street_intervention_signal": 100.0 }, "geometry": { "type": "Polygon", "coordinates": [ [ [ -71.105920343310288, 42.345017117117074 ], [ -71.105920343310288, 42.35402612612608 ], [ -71.118103151408818, 42.35402612612608 ], [ -71.118103151408818, 42.345017117117074 ], [ -71.105920343310288, 42.345017117117074 ] ] ] } },
{ "type": "Feature", "properties": { "cell_id": 128, "ndvi": 0.13286763, "albedo": 0.3330515, "impervious": 0.73907083, "lst": 29.213881, "SVI": 0.0, "cheeger_side": "right", "cheeger_boundary": false, "cheeger_fiedler": 0.062375153073168661, "cheeger_rank": 257, "cooling_sink": false, "cooling_access_score": 0.0, "cooling_sink_resistance_proxy": 100.0, "cheeger_priority": 0.0, "cheeger_priority_class": "not_boundary", "cooling_access_class": "very_low", "low_cooling_access": true, "street_intervention_signal": 100.0 }, "geometry": { "type": "Polygon", "coordinates": [ [ [ -71.105920343310288, 42.35402612612608 ], [ -71.105920343310288, 42.363035135135085 ], [ -71.118103151408818, 42.363035135135085 ], [ -71.118103151408818, 42.35402612612608 ], [ -71.105920343310288, 42.35402612612608 ] ] ] } },
{ "type": "Feature", "properties": { "cell_id": 131, "ndvi": 0.39639288, "albedo": 0.22116786, "impervious": 0.37581953, "lst": 27.785088, "SVI": 0.0, "cheeger_side": "right", "cheeger_boundary": false, "cheeger_fiedler": 0.080717187124286383, "cheeger_rank": 319, "cooling_sink": false, "cooling_access_score": 0.0, "cooling_sink_resistance_proxy": 100.0, "cheeger_priority": 0.0, "cheeger_priority_class": "not_boundary", "cooling_access_class": "very_low", "low_cooling_access": true, "street_intervention_signal": 100.0 }, "geometry": { "type": "Polygon", "coordinates": [ [ [ -71.105920343310288, 42.381053153153097 ], [ -71.105920343310288, 42.390062162162103 ], [ -71.118103151408818, 42.390062162162103 ], [ -71.118103151408818, 42.381053153153097 ], [ -71.105920343310288, 42.381053153153097 ] ] ] } },
{ "type": "Feature", "properties": { "cell_id": 133, "ndvi": 0.37724552, "albedo": 0.24797416, "impervious": 0.77869421, "lst": 30.26968, "SVI": 0.0, "cheeger_side": "left", "cheeger_boundary": false, "cheeger_fiedler": -0.065029229071225103, "cheeger_rank": 47, "cooling_sink": false, "cooling_access_score": 0.0, "cooling_sink_resistance_proxy": 100.0, "cheeger_priority": 0.0, "cheeger_priority_class": "not_boundary", "cooling_access_class": "very_low", "low_cooling_access": true, "street_intervention_signal": 100.0 }, "geometry": { "type": "Polygon", "coordinates": [ [ [ -71.093737535211758, 42.2279 ], [ -71.093737535211758, 42.236909009009004 ], [ -71.105920343310288, 42.236909009009004 ], [ -71.105920343310288, 42.2279 ], [ -71.093737535211758, 42.2279 ] ] ] } },
{ "type": "Feature", "properties": { "cell_id": 136, "ndvi": 0.15460207, "albedo": 0.25945213, "impervious": 0.7152971, "lst": 35.487091, "SVI": 0.0, "cheeger_side": "left", "cheeger_boundary": false, "cheeger_fiedler": -0.07065533451602965, "cheeger_rank": 32, "cooling_sink": false, "cooling_access_score": 0.0, "cooling_sink_resistance_proxy": 100.0, "cheeger_priority": 0.0, "cheeger_priority_class": "not_boundary", "cooling_access_class": "very_low", "low_cooling_access": true, "street_intervention_signal": 100.0 }, "geometry": { "type": "Polygon", "coordinates": [ [ [ -71.093737535211758, 42.254927027027016 ], [ -71.093737535211758, 42.263936036036021 ], [ -71.105920343310288, 42.263936036036021 ], [ -71.105920343310288, 42.254927027027016 ], [ -71.093737535211758, 42.254927027027016 ] ] ] } },
{ "type": "Feature", "properties": { "cell_id": 137, "ndvi": 0.055252332, "albedo": 0.27753764, "impervious": 0.68815082, "lst": 33.900986, "SVI": 0.0, "cheeger_side": "left", "cheeger_boundary": false, "cheeger_fiedler": -0.06239033039498864, "cheeger_rank": 64, "cooling_sink": false, "cooling_access_score": 0.0, "cooling_sink_resistance_proxy": 100.0, "cheeger_priority": 0.0, "cheeger_priority_class": "not_boundary", "cooling_access_class": "very_low", "low_cooling_access": true, "street_intervention_signal": 100.0 }, "geometry": { "type": "Polygon", "coordinates": [ [ [ -71.093737535211758, 42.263936036036021 ], [ -71.093737535211758, 42.272945045045027 ], [ -71.105920343310288, 42.272945045045027 ], [ -71.105920343310288, 42.263936036036021 ], [ -71.093737535211758, 42.263936036036021 ] ] ] } },
{ "type": "Feature", "properties": { "cell_id": 138, "ndvi": 0.22517979, "albedo": 0.39476231, "impervious": 0.76979023, "lst": 29.17911, "SVI": 0.0, "cheeger_side": "left", "cheeger_boundary": false, "cheeger_fiedler": -0.052281018766387348, "cheeger_rank": 83, "cooling_sink": false, "cooling_access_score": 0.0, "cooling_sink_resistance_proxy": 100.0, "cheeger_priority": 0.0, "cheeger_priority_class": "not_boundary", "cooling_access_class": "very_low", "low_cooling_access": true, "street_intervention_signal": 100.0 }, "geometry": { "type": "Polygon", "coordinates": [ [ [ -71.093737535211758, 42.272945045045027 ], [ -71.093737535211758, 42.281954054054033 ], [ -71.105920343310288, 42.281954054054033 ], [ -71.105920343310288, 42.272945045045027 ], [ -71.093737535211758, 42.272945045045027 ] ] ] } },
{ "type": "Feature", "properties": { "cell_id": 142, "ndvi": 0.34894234, "albedo": 0.17098835, "impervious": 0.40491444, "lst": 28.154247, "SVI": 0.0, "cheeger_side": "right", "cheeger_boundary": true, "cheeger_fiedler": 5.5258233347640851e-16, "cheeger_rank": 162, "cooling_sink": false, "cooling_access_score": 0.0, "cooling_sink_resistance_proxy": 100.0, "cheeger_priority": 64.214599208171833, "cheeger_priority_class": "high", "cooling_access_class": "very_low", "low_cooling_access": true, "street_intervention_signal": 100.0 }, "geometry": { "type": "Polygon", "coordinates": [ [ [ -71.093737535211758, 42.30898108108105 ], [ -71.093737535211758, 42.317990090090056 ], [ -71.105920343310288, 42.317990090090056 ], [ -71.105920343310288, 42.30898108108105 ], [ -71.093737535211758, 42.30898108108105 ] ] ] } },
{ "type": "Feature", "properties": { "cell_id": 143, "ndvi": 0.35995749, "albedo": 0.24372184, "impervious": 0.65113759, "lst": 34.039722, "SVI": 0.0, "cheeger_side": "right", "cheeger_boundary": true, "cheeger_fiedler": 0.014093493188825272, "cheeger_rank": 185, "cooling_sink": false, "cooling_access_score": 0.0, "cooling_sink_resistance_proxy": 100.0, "cheeger_priority": 100.0, "cheeger_priority_class": "critical", "cooling_access_class": "very_low", "low_cooling_access": true, "street_intervention_signal": 100.0 }, "geometry": { "type": "Polygon", "coordinates": [ [ [ -71.093737535211758, 42.317990090090056 ], [ -71.093737535211758, 42.326999099099062 ], [ -71.105920343310288, 42.326999099099062 ], [ -71.105920343310288, 42.317990090090056 ], [ -71.093737535211758, 42.317990090090056 ] ] ] } },
{ "type": "Feature", "properties": { "cell_id": 144, "ndvi": 0.34998259, "albedo": 0.21973526, "impervious": 0.76114422, "lst": 33.069275, "SVI": 0.0, "cheeger_side": "right", "cheeger_boundary": false, "cheeger_fiedler": 0.027770330477008186, "cheeger_rank": 202, "cooling_sink": false, "cooling_access_score": 0.0, "cooling_sink_resistance_proxy": 100.0, "cheeger_priority": 0.0, "cheeger_priority_class": "not_boundary", "cooling_access_class": "very_low", "low_cooling_access": true, "street_intervention_signal": 100.0 }, "geometry": { "type": "Polygon", "coordinates": [ [ [ -71.093737535211758, 42.326999099099062 ], [ -71.093737535211758, 42.336008108108068 ], [ -71.105920343310288, 42.336008108108068 ], [ -71.105920343310288, 42.326999099099062 ], [ -71.093737535211758, 42.326999099099062 ] ] ] } },
{ "type": "Feature", "properties": { "cell_id": 145, "ndvi": 0.39223251, "albedo": 0.19319889, "impervious": 0.33679733, "lst": 28.931574, "SVI": 0.0, "cheeger_side": "right", "cheeger_boundary": false, "cheeger_fiedler": 0.040626184399049685, "cheeger_rank": 219, "cooling_sink": false, "cooling_access_score": 0.0, "cooling_sink_resistance_proxy": 100.0, "cheeger_priority": 0.0, "cheeger_priority_class": "not_boundary", "cooling_access_class": "very_low", "low_cooling_access": true, "street_intervention_signal": 100.0 }, "geometry": { "type": "Polygon", "coordinates": [ [ [ -71.093737535211758, 42.336008108108068 ], [ -71.093737535211758, 42.345017117117074 ], [ -71.105920343310288, 42.345017117117074 ], [ -71.105920343310288, 42.336008108108068 ], [ -71.093737535211758, 42.336008108108068 ] ] ] } },
{ "type": "Feature", "properties": { "cell_id": 146, "ndvi": 0.36552075, "albedo": 0.16685201, "impervious": 0.45120633, "lst": 27.029428, "SVI": 0.0, "cheeger_side": "right", "cheeger_boundary": false, "cheeger_fiedler": 0.052281018766387757, "cheeger_rank": 240, "cooling_sink": false, "cooling_access_score": 0.0, "cooling_sink_resistance_proxy": 100.0, "cheeger_priority": 0.0, "cheeger_priority_class": "not_boundary", "cooling_access_class": "very_low", "low_cooling_access": true, "street_intervention_signal": 100.0 }, "geometry": { "type": "Polygon", "coordinates": [ [ [ -71.093737535211758, 42.345017117117074 ], [ -71.093737535211758, 42.35402612612608 ], [ -71.105920343310288, 42.35402612612608 ], [ -71.105920343310288, 42.345017117117074 ], [ -71.093737535211758, 42.345017117117074 ] ] ] } },
{ "type": "Feature", "properties": { "cell_id": 147, "ndvi": 0.072267011, "albedo": 0.23852244, "impervious": 0.73876584, "lst": 33.391327, "SVI": 0.0, "cheeger_side": "right", "cheeger_boundary": false, "cheeger_fiedler": 0.062390330394988827, "cheeger_rank": 259, "cooling_sink": false, "cooling_access_score": 0.0, "cooling_sink_resistance_proxy": 100.0, "cheeger_priority": 0.0, "cheeger_priority_class": "not_boundary", "cooling_access_class": "very_low", "low_cooling_access": true, "street_intervention_signal": 100.0 }, "geometry": { "type": "Polygon", "coordinates": [ [ [ -71.093737535211758, 42.35402612612608 ], [ -71.093737535211758, 42.363035135135085 ], [ -71.105920343310288, 42.363035135135085 ], [ -71.105920343310288, 42.35402612612608 ], [ -71.093737535211758, 42.35402612612608 ] ] ] } },
{ "type": "Feature", "properties": { "cell_id": 148, "ndvi": 0.32087928, "albedo": 0.29392046, "impervious": 0.8009938, "lst": 34.302387, "SVI": 0.0, "cheeger_side": "right", "cheeger_boundary": false, "cheeger_fiedler": 0.070655334516029483, "cheeger_rank": 291, "cooling_sink": false, "cooling_access_score": 0.0, "cooling_sink_resistance_proxy": 100.0, "cheeger_priority": 0.0, "cheeger_priority_class": "not_boundary", "cooling_access_class": "very_low", "low_cooling_access": true, "street_intervention_signal": 100.0 }, "geometry": { "type": "Polygon", "coordinates": [ [ [ -71.093737535211758, 42.363035135135085 ], [ -71.093737535211758, 42.372044144144091 ], [ -71.105920343310288, 42.372044144144091 ], [ -71.105920343310288, 42.363035135135085 ], [ -71.093737535211758, 42.363035135135085 ] ] ] } },
{ "type": "Feature", "properties": { "cell_id": 149, "ndvi": 0.38114259, "albedo": 0.16434488, "impervious": 0.43694851, "lst": 28.612715, "SVI": 0.0, "cheeger_side": "right", "cheeger_boundary": false, "cheeger_fiedler": 0.076831789797074196, "cheeger_rank": 306, "cooling_sink": false, "cooling_access_score": 0.0, "cooling_sink_resistance_proxy": 100.0, "cheeger_priority": 0.0, "cheeger_priority_class": "not_boundary", "cooling_access_class": "very_low", "low_cooling_access": true, "street_intervention_signal": 100.0 }, "geometry": { "type": "Polygon", "coordinates": [ [ [ -71.093737535211758, 42.372044144144091 ], [ -71.093737535211758, 42.381053153153097 ], [ -71.105920343310288, 42.381053153153097 ], [ -71.105920343310288, 42.372044144144091 ], [ -71.093737535211758, 42.372044144144091 ] ] ] } },
{ "type": "Feature", "properties": { "cell_id": 150, "ndvi": 0.32894212, "albedo": 0.17958462, "impervious": 0.36751425, "lst": 28.102983, "SVI": 0.0, "cheeger_side": "right", "cheeger_boundary": false, "cheeger_fiedler": 0.08073720120441262, "cheeger_rank": 321, "cooling_sink": false, "cooling_access_score": 0.0, "cooling_sink_resistance_proxy": 100.0, "cheeger_priority": 0.0, "cheeger_priority_class": "not_boundary", "cooling_access_class": "very_low", "low_cooling_access": true, "street_intervention_signal": 100.0 }, "geometry": { "type": "Polygon", "coordinates": [ [ [ -71.093737535211758, 42.381053153153097 ], [ -71.093737535211758, 42.390062162162103 ], [ -71.105920343310288, 42.390062162162103 ], [ -71.105920343310288, 42.381053153153097 ], [ -71.093737535211758, 42.381053153153097 ] ] ] } },
{ "type": "Feature", "properties": { "cell_id": 154, "ndvi": 0.29573965, "albedo": 0.2863684, "impervious": 0.71554965, "lst": 32.422726, "SVI": 0.0, "cheeger_side": "left", "cheeger_boundary": false, "cheeger_fiedler": -0.076838105491376013, "cheeger_rank": 15, "cooling_sink": false, "cooling_access_score": 0.0, "cooling_sink_resistance_proxy": 100.0, "cheeger_priority": 0.0, "cheeger_priority_class": "not_boundary", "cooling_access_class": "very_low", "low_cooling_access": true, "street_intervention_signal": 100.0 }, "geometry": { "type": "Polygon", "coordinates": [ [ [ -71.081554727113229, 42.24591801801801 ], [ -71.081554727113229, 42.254927027027016 ], [ -71.093737535211758, 42.254927027027016 ], [ -71.093737535211758, 42.24591801801801 ], [ -71.081554727113229, 42.24591801801801 ] ] ] } },
{ "type": "Feature", "properties": { "cell_id": 155, "ndvi": 0.34048554, "albedo": 0.13394324, "impervious": 0.42957297, "lst": 28.139774, "SVI": 0.0, "cheeger_side": "left", "cheeger_boundary": false, "cheeger_fiedler": -0.070661107415190022, "cheeger_rank": 30, "cooling_sink": false, "cooling_access_score": 0.0, "cooling_sink_resistance_proxy": 100.0, "cheeger_priority": 0.0, "cheeger_priority_class": "not_boundary", "cooling_access_class": "very_low", "low_cooling_access": true, "street_intervention_signal": 100.0 }, "geometry": { "type": "Polygon", "coordinates": [ [ [ -71.081554727113229, 42.254927027027016 ], [ -71.081554727113229, 42.263936036036021 ], [ -71.093737535211758, 42.263936036036021 ], [ -71.093737535211758, 42.254927027027016 ], [ -71.081554727113229, 42.254927027027016 ] ] ] } },
{ "type": "Feature", "properties": { "cell_id": 156, "ndvi": 0.3102735, "albedo": 0.15005086, "impervious": 0.36903471, "lst": 28.214901, "SVI": 0.0, "cheeger_side": "left", "cheeger_boundary": false, "cheeger_fiedler": -0.062395394197381569, "cheeger_rank": 62, "cooling_sink": false, "cooling_access_score": 0.0, "cooling_sink_resistance_proxy": 100.0, "cheeger_priority": 0.0, "cheeger_priority_class": "not_boundary", "cooling_access_class": "very_low", "low_cooling_access": true, "street_intervention_signal": 100.0 }, "geometry": { "type": "Polygon", "coordinates": [ [ [ -71.081554727113229, 42.263936036036021 ], [ -71.081554727113229, 42.272945045045027 ], [ -71.093737535211758, 42.272945045045027 ], [ -71.093737535211758, 42.263936036036021 ], [ -71.081554727113229, 42.263936036036021 ] ] ] } },
{ "type": "Feature", "properties": { "cell_id": 157, "ndvi": 0.24518184, "albedo": 0.20897134, "impervious": 0.64680672, "lst": 34.404243, "SVI": 0.0, "cheeger_side": "left", "cheeger_boundary": false, "cheeger_fiedler": -0.052285235363785473, "cheeger_rank": 81, "cooling_sink": false, "cooling_access_score": 0.0, "cooling_sink_resistance_proxy": 100.0, "cheeger_priority": 0.0, "cheeger_priority_class": "not_boundary", "cooling_access_class": "very_low", "low_cooling_access": true, "street_intervention_signal": 100.0 }, "geometry": { "type": "Polygon", "coordinates": [ [ [ -71.081554727113229, 42.272945045045027 ], [ -71.081554727113229, 42.281954054054033 ], [ -71.093737535211758, 42.281954054054033 ], [ -71.093737535211758, 42.272945045045027 ], [ -71.081554727113229, 42.272945045045027 ] ] ] } },
{ "type": "Feature", "properties": { "cell_id": 158, "ndvi": 0.10935994, "albedo": 0.35984185, "impervious": 0.71669519, "lst": 34.45776, "SVI": 0.0, "cheeger_side": "left", "cheeger_boundary": false, "cheeger_fiedler": -0.040629443673479433, "cheeger_rank": 102, "cooling_sink": false, "cooling_access_score": 0.0, "cooling_sink_resistance_proxy": 100.0, "cheeger_priority": 0.0, "cheeger_priority_class": "not_boundary", "cooling_access_class": "very_low", "low_cooling_access": true, "street_intervention_signal": 100.0 }, "geometry": { "type": "Polygon", "coordinates": [ [ [ -71.081554727113229, 42.281954054054033 ], [ -71.081554727113229, 42.290963063063039 ], [ -71.093737535211758, 42.290963063063039 ], [ -71.093737535211758, 42.281954054054033 ], [ -71.081554727113229, 42.281954054054033 ] ] ] } },
{ "type": "Feature", "properties": { "cell_id": 159, "ndvi": 0.28394195, "albedo": 0.17983624, "impervious": 0.43553591, "lst": 28.79752, "SVI": 0.0, "cheeger_side": "left", "cheeger_boundary": false, "cheeger_fiedler": -0.027772549663559003, "cheeger_rank": 119, "cooling_sink": false, "cooling_access_score": 0.0, "cooling_sink_resistance_proxy": 100.0, "cheeger_priority": 0.0, "cheeger_priority_class": "not_boundary", "cooling_access_class": "very_low", "low_cooling_access": true, "street_intervention_signal": 100.0 }, "geometry": { "type": "Polygon", "coordinates": [ [ [ -71.081554727113229, 42.290963063063039 ], [ -71.081554727113229, 42.299972072072045 ], [ -71.093737535211758, 42.299972072072045 ], [ -71.093737535211758, 42.290963063063039 ], [ -71.081554727113229, 42.290963063063039 ] ] ] } },
{ "type": "Feature", "properties": { "cell_id": 163, "ndvi": 0.37384358, "albedo": 0.25358632, "impervious": 0.68304133, "lst": 32.480331, "SVI": 0.0, "cheeger_side": "right", "cheeger_boundary": false, "cheeger_fiedler": 0.027772549663559659, "cheeger_rank": 203, "cooling_sink": false, "cooling_access_score": 0.0, "cooling_sink_resistance_proxy": 100.0, "cheeger_priority": 0.0, "cheeger_priority_class": "not_boundary", "cooling_access_class": "very_low", "low_cooling_access": true, "street_intervention_signal": 100.0 }, "geometry": { "type": "Polygon", "coordinates": [ [ [ -71.081554727113229, 42.326999099099062 ], [ -71.081554727113229, 42.336008108108068 ], [ -71.093737535211758, 42.336008108108068 ], [ -71.093737535211758, 42.326999099099062 ], [ -71.081554727113229, 42.326999099099062 ] ] ] } },
{ "type": "Feature", "properties": { "cell_id": 164, "ndvi": 0.33113375, "albedo": 0.20154533, "impervious": 0.73839462, "lst": 32.247871, "SVI": 0.0, "cheeger_side": "right", "cheeger_boundary": false, "cheeger_fiedler": 0.040629443673479912, "cheeger_rank": 220, "cooling_sink": false, "cooling_access_score": 0.0, "cooling_sink_resistance_proxy": 100.0, "cheeger_priority": 0.0, "cheeger_priority_class": "not_boundary", "cooling_access_class": "very_low", "low_cooling_access": true, "street_intervention_signal": 100.0 }, "geometry": { "type": "Polygon", "coordinates": [ [ [ -71.081554727113229, 42.336008108108068 ], [ -71.081554727113229, 42.345017117117074 ], [ -71.093737535211758, 42.345017117117074 ], [ -71.093737535211758, 42.336008108108068 ], [ -71.081554727113229, 42.336008108108068 ] ] ] } },
{ "type": "Feature", "properties": { "cell_id": 165, "ndvi": 0.30499503, "albedo": 0.17952493, "impervious": 0.37076595, "lst": 27.64506, "SVI": 0.0, "cheeger_side": "right", "cheeger_boundary": false, "cheeger_fiedler": 0.052285235363785737, "cheeger_rank": 241, "cooling_sink": false, "cooling_access_score": 0.0, "cooling_sink_resistance_proxy": 100.0, "cheeger_priority": 0.0, "cheeger_priority_class": "not_boundary", "cooling_access_class": "very_low", "low_cooling_access": true, "street_intervention_signal": 100.0 }, "geometry": { "type": "Polygon", "coordinates": [ [ [ -71.081554727113229, 42.345017117117074 ], [ -71.081554727113229, 42.35402612612608 ], [ -71.093737535211758, 42.35402612612608 ], [ -71.093737535211758, 42.345017117117074 ], [ -71.081554727113229, 42.345017117117074 ] ] ] } },
{ "type": "Feature", "properties": { "cell_id": 167, "ndvi": 0.3505992, "albedo": 0.18253353, "impervious": 0.44048271, "lst": 28.485218, "SVI": 0.0, "cheeger_side": "right", "cheeger_boundary": false, "cheeger_fiedler": 0.070661107415189731, "cheeger_rank": 292, "cooling_sink": false, "cooling_access_score": 0.0, "cooling_sink_resistance_proxy": 100.0, "cheeger_priority": 0.0, "cheeger_priority_class": "not_boundary", "cooling_access_class": "very_low", "low_cooling_access": true, "street_intervention_signal": 100.0 }, "geometry": { "type": "Polygon", "coordinates": [ [ [ -71.081554727113229, 42.363035135135085 ], [ -71.081554727113229, 42.372044144144091 ], [ -71.093737535211758, 42.372044144144091 ], [ -71.093737535211758, 42.363035135135085 ], [ -71.081554727113229, 42.363035135135085 ] ] ] } },
{ "type": "Feature", "properties": { "cell_id": 168, "ndvi": 0.34746116, "albedo": 0.1885525, "impervious": 0.45456865, "lst": 28.168816, "SVI": 0.0, "cheeger_side": "right", "cheeger_boundary": false, "cheeger_fiedler": 0.076838105491375638, "cheeger_rank": 307, "cooling_sink": false, "cooling_access_score": 0.0, "cooling_sink_resistance_proxy": 100.0, "cheeger_priority": 0.0, "cheeger_priority_class": "not_boundary", "cooling_access_class": "very_low", "low_cooling_access": true, "street_intervention_signal": 100.0 }, "geometry": { "type": "Polygon", "coordinates": [ [ [ -71.081554727113229, 42.372044144144091 ], [ -71.081554727113229, 42.381053153153097 ], [ -71.093737535211758, 42.381053153153097 ], [ -71.093737535211758, 42.372044144144091 ], [ -71.081554727113229, 42.372044144144091 ] ] ] } },
{ "type": "Feature", "properties": { "cell_id": 169, "ndvi": 0.29388219, "albedo": 0.21311355, "impervious": 0.41089857, "lst": 28.690594, "SVI": 0.0, "cheeger_side": "right", "cheeger_boundary": false, "cheeger_fiedler": 0.080743867376601719, "cheeger_rank": 322, "cooling_sink": false, "cooling_access_score": 0.0, "cooling_sink_resistance_proxy": 100.0, "cheeger_priority": 0.0, "cheeger_priority_class": "not_boundary", "cooling_access_class": "very_low", "low_cooling_access": true, "street_intervention_signal": 100.0 }, "geometry": { "type": "Polygon", "coordinates": [ [ [ -71.081554727113229, 42.381053153153097 ], [ -71.081554727113229, 42.390062162162103 ], [ -71.093737535211758, 42.390062162162103 ], [ -71.093737535211758, 42.381053153153097 ], [ -71.081554727113229, 42.381053153153097 ] ] ] } },
{ "type": "Feature", "properties": { "cell_id": 172, "ndvi": 0.35110709, "albedo": 0.22193366, "impervious": 0.39359945, "lst": 28.291159, "SVI": 0.0, "cheeger_side": "left", "cheeger_boundary": false, "cheeger_fiedler": -0.080737201204413384, "cheeger_rank": 1, "cooling_sink": false, "cooling_access_score": 0.0, "cooling_sink_resistance_proxy": 100.0, "cheeger_priority": 0.0, "cheeger_priority_class": "not_boundary", "cooling_access_class": "very_low", "low_cooling_access": true, "street_intervention_signal": 100.0 }, "geometry": { "type": "Polygon", "coordinates": [ [ [ -71.069371919014699, 42.236909009009004 ], [ -71.069371919014699, 42.24591801801801 ], [ -71.081554727113229, 42.24591801801801 ], [ -71.081554727113229, 42.236909009009004 ], [ -71.069371919014699, 42.236909009009004 ] ] ] } },
{ "type": "Feature", "properties": { "cell_id": 173, "ndvi": 0.32744539, "albedo": 0.29003412, "impervious": 0.74076837, "lst": 32.623821, "SVI": 0.0, "cheeger_side": "left", "cheeger_boundary": false, "cheeger_fiedler": -0.076831789797074793, "cheeger_rank": 16, "cooling_sink": false, "cooling_access_score": 0.0, "cooling_sink_resistance_proxy": 100.0, "cheeger_priority": 0.0, "cheeger_priority_class": "not_boundary", "cooling_access_class": "very_low", "low_cooling_access": true, "street_intervention_signal": 100.0 }, "geometry": { "type": "Polygon", "coordinates": [ [ [ -71.069371919014699, 42.24591801801801 ], [ -71.069371919014699, 42.254927027027016 ], [ -71.081554727113229, 42.254927027027016 ], [ -71.081554727113229, 42.24591801801801 ], [ -71.069371919014699, 42.24591801801801 ] ] ] } },
{ "type": "Feature", "properties": { "cell_id": 174, "ndvi": 0.27898687, "albedo": 0.2399714, "impervious": 0.72744268, "lst": 32.76556, "SVI": 0.0, "cheeger_side": "left", "cheeger_boundary": false, "cheeger_fiedler": -0.070655334516029969, "cheeger_rank": 31, "cooling_sink": false, "cooling_access_score": 0.0, "cooling_sink_resistance_proxy": 100.0, "cheeger_priority": 0.0, "cheeger_priority_class": "not_boundary", "cooling_access_class": "very_low", "low_cooling_access": true, "street_intervention_signal": 100.0 }, "geometry": { "type": "Polygon", "coordinates": [ [ [ -71.069371919014699, 42.254927027027016 ], [ -71.069371919014699, 42.263936036036021 ], [ -71.081554727113229, 42.263936036036021 ], [ -71.081554727113229, 42.254927027027016 ], [ -71.069371919014699, 42.254927027027016 ] ] ] } },
{ "type": "Feature", "properties": { "cell_id": 175, "ndvi": 0.30684319, "albedo": 0.24390347, "impervious": 0.69643432, "lst": 32.739426, "SVI": 0.0, "cheeger_side": "left", "cheeger_boundary": false, "cheeger_fiedler": -0.06239033039498891, "cheeger_rank": 63, "cooling_sink": false, "cooling_access_score": 0.0, "cooling_sink_resistance_proxy": 100.0, "cheeger_priority": 0.0, "cheeger_priority_class": "not_boundary", "cooling_access_class": "very_low", "low_cooling_access": true, "street_intervention_signal": 100.0 }, "geometry": { "type": "Polygon", "coordinates": [ [ [ -71.069371919014699, 42.263936036036021 ], [ -71.069371919014699, 42.272945045045027 ], [ -71.081554727113229, 42.272945045045027 ], [ -71.081554727113229, 42.263936036036021 ], [ -71.069371919014699, 42.263936036036021 ] ] ] } },
{ "type": "Feature", "properties": { "cell_id": 178, "ndvi": 0.3194803, "albedo": 0.18525639, "impervious": 0.41584527, "lst": 27.964947, "SVI": 0.0, "cheeger_side": "left", "cheeger_boundary": false, "cheeger_fiedler": -0.027770330477007565, "cheeger_rank": 120, "cooling_sink": false, "cooling_access_score": 0.0, "cooling_sink_resistance_proxy": 100.0, "cheeger_priority": 0.0, "cheeger_priority_class": "not_boundary", "cooling_access_class": "very_low", "low_cooling_access": true, "street_intervention_signal": 100.0 }, "geometry": { "type": "Polygon", "coordinates": [ [ [ -71.069371919014699, 42.290963063063039 ], [ -71.069371919014699, 42.299972072072045 ], [ -71.081554727113229, 42.299972072072045 ], [ -71.081554727113229, 42.290963063063039 ], [ -71.069371919014699, 42.290963063063039 ] ] ] } },
{ "type": "Feature", "properties": { "cell_id": 179, "ndvi": 0.33597785, "albedo": 0.16066541, "impervious": 0.43457013, "lst": 27.380329, "SVI": 0.0, "cheeger_side": "left", "cheeger_boundary": false, "cheeger_fiedler": -0.014093493188824472, "cheeger_rank": 137, "cooling_sink": false, "cooling_access_score": 0.0, "cooling_sink_resistance_proxy": 100.0, "cheeger_priority": 0.0, "cheeger_priority_class": "not_boundary", "cooling_access_class": "very_low", "low_cooling_access": true, "street_intervention_signal": 100.0 }, "geometry": { "type": "Polygon", "coordinates": [ [ [ -71.069371919014699, 42.299972072072045 ], [ -71.069371919014699, 42.30898108108105 ], [ -71.081554727113229, 42.30898108108105 ], [ -71.081554727113229, 42.299972072072045 ], [ -71.069371919014699, 42.299972072072045 ] ] ] } },
{ "type": "Feature", "properties": { "cell_id": 180, "ndvi": 0.36506793, "albedo": 0.15282479, "impervious": 0.37537816, "lst": 27.898466, "SVI": 0.0, "cheeger_side": "left", "cheeger_boundary": true, "cheeger_fiedler": 3.017815457651838e-16, "cheeger_rank": 160, "cooling_sink": false, "cooling_access_score": 0.0, "cooling_sink_resistance_proxy": 100.0, "cheeger_priority": 60.834611792177242, "cheeger_priority_class": "high", "cooling_access_class": "very_low", "low_cooling_access": true, "street_intervention_signal": 100.0 }, "geometry": { "type": "Polygon", "coordinates": [ [ [ -71.069371919014699, 42.30898108108105 ], [ -71.069371919014699, 42.317990090090056 ], [ -71.081554727113229, 42.317990090090056 ], [ -71.081554727113229, 42.30898108108105 ], [ -71.069371919014699, 42.30898108108105 ] ] ] } },
{ "type": "Feature", "properties": { "cell_id": 181, "ndvi": 0.38842523, "albedo": 0.1428027, "impervious": 0.42578521, "lst": 28.570318, "SVI": 0.0, "cheeger_side": "right", "cheeger_boundary": true, "cheeger_fiedler": 0.014093493188825036, "cheeger_rank": 184, "cooling_sink": false, "cooling_access_score": 0.0, "cooling_sink_resistance_proxy": 100.0, "cheeger_priority": 66.184940377446594, "cheeger_priority_class": "high", "cooling_access_class": "very_low", "low_cooling_access": true, "street_intervention_signal": 100.0 }, "geometry": { "type": "Polygon", "coordinates": [ [ [ -71.069371919014699, 42.317990090090056 ], [ -71.069371919014699, 42.326999099099062 ], [ -71.081554727113229, 42.326999099099062 ], [ -71.081554727113229, 42.317990090090056 ], [ -71.069371919014699, 42.317990090090056 ] ] ] } },
{ "type": "Feature", "properties": { "cell_id": 182, "ndvi": 0.38468629, "albedo": 0.2131201, "impervious": 0.39679521, "lst": 27.383242, "SVI": 0.0, "cheeger_side": "right", "cheeger_boundary": false, "cheeger_fiedler": 0.027770330477007978, "cheeger_rank": 201, "cooling_sink": false, "cooling_access_score": 0.0, "cooling_sink_resistance_proxy": 100.0, "cheeger_priority": 0.0, "cheeger_priority_class": "not_boundary", "cooling_access_class": "very_low", "low_cooling_access": true, "street_intervention_signal": 100.0 }, "geometry": { "type": "Polygon", "coordinates": [ [ [ -71.069371919014699, 42.326999099099062 ], [ -71.069371919014699, 42.336008108108068 ], [ -71.081554727113229, 42.336008108108068 ], [ -71.081554727113229, 42.326999099099062 ], [ -71.069371919014699, 42.326999099099062 ] ] ] } },
{ "type": "Feature", "properties": { "cell_id": 183, "ndvi": 0.36125338, "albedo": 0.22956768, "impervious": 0.63745129, "lst": 35.08744, "SVI": 0.0, "cheeger_side": "right", "cheeger_boundary": false, "cheeger_fiedler": 0.040626184399049456, "cheeger_rank": 218, "cooling_sink": false, "cooling_access_score": 0.0, "cooling_sink_resistance_proxy": 100.0, "cheeger_priority": 0.0, "cheeger_priority_class": "not_boundary", "cooling_access_class": "very_low", "low_cooling_access": true, "street_intervention_signal": 100.0 }, "geometry": { "type": "Polygon", "coordinates": [ [ [ -71.069371919014699, 42.336008108108068 ], [ -71.069371919014699, 42.345017117117074 ], [ -71.081554727113229, 42.345017117117074 ], [ -71.081554727113229, 42.336008108108068 ], [ -71.069371919014699, 42.336008108108068 ] ] ] } },
{ "type": "Feature", "properties": { "cell_id": 184, "ndvi": 0.30941299, "albedo": 0.26022333, "impervious": 0.74298108, "lst": 33.169949, "SVI": 0.0, "cheeger_side": "right", "cheeger_boundary": false, "cheeger_fiedler": 0.052281018766387549, "cheeger_rank": 239, "cooling_sink": false, "cooling_access_score": 0.0, "cooling_sink_resistance_proxy": 100.0, "cheeger_priority": 0.0, "cheeger_priority_class": "not_boundary", "cooling_access_class": "very_low", "low_cooling_access": true, "street_intervention_signal": 100.0 }, "geometry": { "type": "Polygon", "coordinates": [ [ [ -71.069371919014699, 42.345017117117074 ], [ -71.069371919014699, 42.35402612612608 ], [ -71.081554727113229, 42.35402612612608 ], [ -71.081554727113229, 42.345017117117074 ], [ -71.069371919014699, 42.345017117117074 ] ] ] } },
{ "type": "Feature", "properties": { "cell_id": 185, "ndvi": 0.35066032, "albedo": 0.27307299, "impervious": 0.63888973, "lst": 33.641594, "SVI": 0.0, "cheeger_side": "right", "cheeger_boundary": false, "cheeger_fiedler": 0.062390330394988744, "cheeger_rank": 258, "cooling_sink": false, "cooling_access_score": 0.0, "cooling_sink_resistance_proxy": 100.0, "cheeger_priority": 0.0, "cheeger_priority_class": "not_boundary", "cooling_access_class": "very_low", "low_cooling_access": true, "street_intervention_signal": 100.0 }, "geometry": { "type": "Polygon", "coordinates": [ [ [ -71.069371919014699, 42.35402612612608 ], [ -71.069371919014699, 42.363035135135085 ], [ -71.081554727113229, 42.363035135135085 ], [ -71.081554727113229, 42.35402612612608 ], [ -71.069371919014699, 42.35402612612608 ] ] ] } },
{ "type": "Feature", "properties": { "cell_id": 186, "ndvi": 0.36450154, "albedo": 0.19797844, "impervious": 0.3969118, "lst": 28.272943, "SVI": 0.0, "cheeger_side": "right", "cheeger_boundary": false, "cheeger_fiedler": 0.070655334516029358, "cheeger_rank": 290, "cooling_sink": false, "cooling_access_score": 0.0, "cooling_sink_resistance_proxy": 100.0, "cheeger_priority": 0.0, "cheeger_priority_class": "not_boundary", "cooling_access_class": "very_low", "low_cooling_access": true, "street_intervention_signal": 100.0 }, "geometry": { "type": "Polygon", "coordinates": [ [ [ -71.069371919014699, 42.363035135135085 ], [ -71.069371919014699, 42.372044144144091 ], [ -71.081554727113229, 42.372044144144091 ], [ -71.081554727113229, 42.363035135135085 ], [ -71.069371919014699, 42.363035135135085 ] ] ] } },
{ "type": "Feature", "properties": { "cell_id": 187, "ndvi": 0.36069408, "albedo": 0.19873728, "impervious": 0.407942, "lst": 28.008028, "SVI": 0.0, "cheeger_side": "right", "cheeger_boundary": false, "cheeger_fiedler": 0.076831789797074002, "cheeger_rank": 305, "cooling_sink": false, "cooling_access_score": 0.0, "cooling_sink_resistance_proxy": 100.0, "cheeger_priority": 0.0, "cheeger_priority_class": "not_boundary", "cooling_access_class": "very_low", "low_cooling_access": true, "street_intervention_signal": 100.0 }, "geometry": { "type": "Polygon", "coordinates": [ [ [ -71.069371919014699, 42.372044144144091 ], [ -71.069371919014699, 42.381053153153097 ], [ -71.081554727113229, 42.381053153153097 ], [ -71.081554727113229, 42.372044144144091 ], [ -71.069371919014699, 42.372044144144091 ] ] ] } },
{ "type": "Feature", "properties": { "cell_id": 188, "ndvi": 0.38432509, "albedo": 0.21460004, "impervious": 0.33575404, "lst": 28.473177, "SVI": 0.0, "cheeger_side": "right", "cheeger_boundary": false, "cheeger_fiedler": 0.080737201204412579, "cheeger_rank": 320, "cooling_sink": false, "cooling_access_score": 0.0, "cooling_sink_resistance_proxy": 100.0, "cheeger_priority": 0.0, "cheeger_priority_class": "not_boundary", "cooling_access_class": "very_low", "low_cooling_access": true, "street_intervention_signal": 100.0 }, "geometry": { "type": "Polygon", "coordinates": [ [ [ -71.069371919014699, 42.381053153153097 ], [ -71.069371919014699, 42.390062162162103 ], [ -71.081554727113229, 42.390062162162103 ], [ -71.081554727113229, 42.381053153153097 ], [ -71.069371919014699, 42.381053153153097 ] ] ] } },
{ "type": "Feature", "properties": { "cell_id": 191, "ndvi": 0.22680372, "albedo": 0.17419268, "impervious": 0.39026985, "lst": 26.911224, "SVI": 0.0, "cheeger_side": "left", "cheeger_boundary": false, "cheeger_fiedler": -0.080717187124287187, "cheeger_rank": 3, "cooling_sink": false, "cooling_access_score": 0.0, "cooling_sink_resistance_proxy": 100.0, "cheeger_priority": 0.0, "cheeger_priority_class": "not_boundary", "cooling_access_class": "very_low", "low_cooling_access": true, "street_intervention_signal": 100.0 }, "geometry": { "type": "Polygon", "coordinates": [ [ [ -71.05718911091617, 42.236909009009004 ], [ -71.05718911091617, 42.24591801801801 ], [ -71.069371919014699, 42.24591801801801 ], [ -71.069371919014699, 42.236909009009004 ], [ -71.05718911091617, 42.236909009009004 ] ] ] } },
{ "type": "Feature", "properties": { "cell_id": 192, "ndvi": 0.38183498, "albedo": 0.18791933, "impervious": 0.43895456, "lst": 27.092966, "SVI": 0.0, "cheeger_side": "left", "cheeger_boundary": false, "cheeger_fiedler": -0.076812837962775021, "cheeger_rank": 18, "cooling_sink": false, "cooling_access_score": 0.0, "cooling_sink_resistance_proxy": 100.0, "cheeger_priority": 0.0, "cheeger_priority_class": "not_boundary", "cooling_access_class": "very_low", "low_cooling_access": true, "street_intervention_signal": 100.0 }, "geometry": { "type": "Polygon", "coordinates": [ [ [ -71.05718911091617, 42.24591801801801 ], [ -71.05718911091617, 42.254927027027016 ], [ -71.069371919014699, 42.254927027027016 ], [ -71.069371919014699, 42.24591801801801 ], [ -71.05718911091617, 42.24591801801801 ] ] ] } },
{ "type": "Feature", "properties": { "cell_id": 193, "ndvi": 0.37906259, "albedo": 0.29222471, "impervious": 0.74924338, "lst": 31.850222, "SVI": 0.0, "cheeger_side": "left", "cheeger_boundary": false, "cheeger_fiedler": -0.070638022316386495, "cheeger_rank": 33, "cooling_sink": false, "cooling_access_score": 0.0, "cooling_sink_resistance_proxy": 100.0, "cheeger_priority": 0.0, "cheeger_priority_class": "not_boundary", "cooling_access_class": "very_low", "low_cooling_access": true, "street_intervention_signal": 100.0 }, "geometry": { "type": "Polygon", "coordinates": [ [ [ -71.05718911091617, 42.254927027027016 ], [ -71.05718911091617, 42.263936036036021 ], [ -71.069371919014699, 42.263936036036021 ], [ -71.069371919014699, 42.254927027027016 ], [ -71.05718911091617, 42.254927027027016 ] ] ] } },
{ "type": "Feature", "properties": { "cell_id": 194, "ndvi": 0.26105449, "albedo": 0.25032622, "impervious": 0.67504203, "lst": 33.134239, "SVI": 0.0, "cheeger_side": "left", "cheeger_boundary": false, "cheeger_fiedler": -0.062375153073168745, "cheeger_rank": 65, "cooling_sink": false, "cooling_access_score": 0.0, "cooling_sink_resistance_proxy": 100.0, "cheeger_priority": 0.0, "cheeger_priority_class": "not_boundary", "cooling_access_class": "very_low", "low_cooling_access": true, "street_intervention_signal": 100.0 }, "geometry": { "type": "Polygon", "coordinates": [ [ [ -71.05718911091617, 42.263936036036021 ], [ -71.05718911091617, 42.272945045045027 ], [ -71.069371919014699, 42.272945045045027 ], [ -71.069371919014699, 42.263936036036021 ], [ -71.05718911091617, 42.263936036036021 ] ] ] } },
{ "type": "Feature", "properties": { "cell_id": 195, "ndvi": 0.35210076, "albedo": 0.21281402, "impervious": 0.65011412, "lst": 31.081396, "SVI": 0.0, "cheeger_side": "left", "cheeger_boundary": false, "cheeger_fiedler": -0.052268385576857736, "cheeger_rank": 84, "cooling_sink": false, "cooling_access_score": 0.0, "cooling_sink_resistance_proxy": 100.0, "cheeger_priority": 0.0, "cheeger_priority_class": "not_boundary", "cooling_access_class": "very_low", "low_cooling_access": true, "street_intervention_signal": 100.0 }, "geometry": { "type": "Polygon", "coordinates": [ [ [ -71.05718911091617, 42.272945045045027 ], [ -71.05718911091617, 42.281954054054033 ], [ -71.069371919014699, 42.281954054054033 ], [ -71.069371919014699, 42.272945045045027 ], [ -71.05718911091617, 42.272945045045027 ] ] ] } },
{ "type": "Feature", "properties": { "cell_id": 196, "ndvi": 0.32072744, "albedo": 0.18304303, "impervious": 0.47615549, "lst": 27.825306, "SVI": 0.0, "cheeger_side": "left", "cheeger_boundary": false, "cheeger_fiedler": -0.040616421503893857, "cheeger_rank": 105, "cooling_sink": false, "cooling_access_score": 0.0, "cooling_sink_resistance_proxy": 100.0, "cheeger_priority": 0.0, "cheeger_priority_class": "not_boundary", "cooling_access_class": "very_low", "low_cooling_access": true, "street_intervention_signal": 100.0 }, "geometry": { "type": "Polygon", "coordinates": [ [ [ -71.05718911091617, 42.281954054054033 ], [ -71.05718911091617, 42.290963063063039 ], [ -71.069371919014699, 42.290963063063039 ], [ -71.069371919014699, 42.281954054054033 ], [ -71.05718911091617, 42.281954054054033 ] ] ] } },
{ "type": "Feature", "properties": { "cell_id": 198, "ndvi": 0.37523893, "albedo": 0.17387226, "impervious": 0.33390811, "lst": 27.833292, "SVI": 0.0, "cheeger_side": "left", "cheeger_boundary": false, "cheeger_fiedler": -0.01409012805146626, "cheeger_rank": 139, "cooling_sink": false, "cooling_access_score": 0.0, "cooling_sink_resistance_proxy": 100.0, "cheeger_priority": 0.0, "cheeger_priority_class": "not_boundary", "cooling_access_class": "very_low", "low_cooling_access": true, "street_intervention_signal": 100.0 }, "geometry": { "type": "Polygon", "coordinates": [ [ [ -71.05718911091617, 42.299972072072045 ], [ -71.05718911091617, 42.30898108108105 ], [ -71.069371919014699, 42.30898108108105 ], [ -71.069371919014699, 42.299972072072045 ], [ -71.05718911091617, 42.299972072072045 ] ] ] } },
{ "type": "Feature", "properties": { "cell_id": 199, "ndvi": 0.30172759, "albedo": 0.15571427, "impervious": 0.45242307, "lst": 28.255665, "SVI": 0.0, "cheeger_side": "left", "cheeger_boundary": true, "cheeger_fiedler": 1.5453584035056858e-16, "cheeger_rank": 159, "cooling_sink": false, "cooling_access_score": 0.0, "cooling_sink_resistance_proxy": 100.0, "cheeger_priority": 62.945955455962952, "cheeger_priority_class": "high", "cooling_access_class": "very_low", "low_cooling_access": true, "street_intervention_signal": 100.0 }, "geometry": { "type": "Polygon", "coordinates": [ [ [ -71.05718911091617, 42.30898108108105 ], [ -71.05718911091617, 42.317990090090056 ], [ -71.069371919014699, 42.317990090090056 ], [ -71.069371919014699, 42.30898108108105 ], [ -71.05718911091617, 42.30898108108105 ] ] ] } },
{ "type": "Feature", "properties": { "cell_id": 200, "ndvi": 0.3934902, "albedo": 0.19241238, "impervious": 0.44120198, "lst": 27.798901, "SVI": 0.0, "cheeger_side": "right", "cheeger_boundary": true, "cheeger_fiedler": 0.014090128051466559, "cheeger_rank": 182, "cooling_sink": false, "cooling_access_score": 0.0, "cooling_sink_resistance_proxy": 100.0, "cheeger_priority": 60.358242182533516, "cheeger_priority_class": "high", "cooling_access_class": "very_low", "low_cooling_access": true, "street_intervention_signal": 100.0 }, "geometry": { "type": "Polygon", "coordinates": [ [ [ -71.05718911091617, 42.317990090090056 ], [ -71.05718911091617, 42.326999099099062 ], [ -71.069371919014699, 42.326999099099062 ], [ -71.069371919014699, 42.317990090090056 ], [ -71.05718911091617, 42.317990090090056 ] ] ] } },
{ "type": "Feature", "properties": { "cell_id": 201, "ndvi": 0.36985269, "albedo": 0.20330334, "impervious": 0.38885859, "lst": 28.665243, "SVI": 0.0, "cheeger_side": "right", "cheeger_boundary": false, "cheeger_fiedler": 0.027763683702836429, "cheeger_rank": 199, "cooling_sink": false, "cooling_access_score": 0.0, "cooling_sink_resistance_proxy": 100.0, "cheeger_priority": 0.0, "cheeger_priority_class": "not_boundary", "cooling_access_class": "very_low", "low_cooling_access": true, "street_intervention_signal": 100.0 }, "geometry": { "type": "Polygon", "coordinates": [ [ [ -71.05718911091617, 42.326999099099062 ], [ -71.05718911091617, 42.336008108108068 ], [ -71.069371919014699, 42.336008108108068 ], [ -71.069371919014699, 42.326999099099062 ], [ -71.05718911091617, 42.326999099099062 ] ] ] } },
{ "type": "Feature", "properties": { "cell_id": 202, "ndvi": 0.29079273, "albedo": 0.11381688, "impervious": 0.38650933, "lst": 27.392904, "SVI": 0.0, "cheeger_side": "right", "cheeger_boundary": false, "cheeger_fiedler": 0.040616421503893906, "cheeger_rank": 216, "cooling_sink": false, "cooling_access_score": 0.0, "cooling_sink_resistance_proxy": 100.0, "cheeger_priority": 0.0, "cheeger_priority_class": "not_boundary", "cooling_access_class": "very_low", "low_cooling_access": true, "street_intervention_signal": 100.0 }, "geometry": { "type": "Polygon", "coordinates": [ [ [ -71.05718911091617, 42.336008108108068 ], [ -71.05718911091617, 42.345017117117074 ], [ -71.069371919014699, 42.345017117117074 ], [ -71.069371919014699, 42.336008108108068 ], [ -71.05718911091617, 42.336008108108068 ] ] ] } },
{ "type": "Feature", "properties": { "cell_id": 207, "ndvi": 0.38747036, "albedo": 0.16277324, "impervious": 0.36438417, "lst": 28.742674, "SVI": 0.0, "cheeger_side": "right", "cheeger_boundary": false, "cheeger_fiedler": 0.080717187124286216, "cheeger_rank": 318, "cooling_sink": false, "cooling_access_score": 0.0, "cooling_sink_resistance_proxy": 100.0, "cheeger_priority": 0.0, "cheeger_priority_class": "not_boundary", "cooling_access_class": "very_low", "low_cooling_access": true, "street_intervention_signal": 100.0 }, "geometry": { "type": "Polygon", "coordinates": [ [ [ -71.05718911091617, 42.381053153153097 ], [ -71.05718911091617, 42.390062162162103 ], [ -71.069371919014699, 42.390062162162103 ], [ -71.069371919014699, 42.381053153153097 ], [ -71.05718911091617, 42.381053153153097 ] ] ] } },
{ "type": "Feature", "properties": { "cell_id": 211, "ndvi": 0.31165749, "albedo": 0.18155017, "impervious": 0.3851485, "lst": 27.774168, "SVI": 0.0, "cheeger_side": "left", "cheeger_boundary": false, "cheeger_fiedler": -0.076781236005679585, "cheeger_rank": 20, "cooling_sink": false, "cooling_access_score": 0.0, "cooling_sink_resistance_proxy": 100.0, "cheeger_priority": 0.0, "cheeger_priority_class": "not_boundary", "cooling_access_class": "very_low", "low_cooling_access": true, "street_intervention_signal": 100.0 }, "geometry": { "type": "Polygon", "coordinates": [ [ [ -71.04500630281764, 42.24591801801801 ], [ -71.04500630281764, 42.254927027027016 ], [ -71.05718911091617, 42.254927027027016 ], [ -71.05718911091617, 42.24591801801801 ], [ -71.04500630281764, 42.24591801801801 ] ] ] } },
{ "type": "Feature", "properties": { "cell_id": 212, "ndvi": 0.39460152, "albedo": 0.19974077, "impervious": 0.38035917, "lst": 27.2579, "SVI": 0.0, "cheeger_side": "left", "cheeger_boundary": false, "cheeger_fiedler": -0.070609194944051906, "cheeger_rank": 35, "cooling_sink": false, "cooling_access_score": 0.0, "cooling_sink_resistance_proxy": 100.0, "cheeger_priority": 0.0, "cheeger_priority_class": "not_boundary", "cooling_access_class": "very_low", "low_cooling_access": true, "street_intervention_signal": 100.0 }, "geometry": { "type": "Polygon", "coordinates": [ [ [ -71.04500630281764, 42.254927027027016 ], [ -71.04500630281764, 42.263936036036021 ], [ -71.05718911091617, 42.263936036036021 ], [ -71.05718911091617, 42.254927027027016 ], [ -71.04500630281764, 42.254927027027016 ] ] ] } },
{ "type": "Feature", "properties": { "cell_id": 213, "ndvi": 0.33579502, "albedo": 0.16635542, "impervious": 0.42880055, "lst": 28.37451, "SVI": 0.0, "cheeger_side": "left", "cheeger_boundary": false, "cheeger_fiedler": -0.062349909988088585, "cheeger_rank": 67, "cooling_sink": false, "cooling_access_score": 0.0, "cooling_sink_resistance_proxy": 100.0, "cheeger_priority": 0.0, "cheeger_priority_class": "not_boundary", "cooling_access_class": "very_low", "low_cooling_access": true, "street_intervention_signal": 100.0 }, "geometry": { "type": "Polygon", "coordinates": [ [ [ -71.04500630281764, 42.263936036036021 ], [ -71.04500630281764, 42.272945045045027 ], [ -71.05718911091617, 42.272945045045027 ], [ -71.05718911091617, 42.263936036036021 ], [ -71.04500630281764, 42.263936036036021 ] ] ] } },
{ "type": "Feature", "properties": { "cell_id": 214, "ndvi": 0.27353168, "albedo": 0.17428285, "impervious": 0.42787066, "lst": 28.263823, "SVI": 0.0, "cheeger_side": "left", "cheeger_boundary": false, "cheeger_fiedler": -0.05224738942354893, "cheeger_rank": 86, "cooling_sink": false, "cooling_access_score": 0.0, "cooling_sink_resistance_proxy": 100.0, "cheeger_priority": 0.0, "cheeger_priority_class": "not_boundary", "cooling_access_class": "very_low", "low_cooling_access": true, "street_intervention_signal": 100.0 }, "geometry": { "type": "Polygon", "coordinates": [ [ [ -71.04500630281764, 42.272945045045027 ], [ -71.04500630281764, 42.281954054054033 ], [ -71.05718911091617, 42.281954054054033 ], [ -71.05718911091617, 42.272945045045027 ], [ -71.04500630281764, 42.272945045045027 ] ] ] } },
{ "type": "Feature", "properties": { "cell_id": 218, "ndvi": 0.29363886, "albedo": 0.1427156, "impervious": 0.41931197, "lst": 28.259678, "SVI": 0.0, "cheeger_side": "left", "cheeger_boundary": true, "cheeger_fiedler": 5.3946650765536981e-18, "cheeger_rank": 158, "cooling_sink": false, "cooling_access_score": 0.0, "cooling_sink_resistance_proxy": 100.0, "cheeger_priority": 62.228565288579077, "cheeger_priority_class": "high", "cooling_access_class": "very_low", "low_cooling_access": true, "street_intervention_signal": 100.0 }, "geometry": { "type": "Polygon", "coordinates": [ [ [ -71.04500630281764, 42.30898108108105 ], [ -71.04500630281764, 42.317990090090056 ], [ -71.05718911091617, 42.317990090090056 ], [ -71.05718911091617, 42.30898108108105 ], [ -71.04500630281764, 42.30898108108105 ] ] ] } },
{ "type": "Feature", "properties": { "cell_id": 221, "ndvi": 0.37488836, "albedo": 0.19337797, "impervious": 0.3598887, "lst": 27.937796, "SVI": 0.0, "cheeger_side": "right", "cheeger_boundary": false, "cheeger_fiedler": 0.040600201547105925, "cheeger_rank": 214, "cooling_sink": false, "cooling_access_score": 0.0, "cooling_sink_resistance_proxy": 100.0, "cheeger_priority": 0.0, "cheeger_priority_class": "not_boundary", "cooling_access_class": "very_low", "low_cooling_access": true, "street_intervention_signal": 100.0 }, "geometry": { "type": "Polygon", "coordinates": [ [ [ -71.04500630281764, 42.336008108108068 ], [ -71.04500630281764, 42.345017117117074 ], [ -71.05718911091617, 42.345017117117074 ], [ -71.05718911091617, 42.336008108108068 ], [ -71.04500630281764, 42.336008108108068 ] ] ] } },
{ "type": "Feature", "properties": { "cell_id": 222, "ndvi": 0.34086129, "albedo": 0.16026899, "impervious": 0.38811991, "lst": 27.948055, "SVI": 0.0, "cheeger_side": "right", "cheeger_boundary": false, "cheeger_fiedler": 0.052247389423548583, "cheeger_rank": 235, "cooling_sink": false, "cooling_access_score": 0.0, "cooling_sink_resistance_proxy": 100.0, "cheeger_priority": 0.0, "cheeger_priority_class": "not_boundary", "cooling_access_class": "very_low", "low_cooling_access": true, "street_intervention_signal": 100.0 }, "geometry": { "type": "Polygon", "coordinates": [ [ [ -71.04500630281764, 42.345017117117074 ], [ -71.04500630281764, 42.35402612612608 ], [ -71.05718911091617, 42.35402612612608 ], [ -71.05718911091617, 42.345017117117074 ], [ -71.04500630281764, 42.345017117117074 ] ] ] } },
{ "type": "Feature", "properties": { "cell_id": 223, "ndvi": 0.25897318, "albedo": 0.1485617, "impervious": 0.40324503, "lst": 28.134857, "SVI": 0.0, "cheeger_side": "right", "cheeger_boundary": false, "cheeger_fiedler": 0.062349909988087933, "cheeger_rank": 254, "cooling_sink": false, "cooling_access_score": 0.0, "cooling_sink_resistance_proxy": 100.0, "cheeger_priority": 0.0, "cheeger_priority_class": "not_boundary", "cooling_access_class": "very_low", "low_cooling_access": true, "street_intervention_signal": 100.0 }, "geometry": { "type": "Polygon", "coordinates": [ [ [ -71.04500630281764, 42.35402612612608 ], [ -71.04500630281764, 42.363035135135085 ], [ -71.05718911091617, 42.363035135135085 ], [ -71.05718911091617, 42.35402612612608 ], [ -71.04500630281764, 42.35402612612608 ] ] ] } },
{ "type": "Feature", "properties": { "cell_id": 229, "ndvi": 0.2929, "albedo": 0.16595058, "impervious": 0.36425078, "lst": 28.014221, "SVI": 0.0, "cheeger_side": "left", "cheeger_boundary": false, "cheeger_fiedler": -0.08063684830751279, "cheeger_rank": 7, "cooling_sink": false, "cooling_access_score": 0.0, "cooling_sink_resistance_proxy": 100.0, "cheeger_priority": 0.0, "cheeger_priority_class": "not_boundary", "cooling_access_class": "very_low", "low_cooling_access": true, "street_intervention_signal": 100.0 }, "geometry": { "type": "Polygon", "coordinates": [ [ [ -71.032823494719111, 42.236909009009004 ], [ -71.032823494719111, 42.24591801801801 ], [ -71.04500630281764, 42.24591801801801 ], [ -71.04500630281764, 42.236909009009004 ], [ -71.032823494719111, 42.236909009009004 ] ] ] } },
{ "type": "Feature", "properties": { "cell_id": 230, "ndvi": 0.35995802, "albedo": 0.16743831, "impervious": 0.33790466, "lst": 27.340595, "SVI": 0.0, "cheeger_side": "left", "cheeger_boundary": false, "cheeger_fiedler": -0.076736964265776322, "cheeger_rank": 22, "cooling_sink": false, "cooling_access_score": 0.0, "cooling_sink_resistance_proxy": 100.0, "cheeger_priority": 0.0, "cheeger_priority_class": "not_boundary", "cooling_access_class": "very_low", "low_cooling_access": true, "street_intervention_signal": 100.0 }, "geometry": { "type": "Polygon", "coordinates": [ [ [ -71.032823494719111, 42.24591801801801 ], [ -71.032823494719111, 42.254927027027016 ], [ -71.04500630281764, 42.254927027027016 ], [ -71.04500630281764, 42.24591801801801 ], [ -71.032823494719111, 42.24591801801801 ] ] ] } },
{ "type": "Feature", "properties": { "cell_id": 231, "ndvi": 0.27616161, "albedo": 0.18977402, "impervious": 0.38741818, "lst": 27.334967, "SVI": 0.0, "cheeger_side": "left", "cheeger_boundary": false, "cheeger_fiedler": -0.070568913097665123, "cheeger_rank": 37, "cooling_sink": false, "cooling_access_score": 0.0, "cooling_sink_resistance_proxy": 100.0, "cheeger_priority": 0.0, "cheeger_priority_class": "not_boundary", "cooling_access_class": "very_low", "low_cooling_access": true, "street_intervention_signal": 100.0 }, "geometry": { "type": "Polygon", "coordinates": [ [ [ -71.032823494719111, 42.254927027027016 ], [ -71.032823494719111, 42.263936036036021 ], [ -71.04500630281764, 42.263936036036021 ], [ -71.04500630281764, 42.254927027027016 ], [ -71.032823494719111, 42.254927027027016 ] ] ] } },
{ "type": "Feature", "properties": { "cell_id": 232, "ndvi": 0.35719186, "albedo": 0.17456545, "impervious": 0.40774626, "lst": 28.118687, "SVI": 0.0, "cheeger_side": "left", "cheeger_boundary": false, "cheeger_fiedler": -0.062314701366946133, "cheeger_rank": 69, "cooling_sink": false, "cooling_access_score": 0.0, "cooling_sink_resistance_proxy": 100.0, "cheeger_priority": 0.0, "cheeger_priority_class": "not_boundary", "cooling_access_class": "very_low", "low_cooling_access": true, "street_intervention_signal": 100.0 }, "geometry": { "type": "Polygon", "coordinates": [ [ [ -71.032823494719111, 42.263936036036021 ], [ -71.032823494719111, 42.272945045045027 ], [ -71.04500630281764, 42.272945045045027 ], [ -71.04500630281764, 42.263936036036021 ], [ -71.032823494719111, 42.263936036036021 ] ] ] } },
{ "type": "Feature", "properties": { "cell_id": 233, "ndvi": 0.36452276, "albedo": 0.19304787, "impervious": 0.37860379, "lst": 28.648043, "SVI": 0.0, "cheeger_side": "left", "cheeger_boundary": false, "cheeger_fiedler": -0.052218132229811656, "cheeger_rank": 88, "cooling_sink": false, "cooling_access_score": 0.0, "cooling_sink_resistance_proxy": 100.0, "cheeger_priority": 0.0, "cheeger_priority_class": "not_boundary", "cooling_access_class": "very_low", "low_cooling_access": true, "street_intervention_signal": 100.0 }, "geometry": { "type": "Polygon", "coordinates": [ [ [ -71.032823494719111, 42.272945045045027 ], [ -71.032823494719111, 42.281954054054033 ], [ -71.04500630281764, 42.281954054054033 ], [ -71.04500630281764, 42.272945045045027 ], [ -71.032823494719111, 42.272945045045027 ] ] ] } },
{ "type": "Feature", "properties": { "cell_id": 237, "ndvi": 0.302935, "albedo": 0.17056707, "impervious": 0.36376113, "lst": 27.799395, "SVI": 0.0, "cheeger_side": "left", "cheeger_boundary": true, "cheeger_fiedler": -1.4273511956682949e-16, "cheeger_rank": 157, "cooling_sink": false, "cooling_access_score": 0.0, "cooling_sink_resistance_proxy": 100.0, "cheeger_priority": 58.044028059138597, "cheeger_priority_class": "high", "cooling_access_class": "very_low", "low_cooling_access": true, "street_intervention_signal": 100.0 }, "geometry": { "type": "Polygon", "coordinates": [ [ [ -71.032823494719111, 42.30898108108105 ], [ -71.032823494719111, 42.317990090090056 ], [ -71.04500630281764, 42.317990090090056 ], [ -71.04500630281764, 42.30898108108105 ], [ -71.032823494719111, 42.30898108108105 ] ] ] } },
{ "type": "Feature", "properties": { "cell_id": 238, "ndvi": 0.29355338, "albedo": 0.18941925, "impervious": 0.43978852, "lst": 28.045929, "SVI": 0.0, "cheeger_side": "right", "cheeger_boundary": true, "cheeger_fiedler": 0.014076750788487056, "cheeger_rank": 178, "cooling_sink": false, "cooling_access_score": 0.0, "cooling_sink_resistance_proxy": 100.0, "cheeger_priority": 60.831285924023049, "cheeger_priority_class": "high", "cooling_access_class": "very_low", "low_cooling_access": true, "street_intervention_signal": 100.0 }, "geometry": { "type": "Polygon", "coordinates": [ [ [ -71.032823494719111, 42.317990090090056 ], [ -71.032823494719111, 42.326999099099062 ], [ -71.04500630281764, 42.326999099099062 ], [ -71.04500630281764, 42.317990090090056 ], [ -71.032823494719111, 42.317990090090056 ] ] ] } },
{ "type": "Feature", "properties": { "cell_id": 241, "ndvi": 0.34362692, "albedo": 0.17167002, "impervious": 0.43488327, "lst": 28.230995, "SVI": 0.0, "cheeger_side": "right", "cheeger_boundary": false, "cheeger_fiedler": 0.05221813222981108, "cheeger_rank": 233, "cooling_sink": false, "cooling_access_score": 0.0, "cooling_sink_resistance_proxy": 100.0, "cheeger_priority": 0.0, "cheeger_priority_class": "not_boundary", "cooling_access_class": "very_low", "low_cooling_access": true, "street_intervention_signal": 100.0 }, "geometry": { "type": "Polygon", "coordinates": [ [ [ -71.032823494719111, 42.345017117117074 ], [ -71.032823494719111, 42.35402612612608 ], [ -71.04500630281764, 42.35402612612608 ], [ -71.04500630281764, 42.345017117117074 ], [ -71.032823494719111, 42.345017117117074 ] ] ] } },
{ "type": "Feature", "properties": { "cell_id": 242, "ndvi": 0.31986389, "albedo": 0.14113632, "impervious": 0.38079932, "lst": 27.480074, "SVI": 0.0, "cheeger_side": "right", "cheeger_boundary": false, "cheeger_fiedler": 0.062314701366945363, "cheeger_rank": 252, "cooling_sink": false, "cooling_access_score": 0.0, "cooling_sink_resistance_proxy": 100.0, "cheeger_priority": 0.0, "cheeger_priority_class": "not_boundary", "cooling_access_class": "very_low", "low_cooling_access": true, "street_intervention_signal": 100.0 }, "geometry": { "type": "Polygon", "coordinates": [ [ [ -71.032823494719111, 42.35402612612608 ], [ -71.032823494719111, 42.363035135135085 ], [ -71.04500630281764, 42.363035135135085 ], [ -71.04500630281764, 42.35402612612608 ], [ -71.032823494719111, 42.35402612612608 ] ] ] } },
{ "type": "Feature", "properties": { "cell_id": 243, "ndvi": 0.34457719, "albedo": 0.15004815, "impervious": 0.40263018, "lst": 27.510893, "SVI": 0.0, "cheeger_side": "right", "cheeger_boundary": false, "cheeger_fiedler": 0.070568913097663985, "cheeger_rank": 284, "cooling_sink": false, "cooling_access_score": 0.0, "cooling_sink_resistance_proxy": 100.0, "cheeger_priority": 0.0, "cheeger_priority_class": "not_boundary", "cooling_access_class": "very_low", "low_cooling_access": true, "street_intervention_signal": 100.0 }, "geometry": { "type": "Polygon", "coordinates": [ [ [ -71.032823494719111, 42.363035135135085 ], [ -71.032823494719111, 42.372044144144091 ], [ -71.04500630281764, 42.372044144144091 ], [ -71.04500630281764, 42.363035135135085 ], [ -71.032823494719111, 42.363035135135085 ] ] ] } },
{ "type": "Feature", "properties": { "cell_id": 244, "ndvi": 0.3684862, "albedo": 0.15352787, "impervious": 0.37951556, "lst": 27.773481, "SVI": 0.0, "cheeger_side": "right", "cheeger_boundary": false, "cheeger_fiedler": 0.076736964265775184, "cheeger_rank": 299, "cooling_sink": false, "cooling_access_score": 0.0, "cooling_sink_resistance_proxy": 100.0, "cheeger_priority": 0.0, "cheeger_priority_class": "not_boundary", "cooling_access_class": "very_low", "low_cooling_access": true, "street_intervention_signal": 100.0 }, "geometry": { "type": "Polygon", "coordinates": [ [ [ -71.032823494719111, 42.372044144144091 ], [ -71.032823494719111, 42.381053153153097 ], [ -71.04500630281764, 42.381053153153097 ], [ -71.04500630281764, 42.372044144144091 ], [ -71.032823494719111, 42.372044144144091 ] ] ] } },
{ "type": "Feature", "properties": { "cell_id": 248, "ndvi": 0.34996384, "albedo": 0.17348564, "impervious": 0.44152126, "lst": 27.966539, "SVI": 0.0, "cheeger_side": "left", "cheeger_boundary": false, "cheeger_fiedler": -0.0805762006901556, "cheeger_rank": 9, "cooling_sink": false, "cooling_access_score": 0.0, "cooling_sink_resistance_proxy": 100.0, "cheeger_priority": 0.0, "cheeger_priority_class": "not_boundary", "cooling_access_class": "very_low", "low_cooling_access": true, "street_intervention_signal": 100.0 }, "geometry": { "type": "Polygon", "coordinates": [ [ [ -71.020640686620581, 42.236909009009004 ], [ -71.020640686620581, 42.24591801801801 ], [ -71.032823494719111, 42.24591801801801 ], [ -71.032823494719111, 42.236909009009004 ], [ -71.020640686620581, 42.236909009009004 ] ] ] } },
{ "type": "Feature", "properties": { "cell_id": 249, "ndvi": 0.35102832, "albedo": 0.15903525, "impervious": 0.41503727, "lst": 27.981833, "SVI": 0.0, "cheeger_side": "left", "cheeger_boundary": false, "cheeger_fiedler": -0.076680023322600321, "cheeger_rank": 24, "cooling_sink": false, "cooling_access_score": 0.0, "cooling_sink_resistance_proxy": 100.0, "cheeger_priority": 0.0, "cheeger_priority_class": "not_boundary", "cooling_access_class": "very_low", "low_cooling_access": true, "street_intervention_signal": 100.0 }, "geometry": { "type": "Polygon", "coordinates": [ [ [ -71.020640686620581, 42.24591801801801 ], [ -71.020640686620581, 42.254927027027016 ], [ -71.032823494719111, 42.254927027027016 ], [ -71.032823494719111, 42.24591801801801 ], [ -71.020640686620581, 42.24591801801801 ] ] ] } },
{ "type": "Feature", "properties": { "cell_id": 251, "ndvi": 0.31912634, "albedo": 0.16217253, "impervious": 0.39365694, "lst": 27.945919, "SVI": 0.0, "cheeger_side": "left", "cheeger_boundary": false, "cheeger_fiedler": -0.062269719924508735, "cheeger_rank": 71, "cooling_sink": false, "cooling_access_score": 0.0, "cooling_sink_resistance_proxy": 100.0, "cheeger_priority": 0.0, "cheeger_priority_class": "not_boundary", "cooling_access_class": "very_low", "low_cooling_access": true, "street_intervention_signal": 100.0 }, "geometry": { "type": "Polygon", "coordinates": [ [ [ -71.020640686620581, 42.263936036036021 ], [ -71.020640686620581, 42.272945045045027 ], [ -71.032823494719111, 42.272945045045027 ], [ -71.032823494719111, 42.263936036036021 ], [ -71.020640686620581, 42.263936036036021 ] ] ] } },
{ "type": "Feature", "properties": { "cell_id": 252, "ndvi": 0.36969331, "albedo": 0.18543939, "impervious": 0.44749567, "lst": 27.865423, "SVI": 0.0, "cheeger_side": "left", "cheeger_boundary": false, "cheeger_fiedler": -0.052180777613159181, "cheeger_rank": 90, "cooling_sink": false, "cooling_access_score": 0.0, "cooling_sink_resistance_proxy": 100.0, "cheeger_priority": 0.0, "cheeger_priority_class": "not_boundary", "cooling_access_class": "very_low", "low_cooling_access": true, "street_intervention_signal": 100.0 }, "geometry": { "type": "Polygon", "coordinates": [ [ [ -71.020640686620581, 42.272945045045027 ], [ -71.020640686620581, 42.281954054054033 ], [ -71.032823494719111, 42.281954054054033 ], [ -71.032823494719111, 42.272945045045027 ], [ -71.020640686620581, 42.272945045045027 ] ] ] } },
{ "type": "Feature", "properties": { "cell_id": 253, "ndvi": 0.38903472, "albedo": 0.13861404, "impervious": 0.40220672, "lst": 28.063019, "SVI": 0.0, "cheeger_side": "left", "cheeger_boundary": false, "cheeger_fiedler": -0.040548756570660031, "cheeger_rank": 111, "cooling_sink": false, "cooling_access_score": 0.0, "cooling_sink_resistance_proxy": 100.0, "cheeger_priority": 0.0, "cheeger_priority_class": "not_boundary", "cooling_access_class": "very_low", "low_cooling_access": true, "street_intervention_signal": 100.0 }, "geometry": { "type": "Polygon", "coordinates": [ [ [ -71.020640686620581, 42.281954054054033 ], [ -71.020640686620581, 42.290963063063039 ], [ -71.032823494719111, 42.290963063063039 ], [ -71.032823494719111, 42.281954054054033 ], [ -71.020640686620581, 42.281954054054033 ] ] ] } },
{ "type": "Feature", "properties": { "cell_id": 257, "ndvi": 0.30006737, "albedo": 0.15382782, "impervious": 0.3814753, "lst": 27.701654, "SVI": 0.0, "cheeger_side": "right", "cheeger_boundary": true, "cheeger_fiedler": 0.014066803131034889, "cheeger_rank": 176, "cooling_sink": false, "cooling_access_score": 0.0, "cooling_sink_resistance_proxy": 100.0, "cheeger_priority": 57.783004403345927, "cheeger_priority_class": "high", "cooling_access_class": "very_low", "low_cooling_access": true, "street_intervention_signal": 100.0 }, "geometry": { "type": "Polygon", "coordinates": [ [ [ -71.020640686620581, 42.317990090090056 ], [ -71.020640686620581, 42.326999099099062 ], [ -71.032823494719111, 42.326999099099062 ], [ -71.032823494719111, 42.317990090090056 ], [ -71.020640686620581, 42.317990090090056 ] ] ] } },
{ "type": "Feature", "properties": { "cell_id": 258, "ndvi": 0.32442665, "albedo": 0.17999057, "impervious": 0.42111632, "lst": 28.021421, "SVI": 0.0, "cheeger_side": "right", "cheeger_boundary": false, "cheeger_fiedler": 0.027717617557177953, "cheeger_rank": 193, "cooling_sink": false, "cooling_access_score": 0.0, "cooling_sink_resistance_proxy": 100.0, "cheeger_priority": 0.0, "cheeger_priority_class": "not_boundary", "cooling_access_class": "very_low", "low_cooling_access": true, "street_intervention_signal": 100.0 }, "geometry": { "type": "Polygon", "coordinates": [ [ [ -71.020640686620581, 42.326999099099062 ], [ -71.020640686620581, 42.336008108108068 ], [ -71.032823494719111, 42.336008108108068 ], [ -71.032823494719111, 42.326999099099062 ], [ -71.020640686620581, 42.326999099099062 ] ] ] } },
{ "type": "Feature", "properties": { "cell_id": 259, "ndvi": 0.31449357, "albedo": 0.14860547, "impervious": 0.35816368, "lst": 28.334976, "SVI": 0.0, "cheeger_side": "right", "cheeger_boundary": false, "cheeger_fiedler": 0.040548756570659365, "cheeger_rank": 210, "cooling_sink": false, "cooling_access_score": 0.0, "cooling_sink_resistance_proxy": 100.0, "cheeger_priority": 0.0, "cheeger_priority_class": "not_boundary", "cooling_access_class": "very_low", "low_cooling_access": true, "street_intervention_signal": 100.0 }, "geometry": { "type": "Polygon", "coordinates": [ [ [ -71.020640686620581, 42.336008108108068 ], [ -71.020640686620581, 42.345017117117074 ], [ -71.032823494719111, 42.345017117117074 ], [ -71.032823494719111, 42.336008108108068 ], [ -71.020640686620581, 42.336008108108068 ] ] ] } },
{ "type": "Feature", "properties": { "cell_id": 260, "ndvi": 0.33856389, "albedo": 0.16677342, "impervious": 0.41657957, "lst": 27.667192, "SVI": 0.0, "cheeger_side": "right", "cheeger_boundary": false, "cheeger_fiedler": 0.052180777613158272, "cheeger_rank": 231, "cooling_sink": false, "cooling_access_score": 0.0, "cooling_sink_resistance_proxy": 100.0, "cheeger_priority": 0.0, "cheeger_priority_class": "not_boundary", "cooling_access_class": "very_low", "low_cooling_access": true, "street_intervention_signal": 100.0 }, "geometry": { "type": "Polygon", "coordinates": [ [ [ -71.020640686620581, 42.345017117117074 ], [ -71.020640686620581, 42.35402612612608 ], [ -71.032823494719111, 42.35402612612608 ], [ -71.032823494719111, 42.345017117117074 ], [ -71.020640686620581, 42.345017117117074 ] ] ] } },
{ "type": "Feature", "properties": { "cell_id": 262, "ndvi": 0.32163712, "albedo": 0.16017769, "impervious": 0.43562952, "lst": 27.985767, "SVI": 0.0, "cheeger_side": "right", "cheeger_boundary": false, "cheeger_fiedler": 0.070517325191535321, "cheeger_rank": 282, "cooling_sink": false, "cooling_access_score": 0.0, "cooling_sink_resistance_proxy": 100.0, "cheeger_priority": 0.0, "cheeger_priority_class": "not_boundary", "cooling_access_class": "very_low", "low_cooling_access": true, "street_intervention_signal": 100.0 }, "geometry": { "type": "Polygon", "coordinates": [ [ [ -71.020640686620581, 42.363035135135085 ], [ -71.020640686620581, 42.372044144144091 ], [ -71.032823494719111, 42.372044144144091 ], [ -71.032823494719111, 42.363035135135085 ], [ -71.020640686620581, 42.363035135135085 ] ] ] } },
{ "type": "Feature", "properties": { "cell_id": 263, "ndvi": 0.32918045, "albedo": 0.16704108, "impervious": 0.41987804, "lst": 28.03178, "SVI": 0.0, "cheeger_side": "right", "cheeger_boundary": false, "cheeger_fiedler": 0.076680023322598934, "cheeger_rank": 297, "cooling_sink": false, "cooling_access_score": 0.0, "cooling_sink_resistance_proxy": 100.0, "cheeger_priority": 0.0, "cheeger_priority_class": "not_boundary", "cooling_access_class": "very_low", "low_cooling_access": true, "street_intervention_signal": 100.0 }, "geometry": { "type": "Polygon", "coordinates": [ [ [ -71.020640686620581, 42.372044144144091 ], [ -71.020640686620581, 42.381053153153097 ], [ -71.032823494719111, 42.381053153153097 ], [ -71.032823494719111, 42.372044144144091 ], [ -71.020640686620581, 42.372044144144091 ] ] ] } },
{ "type": "Feature", "properties": { "cell_id": 264, "ndvi": 0.36448795, "albedo": 0.17065015, "impervious": 0.43797818, "lst": 27.710972, "SVI": 0.0, "cheeger_side": "right", "cheeger_boundary": false, "cheeger_fiedler": 0.080576200690154073, "cheeger_rank": 312, "cooling_sink": false, "cooling_access_score": 0.0, "cooling_sink_resistance_proxy": 100.0, "cheeger_priority": 0.0, "cheeger_priority_class": "not_boundary", "cooling_access_class": "very_low", "low_cooling_access": true, "street_intervention_signal": 100.0 }, "geometry": { "type": "Polygon", "coordinates": [ [ [ -71.020640686620581, 42.381053153153097 ], [ -71.020640686620581, 42.390062162162103 ], [ -71.032823494719111, 42.390062162162103 ], [ -71.032823494719111, 42.381053153153097 ], [ -71.020640686620581, 42.381053153153097 ] ] ] } },
{ "type": "Feature", "properties": { "cell_id": 267, "ndvi": 0.39107984, "albedo": 0.17880221, "impervious": 0.41688773, "lst": 27.503136, "SVI": 0.0, "cheeger_side": "left", "cheeger_boundary": false, "cheeger_fiedler": -0.080501449209176623, "cheeger_rank": 11, "cooling_sink": false, "cooling_access_score": 0.0, "cooling_sink_resistance_proxy": 100.0, "cheeger_priority": 0.0, "cheeger_priority_class": "not_boundary", "cooling_access_class": "very_low", "low_cooling_access": true, "street_intervention_signal": 100.0 }, "geometry": { "type": "Polygon", "coordinates": [ [ [ -71.008457878522051, 42.236909009009004 ], [ -71.008457878522051, 42.24591801801801 ], [ -71.020640686620581, 42.24591801801801 ], [ -71.020640686620581, 42.236909009009004 ], [ -71.008457878522051, 42.236909009009004 ] ] ] } },
{ "type": "Feature", "properties": { "cell_id": 268, "ndvi": 0.30756736, "albedo": 0.13796327, "impervious": 0.43155453, "lst": 28.18383, "SVI": 0.0, "cheeger_side": "left", "cheeger_boundary": false, "cheeger_fiedler": -0.076610530132965385, "cheeger_rank": 26, "cooling_sink": false, "cooling_access_score": 0.0, "cooling_sink_resistance_proxy": 100.0, "cheeger_priority": 0.0, "cheeger_priority_class": "not_boundary", "cooling_access_class": "very_low", "low_cooling_access": true, "street_intervention_signal": 100.0 }, "geometry": { "type": "Polygon", "coordinates": [ [ [ -71.008457878522051, 42.24591801801801 ], [ -71.008457878522051, 42.254927027027016 ], [ -71.020640686620581, 42.254927027027016 ], [ -71.020640686620581, 42.24591801801801 ], [ -71.008457878522051, 42.24591801801801 ] ] ] } },
{ "type": "Feature", "properties": { "cell_id": 269, "ndvi": 0.37001568, "albedo": 0.22361208, "impervious": 0.41369915, "lst": 28.09737, "SVI": 0.0, "cheeger_side": "left", "cheeger_boundary": false, "cheeger_fiedler": -0.070454832872311662, "cheeger_rank": 41, "cooling_sink": false, "cooling_access_score": 0.0, "cooling_sink_resistance_proxy": 100.0, "cheeger_priority": 0.0, "cheeger_priority_class": "not_boundary", "cooling_access_class": "very_low", "low_cooling_access": true, "street_intervention_signal": 100.0 }, "geometry": { "type": "Polygon", "coordinates": [ [ [ -71.008457878522051, 42.254927027027016 ], [ -71.008457878522051, 42.263936036036021 ], [ -71.020640686620581, 42.263936036036021 ], [ -71.020640686620581, 42.254927027027016 ], [ -71.008457878522051, 42.254927027027016 ] ] ] } },
{ "type": "Feature", "properties": { "cell_id": 270, "ndvi": 0.32299522, "albedo": 0.17000255, "impervious": 0.43556386, "lst": 28.295986, "SVI": 0.0, "cheeger_side": "left", "cheeger_boundary": false, "cheeger_fiedler": -0.062215286578411737, "cheeger_rank": 73, "cooling_sink": false, "cooling_access_score": 0.0, "cooling_sink_resistance_proxy": 100.0, "cheeger_priority": 0.0, "cheeger_priority_class": "not_boundary", "cooling_access_class": "very_low", "low_cooling_access": true, "street_intervention_signal": 100.0 }, "geometry": { "type": "Polygon", "coordinates": [ [ [ -71.008457878522051, 42.263936036036021 ], [ -71.008457878522051, 42.272945045045027 ], [ -71.020640686620581, 42.272945045045027 ], [ -71.020640686620581, 42.263936036036021 ], [ -71.008457878522051, 42.263936036036021 ] ] ] } },
{ "type": "Feature", "properties": { "cell_id": 271, "ndvi": 0.36487859, "albedo": 0.15949976, "impervious": 0.35430449, "lst": 27.396921, "SVI": 0.0, "cheeger_side": "left", "cheeger_boundary": false, "cheeger_fiedler": -0.052135552663154533, "cheeger_rank": 92, "cooling_sink": false, "cooling_access_score": 0.0, "cooling_sink_resistance_proxy": 100.0, "cheeger_priority": 0.0, "cheeger_priority_class": "not_boundary", "cooling_access_class": "very_low", "low_cooling_access": true, "street_intervention_signal": 100.0 }, "geometry": { "type": "Polygon", "coordinates": [ [ [ -71.008457878522051, 42.272945045045027 ], [ -71.008457878522051, 42.281954054054033 ], [ -71.020640686620581, 42.281954054054033 ], [ -71.020640686620581, 42.272945045045027 ], [ -71.008457878522051, 42.272945045045027 ] ] ] } },
{ "type": "Feature", "properties": { "cell_id": 273, "ndvi": 0.38769108, "albedo": 0.17590515, "impervious": 0.35356966, "lst": 28.473091, "SVI": 0.0, "cheeger_side": "left", "cheeger_boundary": false, "cheeger_fiedler": -0.027693800928010655, "cheeger_rank": 130, "cooling_sink": false, "cooling_access_score": 0.0, "cooling_sink_resistance_proxy": 100.0, "cheeger_priority": 0.0, "cheeger_priority_class": "not_boundary", "cooling_access_class": "very_low", "low_cooling_access": true, "street_intervention_signal": 100.0 }, "geometry": { "type": "Polygon", "coordinates": [ [ [ -71.008457878522051, 42.290963063063039 ], [ -71.008457878522051, 42.299972072072045 ], [ -71.020640686620581, 42.299972072072045 ], [ -71.020640686620581, 42.290963063063039 ], [ -71.008457878522051, 42.290963063063039 ] ] ] } },
{ "type": "Feature", "properties": { "cell_id": 274, "ndvi": 0.34948602, "albedo": 0.17978634, "impervious": 0.39545369, "lst": 28.938839, "SVI": 0.0, "cheeger_side": "left", "cheeger_boundary": false, "cheeger_fiedler": -0.014054737363442829, "cheeger_rank": 147, "cooling_sink": false, "cooling_access_score": 0.0, "cooling_sink_resistance_proxy": 100.0, "cheeger_priority": 0.0, "cheeger_priority_class": "not_boundary", "cooling_access_class": "very_low", "low_cooling_access": true, "street_intervention_signal": 100.0 }, "geometry": { "type": "Polygon", "coordinates": [ [ [ -71.008457878522051, 42.299972072072045 ], [ -71.008457878522051, 42.30898108108105 ], [ -71.020640686620581, 42.30898108108105 ], [ -71.020640686620581, 42.299972072072045 ], [ -71.008457878522051, 42.299972072072045 ] ] ] } },
{ "type": "Feature", "properties": { "cell_id": 277, "ndvi": 0.38215578, "albedo": 0.209305, "impervious": 0.41013682, "lst": 28.625557, "SVI": 0.0, "cheeger_side": "right", "cheeger_boundary": false, "cheeger_fiedler": 0.027693800928009795, "cheeger_rank": 191, "cooling_sink": false, "cooling_access_score": 0.0, "cooling_sink_resistance_proxy": 100.0, "cheeger_priority": 0.0, "cheeger_priority_class": "not_boundary", "cooling_access_class": "very_low", "low_cooling_access": true, "street_intervention_signal": 100.0 }, "geometry": { "type": "Polygon", "coordinates": [ [ [ -71.008457878522051, 42.326999099099062 ], [ -71.008457878522051, 42.336008108108068 ], [ -71.020640686620581, 42.336008108108068 ], [ -71.020640686620581, 42.326999099099062 ], [ -71.008457878522051, 42.326999099099062 ] ] ] } },
{ "type": "Feature", "properties": { "cell_id": 278, "ndvi": 0.31377897, "albedo": 0.15679608, "impervious": 0.41308761, "lst": 28.264736, "SVI": 0.0, "cheeger_side": "right", "cheeger_boundary": false, "cheeger_fiedler": 0.040513800866625732, "cheeger_rank": 208, "cooling_sink": false, "cooling_access_score": 0.0, "cooling_sink_resistance_proxy": 100.0, "cheeger_priority": 0.0, "cheeger_priority_class": "not_boundary", "cooling_access_class": "very_low", "low_cooling_access": true, "street_intervention_signal": 100.0 }, "geometry": { "type": "Polygon", "coordinates": [ [ [ -71.008457878522051, 42.336008108108068 ], [ -71.008457878522051, 42.345017117117074 ], [ -71.020640686620581, 42.345017117117074 ], [ -71.020640686620581, 42.336008108108068 ], [ -71.008457878522051, 42.336008108108068 ] ] ] } },
{ "type": "Feature", "properties": { "cell_id": 280, "ndvi": 0.37225464, "albedo": 0.20317352, "impervious": 0.41523591, "lst": 28.265394, "SVI": 0.0, "cheeger_side": "right", "cheeger_boundary": false, "cheeger_fiedler": 0.062215286578410425, "cheeger_rank": 248, "cooling_sink": false, "cooling_access_score": 0.0, "cooling_sink_resistance_proxy": 100.0, "cheeger_priority": 0.0, "cheeger_priority_class": "not_boundary", "cooling_access_class": "very_low", "low_cooling_access": true, "street_intervention_signal": 100.0 }, "geometry": { "type": "Polygon", "coordinates": [ [ [ -71.008457878522051, 42.35402612612608 ], [ -71.008457878522051, 42.363035135135085 ], [ -71.020640686620581, 42.363035135135085 ], [ -71.020640686620581, 42.35402612612608 ], [ -71.008457878522051, 42.35402612612608 ] ] ] } },
{ "type": "Feature", "properties": { "cell_id": 281, "ndvi": 0.32564956, "albedo": 0.16352102, "impervious": 0.37194768, "lst": 27.577389, "SVI": 0.0, "cheeger_side": "right", "cheeger_boundary": false, "cheeger_fiedler": 0.070454832872310108, "cheeger_rank": 280, "cooling_sink": false, "cooling_access_score": 0.0, "cooling_sink_resistance_proxy": 100.0, "cheeger_priority": 0.0, "cheeger_priority_class": "not_boundary", "cooling_access_class": "very_low", "low_cooling_access": true, "street_intervention_signal": 100.0 }, "geometry": { "type": "Polygon", "coordinates": [ [ [ -71.008457878522051, 42.363035135135085 ], [ -71.008457878522051, 42.372044144144091 ], [ -71.020640686620581, 42.372044144144091 ], [ -71.020640686620581, 42.363035135135085 ], [ -71.008457878522051, 42.363035135135085 ] ] ] } },
{ "type": "Feature", "properties": { "cell_id": 282, "ndvi": 0.35152283, "albedo": 0.18792216, "impervious": 0.42662373, "lst": 28.250134, "SVI": 0.0, "cheeger_side": "right", "cheeger_boundary": false, "cheeger_fiedler": 0.076610530132963817, "cheeger_rank": 295, "cooling_sink": false, "cooling_access_score": 0.0, "cooling_sink_resistance_proxy": 100.0, "cheeger_priority": 0.0, "cheeger_priority_class": "not_boundary", "cooling_access_class": "very_low", "low_cooling_access": true, "street_intervention_signal": 100.0 }, "geometry": { "type": "Polygon", "coordinates": [ [ [ -71.008457878522051, 42.372044144144091 ], [ -71.008457878522051, 42.381053153153097 ], [ -71.020640686620581, 42.381053153153097 ], [ -71.020640686620581, 42.372044144144091 ], [ -71.008457878522051, 42.372044144144091 ] ] ] } },
{ "type": "Feature", "properties": { "cell_id": 287, "ndvi": 0.38197005, "albedo": 0.18180378, "impervious": 0.34337029, "lst": 26.941853, "SVI": 0.0, "cheeger_side": "left", "cheeger_boundary": false, "cheeger_fiedler": -0.076529737449388721, "cheeger_rank": 28, "cooling_sink": false, "cooling_access_score": 0.0, "cooling_sink_resistance_proxy": 100.0, "cheeger_priority": 0.0, "cheeger_priority_class": "not_boundary", "cooling_access_class": "very_low", "low_cooling_access": true, "street_intervention_signal": 100.0 }, "geometry": { "type": "Polygon", "coordinates": [ [ [ -70.996275070423522, 42.24591801801801 ], [ -70.996275070423522, 42.254927027027016 ], [ -71.008457878522051, 42.254927027027016 ], [ -71.008457878522051, 42.24591801801801 ], [ -70.996275070423522, 42.24591801801801 ] ] ] } },
{ "type": "Feature", "properties": { "cell_id": 288, "ndvi": 0.30306578, "albedo": 0.21245512, "impervious": 0.48029813, "lst": 28.922155, "SVI": 0.0, "cheeger_side": "left", "cheeger_boundary": false, "cheeger_fiedler": -0.070382148596797589, "cheeger_rank": 43, "cooling_sink": false, "cooling_access_score": 0.0, "cooling_sink_resistance_proxy": 100.0, "cheeger_priority": 0.0, "cheeger_priority_class": "not_boundary", "cooling_access_class": "very_low", "low_cooling_access": true, "street_intervention_signal": 100.0 }, "geometry": { "type": "Polygon", "coordinates": [ [ [ -70.996275070423522, 42.254927027027016 ], [ -70.996275070423522, 42.263936036036021 ], [ -71.008457878522051, 42.263936036036021 ], [ -71.008457878522051, 42.254927027027016 ], [ -70.996275070423522, 42.254927027027016 ] ] ] } },
{ "type": "Feature", "properties": { "cell_id": 289, "ndvi": 0.30174786, "albedo": 0.17768821, "impervious": 0.37931037, "lst": 27.600534, "SVI": 0.0, "cheeger_side": "left", "cheeger_boundary": false, "cheeger_fiedler": -0.062151833896876722, "cheeger_rank": 75, "cooling_sink": false, "cooling_access_score": 0.0, "cooling_sink_resistance_proxy": 100.0, "cheeger_priority": 0.0, "cheeger_priority_class": "not_boundary", "cooling_access_class": "very_low", "low_cooling_access": true, "street_intervention_signal": 100.0 }, "geometry": { "type": "Polygon", "coordinates": [ [ [ -70.996275070423522, 42.263936036036021 ], [ -70.996275070423522, 42.272945045045027 ], [ -71.008457878522051, 42.272945045045027 ], [ -71.008457878522051, 42.263936036036021 ], [ -70.996275070423522, 42.263936036036021 ] ] ] } },
{ "type": "Feature", "properties": { "cell_id": 291, "ndvi": 0.31399909, "albedo": 0.21532287, "impervious": 0.3575474, "lst": 27.324102, "SVI": 0.0, "cheeger_side": "left", "cheeger_boundary": false, "cheeger_fiedler": -0.040472896695314071, "cheeger_rank": 115, "cooling_sink": false, "cooling_access_score": 0.0, "cooling_sink_resistance_proxy": 100.0, "cheeger_priority": 0.0, "cheeger_priority_class": "not_boundary", "cooling_access_class": "very_low", "low_cooling_access": true, "street_intervention_signal": 100.0 }, "geometry": { "type": "Polygon", "coordinates": [ [ [ -70.996275070423522, 42.281954054054033 ], [ -70.996275070423522, 42.290963063063039 ], [ -71.008457878522051, 42.290963063063039 ], [ -71.008457878522051, 42.281954054054033 ], [ -70.996275070423522, 42.281954054054033 ] ] ] } },
{ "type": "Feature", "properties": { "cell_id": 293, "ndvi": 0.3882868, "albedo": 0.19320527, "impervious": 0.4337064, "lst": 27.525394, "SVI": 0.0, "cheeger_side": "left", "cheeger_boundary": false, "cheeger_fiedler": -0.014040594622975917, "cheeger_rank": 149, "cooling_sink": false, "cooling_access_score": 0.0, "cooling_sink_resistance_proxy": 100.0, "cheeger_priority": 0.0, "cheeger_priority_class": "not_boundary", "cooling_access_class": "very_low", "low_cooling_access": true, "street_intervention_signal": 100.0 }, "geometry": { "type": "Polygon", "coordinates": [ [ [ -70.996275070423522, 42.299972072072045 ], [ -70.996275070423522, 42.30898108108105 ], [ -71.008457878522051, 42.30898108108105 ], [ -71.008457878522051, 42.299972072072045 ], [ -70.996275070423522, 42.299972072072045 ] ] ] } },
{ "type": "Feature", "properties": { "cell_id": 294, "ndvi": 0.3474575, "albedo": 0.19738911, "impervious": 0.41100258, "lst": 27.544317, "SVI": 0.0, "cheeger_side": "left", "cheeger_boundary": true, "cheeger_fiedler": -4.4653277499266978e-16, "cheeger_rank": 154, "cooling_sink": false, "cooling_access_score": 0.0, "cooling_sink_resistance_proxy": 100.0, "cheeger_priority": 61.613876767825751, "cheeger_priority_class": "high", "cooling_access_class": "very_low", "low_cooling_access": true, "street_intervention_signal": 100.0 }, "geometry": { "type": "Polygon", "coordinates": [ [ [ -70.996275070423522, 42.30898108108105 ], [ -70.996275070423522, 42.317990090090056 ], [ -71.008457878522051, 42.317990090090056 ], [ -71.008457878522051, 42.30898108108105 ], [ -70.996275070423522, 42.30898108108105 ] ] ] } },
{ "type": "Feature", "properties": { "cell_id": 295, "ndvi": 0.38570216, "albedo": 0.16544548, "impervious": 0.41399896, "lst": 27.939098, "SVI": 0.0, "cheeger_side": "right", "cheeger_boundary": true, "cheeger_fiedler": 0.014040594622974975, "cheeger_rank": 172, "cooling_sink": false, "cooling_access_score": 0.0, "cooling_sink_resistance_proxy": 100.0, "cheeger_priority": 64.453613741979581, "cheeger_priority_class": "high", "cooling_access_class": "very_low", "low_cooling_access": true, "street_intervention_signal": 100.0 }, "geometry": { "type": "Polygon", "coordinates": [ [ [ -70.996275070423522, 42.317990090090056 ], [ -70.996275070423522, 42.326999099099062 ], [ -71.008457878522051, 42.326999099099062 ], [ -71.008457878522051, 42.317990090090056 ], [ -70.996275070423522, 42.317990090090056 ] ] ] } },
{ "type": "Feature", "properties": { "cell_id": 297, "ndvi": 0.38867381, "albedo": 0.1401599, "impervious": 0.36117795, "lst": 27.457491, "SVI": 0.0, "cheeger_side": "right", "cheeger_boundary": false, "cheeger_fiedler": 0.04047289669531294, "cheeger_rank": 206, "cooling_sink": false, "cooling_access_score": 0.0, "cooling_sink_resistance_proxy": 100.0, "cheeger_priority": 0.0, "cheeger_priority_class": "not_boundary", "cooling_access_class": "very_low", "low_cooling_access": true, "street_intervention_signal": 100.0 }, "geometry": { "type": "Polygon", "coordinates": [ [ [ -70.996275070423522, 42.336008108108068 ], [ -70.996275070423522, 42.345017117117074 ], [ -71.008457878522051, 42.345017117117074 ], [ -71.008457878522051, 42.336008108108068 ], [ -70.996275070423522, 42.336008108108068 ] ] ] } },
{ "type": "Feature", "properties": { "cell_id": 298, "ndvi": 0.35973516, "albedo": 0.14512858, "impervious": 0.42877355, "lst": 28.912937, "SVI": 0.0, "cheeger_side": "right", "cheeger_boundary": false, "cheeger_fiedler": 0.052082717598643705, "cheeger_rank": 227, "cooling_sink": false, "cooling_access_score": 0.0, "cooling_sink_resistance_proxy": 100.0, "cheeger_priority": 0.0, "cheeger_priority_class": "not_boundary", "cooling_access_class": "very_low", "low_cooling_access": true, "street_intervention_signal": 100.0 }, "geometry": { "type": "Polygon", "coordinates": [ [ [ -70.996275070423522, 42.345017117117074 ], [ -70.996275070423522, 42.35402612612608 ], [ -71.008457878522051, 42.35402612612608 ], [ -71.008457878522051, 42.345017117117074 ], [ -70.996275070423522, 42.345017117117074 ] ] ] } },
{ "type": "Feature", "properties": { "cell_id": 299, "ndvi": 0.20609537, "albedo": 0.18223818, "impervious": 0.39074576, "lst": 28.039909, "SVI": 0.0, "cheeger_side": "right", "cheeger_boundary": false, "cheeger_fiedler": 0.062151833896875244, "cheeger_rank": 246, "cooling_sink": false, "cooling_access_score": 0.0, "cooling_sink_resistance_proxy": 100.0, "cheeger_priority": 0.0, "cheeger_priority_class": "not_boundary", "cooling_access_class": "very_low", "low_cooling_access": true, "street_intervention_signal": 100.0 }, "geometry": { "type": "Polygon", "coordinates": [ [ [ -70.996275070423522, 42.35402612612608 ], [ -70.996275070423522, 42.363035135135085 ], [ -71.008457878522051, 42.363035135135085 ], [ -71.008457878522051, 42.35402612612608 ], [ -70.996275070423522, 42.35402612612608 ] ] ] } },
{ "type": "Feature", "properties": { "cell_id": 300, "ndvi": 0.25958428, "albedo": 0.15763609, "impervious": 0.41610637, "lst": 28.117792, "SVI": 0.0, "cheeger_side": "right", "cheeger_boundary": false, "cheeger_fiedler": 0.070382148596795979, "cheeger_rank": 278, "cooling_sink": false, "cooling_access_score": 0.0, "cooling_sink_resistance_proxy": 100.0, "cheeger_priority": 0.0, "cheeger_priority_class": "not_boundary", "cooling_access_class": "very_low", "low_cooling_access": true, "street_intervention_signal": 100.0 }, "geometry": { "type": "Polygon", "coordinates": [ [ [ -70.996275070423522, 42.363035135135085 ], [ -70.996275070423522, 42.372044144144091 ], [ -71.008457878522051, 42.372044144144091 ], [ -71.008457878522051, 42.363035135135085 ], [ -70.996275070423522, 42.363035135135085 ] ] ] } },
{ "type": "Feature", "properties": { "cell_id": 301, "ndvi": 0.39130756, "albedo": 0.18492337, "impervious": 0.35231254, "lst": 27.294495, "SVI": 0.0, "cheeger_side": "right", "cheeger_boundary": false, "cheeger_fiedler": 0.076529737449387014, "cheeger_rank": 293, "cooling_sink": false, "cooling_access_score": 0.0, "cooling_sink_resistance_proxy": 100.0, "cheeger_priority": 0.0, "cheeger_priority_class": "not_boundary", "cooling_access_class": "very_low", "low_cooling_access": true, "street_intervention_signal": 100.0 }, "geometry": { "type": "Polygon", "coordinates": [ [ [ -70.996275070423522, 42.372044144144091 ], [ -70.996275070423522, 42.381053153153097 ], [ -71.008457878522051, 42.381053153153097 ], [ -71.008457878522051, 42.372044144144091 ], [ -70.996275070423522, 42.372044144144091 ] ] ] } },
{ "type": "Feature", "properties": { "cell_id": 302, "ndvi": 0.39451915, "albedo": 0.19049762, "impervious": 0.39230812, "lst": 27.838514, "SVI": 0.0, "cheeger_side": "right", "cheeger_boundary": false, "cheeger_fiedler": 0.080411597231663356, "cheeger_rank": 308, "cooling_sink": false, "cooling_access_score": 0.0, "cooling_sink_resistance_proxy": 100.0, "cheeger_priority": 0.0, "cheeger_priority_class": "not_boundary", "cooling_access_class": "very_low", "low_cooling_access": true, "street_intervention_signal": 100.0 }, "geometry": { "type": "Polygon", "coordinates": [ [ [ -70.996275070423522, 42.381053153153097 ], [ -70.996275070423522, 42.390062162162103 ], [ -71.008457878522051, 42.390062162162103 ], [ -71.008457878522051, 42.381053153153097 ], [ -70.996275070423522, 42.381053153153097 ] ] ] } },
{ "type": "Feature", "properties": { "cell_id": 305, "ndvi": 0.2258801, "albedo": 0.18575622, "impervious": 0.42711046, "lst": 28.396515, "SVI": 0.0, "cheeger_side": "left", "cheeger_boundary": false, "cheeger_fiedler": -0.063493797066185353, "cheeger_rank": 60, "cooling_sink": false, "cooling_access_score": 0.0, "cooling_sink_resistance_proxy": 100.0, "cheeger_priority": 0.0, "cheeger_priority_class": "not_boundary", "cooling_access_class": "very_low", "low_cooling_access": true, "street_intervention_signal": 100.0 }, "geometry": { "type": "Polygon", "coordinates": [ [ [ -70.984092262324992, 42.236909009009004 ], [ -70.984092262324992, 42.24591801801801 ], [ -70.996275070423522, 42.24591801801801 ], [ -70.996275070423522, 42.236909009009004 ], [ -70.984092262324992, 42.236909009009004 ] ] ] } },
{ "type": "Feature", "properties": { "cell_id": 306, "ndvi": 0.34928057, "albedo": 0.20922667, "impervious": 0.39092833, "lst": 28.516842, "SVI": 0.0, "cheeger_side": "left", "cheeger_boundary": false, "cheeger_fiedler": -0.060430717514863473, "cheeger_rank": 77, "cooling_sink": false, "cooling_access_score": 0.0, "cooling_sink_resistance_proxy": 100.0, "cheeger_priority": 0.0, "cheeger_priority_class": "not_boundary", "cooling_access_class": "very_low", "low_cooling_access": true, "street_intervention_signal": 100.0 }, "geometry": { "type": "Polygon", "coordinates": [ [ [ -70.984092262324992, 42.24591801801801 ], [ -70.984092262324992, 42.254927027027016 ], [ -70.996275070423522, 42.254927027027016 ], [ -70.996275070423522, 42.24591801801801 ], [ -70.984092262324992, 42.24591801801801 ] ] ] } },
{ "type": "Feature", "properties": { "cell_id": 309, "ndvi": 0.38563544, "albedo": 0.17561395, "impervious": 0.37746948, "lst": 28.179277, "SVI": 0.0, "cheeger_side": "left", "cheeger_boundary": false, "cheeger_fiedler": -0.041127396367527075, "cheeger_rank": 100, "cooling_sink": false, "cooling_access_score": 0.0, "cooling_sink_resistance_proxy": 100.0, "cheeger_priority": 0.0, "cheeger_priority_class": "not_boundary", "cooling_access_class": "very_low", "low_cooling_access": true, "street_intervention_signal": 100.0 }, "geometry": { "type": "Polygon", "coordinates": [ [ [ -70.984092262324992, 42.272945045045027 ], [ -70.984092262324992, 42.281954054054033 ], [ -70.996275070423522, 42.281954054054033 ], [ -70.996275070423522, 42.272945045045027 ], [ -70.984092262324992, 42.272945045045027 ] ] ] } },
{ "type": "Feature", "properties": { "cell_id": 313, "ndvi": 0.37089822, "albedo": 0.15603331, "impervious": 0.34478569, "lst": 28.489843, "SVI": 0.0, "cheeger_side": "left", "cheeger_boundary": true, "cheeger_fiedler": -4.8347180312725172e-16, "cheeger_rank": 153, "cooling_sink": false, "cooling_access_score": 0.0, "cooling_sink_resistance_proxy": 100.0, "cheeger_priority": 58.330538848278081, "cheeger_priority_class": "high", "cooling_access_class": "very_low", "low_cooling_access": true, "street_intervention_signal": 100.0 }, "geometry": { "type": "Polygon", "coordinates": [ [ [ -70.984092262324992, 42.30898108108105 ], [ -70.984092262324992, 42.317990090090056 ], [ -70.996275070423522, 42.317990090090056 ], [ -70.996275070423522, 42.30898108108105 ], [ -70.984092262324992, 42.30898108108105 ] ] ] } },
{ "type": "Feature", "properties": { "cell_id": 315, "ndvi": 0.32620007, "albedo": 0.15030195, "impervious": 0.34135392, "lst": 28.339554, "SVI": 0.0, "cheeger_side": "right", "cheeger_boundary": false, "cheeger_fiedler": 0.02184658746467057, "cheeger_rank": 187, "cooling_sink": false, "cooling_access_score": 0.0, "cooling_sink_resistance_proxy": 100.0, "cheeger_priority": 0.0, "cheeger_priority_class": "not_boundary", "cooling_access_class": "very_low", "low_cooling_access": true, "street_intervention_signal": 100.0 }, "geometry": { "type": "Polygon", "coordinates": [ [ [ -70.984092262324992, 42.326999099099062 ], [ -70.984092262324992, 42.336008108108068 ], [ -70.996275070423522, 42.336008108108068 ], [ -70.996275070423522, 42.326999099099062 ], [ -70.984092262324992, 42.326999099099062 ] ] ] } },
{ "type": "Feature", "properties": { "cell_id": 316, "ndvi": 0.35759512, "albedo": 0.18459678, "impervious": 0.36868083, "lst": 28.258286, "SVI": 0.0, "cheeger_side": "right", "cheeger_boundary": false, "cheeger_fiedler": 0.031959695541302846, "cheeger_rank": 204, "cooling_sink": false, "cooling_access_score": 0.0, "cooling_sink_resistance_proxy": 100.0, "cheeger_priority": 0.0, "cheeger_priority_class": "not_boundary", "cooling_access_class": "very_low", "low_cooling_access": true, "street_intervention_signal": 100.0 }, "geometry": { "type": "Polygon", "coordinates": [ [ [ -70.984092262324992, 42.336008108108068 ], [ -70.984092262324992, 42.345017117117074 ], [ -70.996275070423522, 42.345017117117074 ], [ -70.996275070423522, 42.336008108108068 ], [ -70.984092262324992, 42.336008108108068 ] ] ] } },
{ "type": "Feature", "properties": { "cell_id": 318, "ndvi": 0.36929721, "albedo": 0.16920751, "impervious": 0.44428545, "lst": 28.929703, "SVI": 0.0, "cheeger_side": "right", "cheeger_boundary": false, "cheeger_fiedler": 0.049078374044099808, "cheeger_rank": 223, "cooling_sink": false, "cooling_access_score": 0.0, "cooling_sink_resistance_proxy": 100.0, "cheeger_priority": 0.0, "cheeger_priority_class": "not_boundary", "cooling_access_class": "very_low", "low_cooling_access": true, "street_intervention_signal": 100.0 }, "geometry": { "type": "Polygon", "coordinates": [ [ [ -70.984092262324992, 42.35402612612608 ], [ -70.984092262324992, 42.363035135135085 ], [ -70.996275070423522, 42.363035135135085 ], [ -70.996275070423522, 42.35402612612608 ], [ -70.984092262324992, 42.35402612612608 ] ] ] } },
{ "type": "Feature", "properties": { "cell_id": 319, "ndvi": 0.38252336, "albedo": 0.15551922, "impervious": 0.40512186, "lst": 28.178755, "SVI": 0.0, "cheeger_side": "right", "cheeger_boundary": false, "cheeger_fiedler": 0.055577132078131718, "cheeger_rank": 242, "cooling_sink": false, "cooling_access_score": 0.0, "cooling_sink_resistance_proxy": 100.0, "cheeger_priority": 0.0, "cheeger_priority_class": "not_boundary", "cooling_access_class": "very_low", "low_cooling_access": true, "street_intervention_signal": 100.0 }, "geometry": { "type": "Polygon", "coordinates": [ [ [ -70.984092262324992, 42.363035135135085 ], [ -70.984092262324992, 42.372044144144091 ], [ -70.996275070423522, 42.372044144144091 ], [ -70.996275070423522, 42.363035135135085 ], [ -70.984092262324992, 42.363035135135085 ] ] ] } },
{ "type": "Feature", "properties": { "cell_id": 321, "ndvi": 0.31661761, "albedo": 0.19633809, "impervious": 0.43451679, "lst": 27.735615, "SVI": 0.0, "cheeger_side": "right", "cheeger_boundary": false, "cheeger_fiedler": 0.063493797066183966, "cheeger_rank": 261, "cooling_sink": false, "cooling_access_score": 0.0, "cooling_sink_resistance_proxy": 100.0, "cheeger_priority": 0.0, "cheeger_priority_class": "not_boundary", "cooling_access_class": "very_low", "low_cooling_access": true, "street_intervention_signal": 100.0 }, "geometry": { "type": "Polygon", "coordinates": [ [ [ -70.984092262324992, 42.381053153153097 ], [ -70.984092262324992, 42.390062162162103 ], [ -70.996275070423522, 42.390062162162103 ], [ -70.996275070423522, 42.381053153153097 ], [ -70.984092262324992, 42.381053153153097 ] ] ] } }
]
}
