{"type": "FeatureCollection", "name": "Cheeger Bottleneck Priority", "features": [{"type": "Feature", "geometry": {"type": "Polygon", "coordinates": [[[-71.07508093865536, 42.39078070760027], [-71.07508093865536, 42.389122406563516], [-71.07343089680849, 42.389122406563516], [-71.07343089680849, 42.39078070760027], [-71.07508093865536, 42.39078070760027]]]}, "properties": {"priority": 78.64096069335938, "priority_class": "High"}}, {"type": "Feature", "geometry": {"type": "Polygon", "coordinates": [[[-71.07508093865536, 42.389122406563516], [-71.07508093865536, 42.38746410552675], [-71.07343089680849, 42.38746410552675], [-71.07343089680849, 42.389122406563516], [-71.07508093865536, 42.389122406563516]]]}, "properties": {"priority": 89.14693450927734, "priority_class": "High"}}, {"type": "Feature", "geometry": {"type": "Polygon", "coordinates": [[[-71.07673098050223, 42.38746410552675], [-71.07673098050223, 42.38580580449], [-71.07508093865536, 42.38580580449], [-71.07508093865536, 42.38746410552675], [-71.07673098050223, 42.38746410552675]]]}, "properties": {"priority": 89.17195892333984, "priority_class": "High"}}, {"type": "Feature", "geometry": {"type": "Polygon", "coordinates": [[[-71.07508093865536, 42.38746410552675], [-71.07508093865536, 42.38580580449], [-71.07343089680849, 42.38580580449], [-71.07343089680849, 42.38746410552675], [-71.07508093865536, 42.38746410552675]]]}, "properties": {"priority": 89.61540222167969, "priority_class": "High"}}, {"type": "Feature", "geometry": {"type": "Polygon", "coordinates": [[[-71.07343089680849, 42.38746410552675], [-71.07343089680849, 42.38580580449], [-71.0717808549616, 42.38580580449], [-71.0717808549616, 42.38746410552675], [-71.07343089680849, 42.38746410552675]]]}, "properties": {"priority": 80.96192932128906, "priority_class": "High"}}, {"type": "Feature", "geometry": {"type": "Polygon", "coordinates": [[[-71.0717808549616, 42.38746410552675], [-71.0717808549616, 42.38580580449], [-71.07013081311473, 42.38580580449], [-71.07013081311473, 42.38746410552675], [-71.0717808549616, 42.38746410552675]]]}, "properties": {"priority": 67.04090881347656, "priority_class": "Medium"}}, {"type": "Feature", "geometry": {"type": "Polygon", "coordinates": [[[-71.07508093865536, 42.38580580449], [-71.07508093865536, 42.384147503453235], [-71.07343089680849, 42.384147503453235], [-71.07343089680849, 42.38580580449], [-71.07508093865536, 42.38580580449]]]}, "properties": {"priority": 87.87477111816406, "priority_class": "High"}}, {"type": "Feature", "geometry": {"type": "Polygon", "coordinates": [[[-71.07343089680849, 42.38580580449], [-71.07343089680849, 42.384147503453235], [-71.0717808549616, 42.384147503453235], [-71.0717808549616, 42.38580580449], [-71.07343089680849, 42.38580580449]]]}, "properties": {"priority": 80.89285278320312, "priority_class": "High"}}, {"type": "Feature", "geometry": {"type": "Polygon", "coordinates": [[[-71.0717808549616, 42.38580580449], [-71.0717808549616, 42.384147503453235], [-71.07013081311473, 42.384147503453235], [-71.07013081311473, 42.38580580449], [-71.0717808549616, 42.38580580449]]]}, "properties": {"priority": 81.89322662353516, "priority_class": "High"}}, {"type": "Feature", "geometry": {"type": "Polygon", "coordinates": [[[-71.07013081311473, 42.38580580449], [-71.07013081311473, 42.384147503453235], [-71.06848077126786, 42.384147503453235], [-71.06848077126786, 42.38580580449], [-71.07013081311473, 42.38580580449]]]}, "properties": {"priority": 81.92733001708984, "priority_class": "High"}}, {"type": "Feature", "geometry": {"type": "Polygon", "coordinates": [[[-71.06848077126786, 42.38580580449], [-71.06848077126786, 42.384147503453235], [-71.06683072942099, 42.384147503453235], [-71.06683072942099, 42.38580580449], [-71.06848077126786, 42.38580580449]]]}, "properties": {"priority": 80.99789428710938, "priority_class": "High"}}, {"type": "Feature", "geometry": {"type": "Polygon", "coordinates": [[[-71.06683072942099, 42.38580580449], [-71.06683072942099, 42.384147503453235], [-71.0651806875741, 42.384147503453235], [-71.0651806875741, 42.38580580449], [-71.06683072942099, 42.38580580449]]]}, "properties": {"priority": 72.70867919921875, "priority_class": "High"}}, {"type": "Feature", "geometry": {"type": "Polygon", "coordinates": [[[-71.0651806875741, 42.38580580449], [-71.0651806875741, 42.384147503453235], [-71.06353064572723, 42.384147503453235], [-71.06353064572723, 42.38580580449], [-71.0651806875741, 42.38580580449]]]}, "properties": {"priority": 61.342002868652344, "priority_class": "Medium"}}, {"type": "Feature", "geometry": {"type": "Polygon", "coordinates": [[[-71.07508093865536, 42.384147503453235], [-71.07508093865536, 42.38248920241648], [-71.07343089680849, 42.38248920241648], [-71.07343089680849, 42.384147503453235], [-71.07508093865536, 42.384147503453235]]]}, "properties": {"priority": 87.4354476928711, "priority_class": "High"}}, {"type": "Feature", "geometry": {"type": "Polygon", "coordinates": [[[-71.07343089680849, 42.384147503453235], [-71.07343089680849, 42.38248920241648], [-71.0717808549616, 42.38248920241648], [-71.0717808549616, 42.384147503453235], [-71.07343089680849, 42.384147503453235]]]}, "properties": {"priority": 83.5535659790039, "priority_class": "High"}}, {"type": "Feature", "geometry": {"type": "Polygon", "coordinates": [[[-71.0717808549616, 42.384147503453235], [-71.0717808549616, 42.38248920241648], [-71.07013081311473, 42.38248920241648], [-71.07013081311473, 42.384147503453235], [-71.0717808549616, 42.384147503453235]]]}, "properties": {"priority": 82.91620635986328, "priority_class": "High"}}, {"type": "Feature", "geometry": {"type": "Polygon", "coordinates": [[[-71.07013081311473, 42.384147503453235], [-71.07013081311473, 42.38248920241648], [-71.06848077126786, 42.38248920241648], [-71.06848077126786, 42.384147503453235], [-71.07013081311473, 42.384147503453235]]]}, "properties": {"priority": 85.7535400390625, "priority_class": "High"}}, {"type": "Feature", "geometry": {"type": "Polygon", "coordinates": [[[-71.06848077126786, 42.384147503453235], [-71.06848077126786, 42.38248920241648], [-71.06683072942099, 42.38248920241648], [-71.06683072942099, 42.384147503453235], [-71.06848077126786, 42.384147503453235]]]}, "properties": {"priority": 82.52516174316406, "priority_class": "High"}}, {"type": "Feature", "geometry": {"type": "Polygon", "coordinates": [[[-71.06683072942099, 42.384147503453235], [-71.06683072942099, 42.38248920241648], [-71.0651806875741, 42.38248920241648], [-71.0651806875741, 42.384147503453235], [-71.06683072942099, 42.384147503453235]]]}, "properties": {"priority": 81.27671813964844, "priority_class": "High"}}, {"type": "Feature", "geometry": {"type": "Polygon", "coordinates": [[[-71.0651806875741, 42.384147503453235], [-71.0651806875741, 42.38248920241648], [-71.06353064572723, 42.38248920241648], [-71.06353064572723, 42.384147503453235], [-71.0651806875741, 42.384147503453235]]]}, "properties": {"priority": 78.38602447509766, "priority_class": "High"}}, {"type": "Feature", "geometry": {"type": "Polygon", "coordinates": [[[-71.06353064572723, 42.384147503453235], [-71.06353064572723, 42.38248920241648], [-71.06188060388035, 42.38248920241648], [-71.06188060388035, 42.384147503453235], [-71.06353064572723, 42.384147503453235]]]}, "properties": {"priority": 77.00663757324219, "priority_class": "High"}}, {"type": "Feature", "geometry": {"type": "Polygon", "coordinates": [[[-71.07343089680849, 42.38248920241648], [-71.07343089680849, 42.380830901379724], [-71.0717808549616, 42.380830901379724], [-71.0717808549616, 42.38248920241648], [-71.07343089680849, 42.38248920241648]]]}, "properties": {"priority": 87.0081787109375, "priority_class": "High"}}, {"type": "Feature", "geometry": {"type": "Polygon", "coordinates": [[[-71.0717808549616, 42.38248920241648], [-71.0717808549616, 42.380830901379724], [-71.07013081311473, 42.380830901379724], [-71.07013081311473, 42.38248920241648], [-71.0717808549616, 42.38248920241648]]]}, "properties": {"priority": 85.25444030761719, "priority_class": "High"}}, {"type": "Feature", "geometry": {"type": "Polygon", "coordinates": [[[-71.07013081311473, 42.38248920241648], [-71.07013081311473, 42.380830901379724], [-71.06848077126786, 42.380830901379724], [-71.06848077126786, 42.38248920241648], [-71.07013081311473, 42.38248920241648]]]}, "properties": {"priority": 86.27407836914062, "priority_class": "High"}}, {"type": "Feature", "geometry": {"type": "Polygon", "coordinates": [[[-71.06848077126786, 42.38248920241648], [-71.06848077126786, 42.380830901379724], [-71.06683072942099, 42.380830901379724], [-71.06683072942099, 42.38248920241648], [-71.06848077126786, 42.38248920241648]]]}, "properties": {"priority": 83.290771484375, "priority_class": "High"}}, {"type": "Feature", "geometry": {"type": "Polygon", "coordinates": [[[-71.06683072942099, 42.38248920241648], [-71.06683072942099, 42.380830901379724], [-71.0651806875741, 42.380830901379724], [-71.0651806875741, 42.38248920241648], [-71.06683072942099, 42.38248920241648]]]}, "properties": {"priority": 82.20935821533203, "priority_class": "High"}}, {"type": "Feature", "geometry": {"type": "Polygon", "coordinates": [[[-71.0651806875741, 42.38248920241648], [-71.0651806875741, 42.380830901379724], [-71.06353064572723, 42.380830901379724], [-71.06353064572723, 42.38248920241648], [-71.0651806875741, 42.38248920241648]]]}, "properties": {"priority": 86.23388671875, "priority_class": "High"}}, {"type": "Feature", "geometry": {"type": "Polygon", "coordinates": [[[-71.06353064572723, 42.38248920241648], [-71.06353064572723, 42.380830901379724], [-71.06188060388035, 42.380830901379724], [-71.06188060388035, 42.38248920241648], [-71.06353064572723, 42.38248920241648]]]}, "properties": {"priority": 89.26611328125, "priority_class": "High"}}, {"type": "Feature", "geometry": {"type": "Polygon", "coordinates": [[[-71.0717808549616, 42.380830901379724], [-71.0717808549616, 42.37917260034296], [-71.07013081311473, 42.37917260034296], [-71.07013081311473, 42.380830901379724], [-71.0717808549616, 42.380830901379724]]]}, "properties": {"priority": 87.79271697998047, "priority_class": "High"}}, {"type": "Feature", "geometry": {"type": "Polygon", "coordinates": [[[-71.07013081311473, 42.380830901379724], [-71.07013081311473, 42.37917260034296], [-71.06848077126786, 42.37917260034296], [-71.06848077126786, 42.380830901379724], [-71.07013081311473, 42.380830901379724]]]}, "properties": {"priority": 87.25611877441406, "priority_class": "High"}}, {"type": "Feature", "geometry": {"type": "Polygon", "coordinates": [[[-71.06848077126786, 42.380830901379724], [-71.06848077126786, 42.37917260034296], [-71.06683072942099, 42.37917260034296], [-71.06683072942099, 42.380830901379724], [-71.06848077126786, 42.380830901379724]]]}, "properties": {"priority": 89.52384185791016, "priority_class": "High"}}, {"type": "Feature", "geometry": {"type": "Polygon", "coordinates": [[[-71.06683072942099, 42.380830901379724], [-71.06683072942099, 42.37917260034296], [-71.0651806875741, 42.37917260034296], [-71.0651806875741, 42.380830901379724], [-71.06683072942099, 42.380830901379724]]]}, "properties": {"priority": 90.70539855957031, "priority_class": "High"}}, {"type": "Feature", "geometry": {"type": "Polygon", "coordinates": [[[-71.0651806875741, 42.380830901379724], [-71.0651806875741, 42.37917260034296], [-71.06353064572723, 42.37917260034296], [-71.06353064572723, 42.380830901379724], [-71.0651806875741, 42.380830901379724]]]}, "properties": {"priority": 93.32611846923828, "priority_class": "High"}}, {"type": "Feature", "geometry": {"type": "Polygon", "coordinates": [[[-71.06353064572723, 42.380830901379724], [-71.06353064572723, 42.37917260034296], [-71.06188060388035, 42.37917260034296], [-71.06188060388035, 42.380830901379724], [-71.06353064572723, 42.380830901379724]]]}, "properties": {"priority": 93.22813415527344, "priority_class": "High"}}, {"type": "Feature", "geometry": {"type": "Polygon", "coordinates": [[[-71.0717808549616, 42.37917260034296], [-71.0717808549616, 42.377514299306206], [-71.07013081311473, 42.377514299306206], [-71.07013081311473, 42.37917260034296], [-71.0717808549616, 42.37917260034296]]]}, "properties": {"priority": 85.71543884277344, "priority_class": "High"}}, {"type": "Feature", "geometry": {"type": "Polygon", "coordinates": [[[-71.07013081311473, 42.37917260034296], [-71.07013081311473, 42.377514299306206], [-71.06848077126786, 42.377514299306206], [-71.06848077126786, 42.37917260034296], [-71.07013081311473, 42.37917260034296]]]}, "properties": {"priority": 87.02765655517578, "priority_class": "High"}}, {"type": "Feature", "geometry": {"type": "Polygon", "coordinates": [[[-71.06848077126786, 42.37917260034296], [-71.06848077126786, 42.377514299306206], [-71.06683072942099, 42.377514299306206], [-71.06683072942099, 42.37917260034296], [-71.06848077126786, 42.37917260034296]]]}, "properties": {"priority": 91.99137878417969, "priority_class": "High"}}, {"type": "Feature", "geometry": {"type": "Polygon", "coordinates": [[[-71.06683072942099, 42.37917260034296], [-71.06683072942099, 42.377514299306206], [-71.0651806875741, 42.377514299306206], [-71.0651806875741, 42.37917260034296], [-71.06683072942099, 42.37917260034296]]]}, "properties": {"priority": 94.12725830078125, "priority_class": "High"}}, {"type": "Feature", "geometry": {"type": "Polygon", "coordinates": [[[-71.0651806875741, 42.37917260034296], [-71.0651806875741, 42.377514299306206], [-71.06353064572723, 42.377514299306206], [-71.06353064572723, 42.37917260034296], [-71.0651806875741, 42.37917260034296]]]}, "properties": {"priority": 94.11009216308594, "priority_class": "High"}}, {"type": "Feature", "geometry": {"type": "Polygon", "coordinates": [[[-71.06353064572723, 42.37917260034296], [-71.06353064572723, 42.377514299306206], [-71.06188060388035, 42.377514299306206], [-71.06188060388035, 42.37917260034296], [-71.06353064572723, 42.37917260034296]]]}, "properties": {"priority": 93.88630676269531, "priority_class": "High"}}, {"type": "Feature", "geometry": {"type": "Polygon", "coordinates": [[[-71.0717808549616, 42.377514299306206], [-71.0717808549616, 42.37585599826945], [-71.07013081311473, 42.37585599826945], [-71.07013081311473, 42.377514299306206], [-71.0717808549616, 42.377514299306206]]]}, "properties": {"priority": 83.87635040283203, "priority_class": "High"}}, {"type": "Feature", "geometry": {"type": "Polygon", "coordinates": [[[-71.07013081311473, 42.377514299306206], [-71.07013081311473, 42.37585599826945], [-71.06848077126786, 42.37585599826945], [-71.06848077126786, 42.377514299306206], [-71.07013081311473, 42.377514299306206]]]}, "properties": {"priority": 88.52357482910156, "priority_class": "High"}}, {"type": "Feature", "geometry": {"type": "Polygon", "coordinates": [[[-71.06848077126786, 42.377514299306206], [-71.06848077126786, 42.37585599826945], [-71.06683072942099, 42.37585599826945], [-71.06683072942099, 42.377514299306206], [-71.06848077126786, 42.377514299306206]]]}, "properties": {"priority": 90.50806427001953, "priority_class": "High"}}, {"type": "Feature", "geometry": {"type": "Polygon", "coordinates": [[[-71.06683072942099, 42.377514299306206], [-71.06683072942099, 42.37585599826945], [-71.0651806875741, 42.37585599826945], [-71.0651806875741, 42.377514299306206], [-71.06683072942099, 42.377514299306206]]]}, "properties": {"priority": 94.79427337646484, "priority_class": "High"}}, {"type": "Feature", "geometry": {"type": "Polygon", "coordinates": [[[-71.0651806875741, 42.377514299306206], [-71.0651806875741, 42.37585599826945], [-71.06353064572723, 42.37585599826945], [-71.06353064572723, 42.377514299306206], [-71.0651806875741, 42.377514299306206]]]}, "properties": {"priority": 94.71908569335938, "priority_class": "High"}}, {"type": "Feature", "geometry": {"type": "Polygon", "coordinates": [[[-71.06353064572723, 42.377514299306206], [-71.06353064572723, 42.37585599826945], [-71.06188060388035, 42.37585599826945], [-71.06188060388035, 42.377514299306206], [-71.06353064572723, 42.377514299306206]]]}, "properties": {"priority": 94.56147766113281, "priority_class": "High"}}, {"type": "Feature", "geometry": {"type": "Polygon", "coordinates": [[[-71.0717808549616, 42.37585599826945], [-71.0717808549616, 42.37419769723269], [-71.07013081311473, 42.37419769723269], [-71.07013081311473, 42.37585599826945], [-71.0717808549616, 42.37585599826945]]]}, "properties": {"priority": 86.19110870361328, "priority_class": "High"}}, {"type": "Feature", "geometry": {"type": "Polygon", "coordinates": [[[-71.07013081311473, 42.37585599826945], [-71.07013081311473, 42.37419769723269], [-71.06848077126786, 42.37419769723269], [-71.06848077126786, 42.37585599826945], [-71.07013081311473, 42.37585599826945]]]}, "properties": {"priority": 88.31195831298828, "priority_class": "High"}}, {"type": "Feature", "geometry": {"type": "Polygon", "coordinates": [[[-71.06848077126786, 42.37585599826945], [-71.06848077126786, 42.37419769723269], [-71.06683072942099, 42.37419769723269], [-71.06683072942099, 42.37585599826945], [-71.06848077126786, 42.37585599826945]]]}, "properties": {"priority": 89.95535278320312, "priority_class": "High"}}, {"type": "Feature", "geometry": {"type": "Polygon", "coordinates": [[[-71.06683072942099, 42.37585599826945], [-71.06683072942099, 42.37419769723269], [-71.0651806875741, 42.37419769723269], [-71.0651806875741, 42.37585599826945], [-71.06683072942099, 42.37585599826945]]]}, "properties": {"priority": 92.68376922607422, "priority_class": "High"}}, {"type": "Feature", "geometry": {"type": "Polygon", "coordinates": [[[-71.0651806875741, 42.37585599826945], [-71.0651806875741, 42.37419769723269], [-71.06353064572723, 42.37419769723269], [-71.06353064572723, 42.37585599826945], [-71.0651806875741, 42.37585599826945]]]}, "properties": {"priority": 95.02635192871094, "priority_class": "High"}}, {"type": "Feature", "geometry": {"type": "Polygon", "coordinates": [[[-71.06353064572723, 42.37585599826945], [-71.06353064572723, 42.37419769723269], [-71.06188060388035, 42.37419769723269], [-71.06188060388035, 42.37585599826945], [-71.06353064572723, 42.37585599826945]]]}, "properties": {"priority": 95.24402618408203, "priority_class": "High"}}, {"type": "Feature", "geometry": {"type": "Polygon", "coordinates": [[[-71.0717808549616, 42.37419769723269], [-71.0717808549616, 42.37253939619593], [-71.07013081311473, 42.37253939619593], [-71.07013081311473, 42.37419769723269], [-71.0717808549616, 42.37419769723269]]]}, "properties": {"priority": 85.51533508300781, "priority_class": "High"}}, {"type": "Feature", "geometry": {"type": "Polygon", "coordinates": [[[-71.07013081311473, 42.37419769723269], [-71.07013081311473, 42.37253939619593], [-71.06848077126786, 42.37253939619593], [-71.06848077126786, 42.37419769723269], [-71.07013081311473, 42.37419769723269]]]}, "properties": {"priority": 85.34237670898438, "priority_class": "High"}}, {"type": "Feature", "geometry": {"type": "Polygon", "coordinates": [[[-71.06848077126786, 42.37419769723269], [-71.06848077126786, 42.37253939619593], [-71.06683072942099, 42.37253939619593], [-71.06683072942099, 42.37419769723269], [-71.06848077126786, 42.37419769723269]]]}, "properties": {"priority": 89.1214370727539, "priority_class": "High"}}, {"type": "Feature", "geometry": {"type": "Polygon", "coordinates": [[[-71.06683072942099, 42.37419769723269], [-71.06683072942099, 42.37253939619593], [-71.0651806875741, 42.37253939619593], [-71.0651806875741, 42.37419769723269], [-71.06683072942099, 42.37419769723269]]]}, "properties": {"priority": 91.30693817138672, "priority_class": "High"}}, {"type": "Feature", "geometry": {"type": "Polygon", "coordinates": [[[-71.0651806875741, 42.37419769723269], [-71.0651806875741, 42.37253939619593], [-71.06353064572723, 42.37253939619593], [-71.06353064572723, 42.37419769723269], [-71.0651806875741, 42.37419769723269]]]}, "properties": {"priority": 90.7293701171875, "priority_class": "High"}}, {"type": "Feature", "geometry": {"type": "Polygon", "coordinates": [[[-71.06353064572723, 42.37419769723269], [-71.06353064572723, 42.37253939619593], [-71.06188060388035, 42.37253939619593], [-71.06188060388035, 42.37419769723269], [-71.06353064572723, 42.37419769723269]]]}, "properties": {"priority": 92.77474212646484, "priority_class": "High"}}, {"type": "Feature", "geometry": {"type": "Polygon", "coordinates": [[[-71.06683072942099, 42.37253939619593], [-71.06683072942099, 42.37088109515918], [-71.0651806875741, 42.37088109515918], [-71.0651806875741, 42.37253939619593], [-71.06683072942099, 42.37253939619593]]]}, "properties": {"priority": 84.45228576660156, "priority_class": "High"}}, {"type": "Feature", "geometry": {"type": "Polygon", "coordinates": [[[-71.0651806875741, 42.37253939619593], [-71.0651806875741, 42.37088109515918], [-71.06353064572723, 42.37088109515918], [-71.06353064572723, 42.37253939619593], [-71.0651806875741, 42.37253939619593]]]}, "properties": {"priority": 85.25743865966797, "priority_class": "High"}}, {"type": "Feature", "geometry": {"type": "Polygon", "coordinates": [[[-71.06353064572723, 42.37253939619593], [-71.06353064572723, 42.37088109515918], [-71.06188060388035, 42.37088109515918], [-71.06188060388035, 42.37253939619593], [-71.06353064572723, 42.37253939619593]]]}, "properties": {"priority": 88.71031188964844, "priority_class": "High"}}, {"type": "Feature", "geometry": {"type": "Polygon", "coordinates": [[[-71.0651806875741, 42.37088109515918], [-71.0651806875741, 42.369222794122415], [-71.06353064572723, 42.369222794122415], [-71.06353064572723, 42.37088109515918], [-71.0651806875741, 42.37088109515918]]]}, "properties": {"priority": 77.20307922363281, "priority_class": "High"}}, {"type": "Feature", "geometry": {"type": "Polygon", "coordinates": [[[-71.06353064572723, 42.37088109515918], [-71.06353064572723, 42.369222794122415], [-71.06188060388035, 42.369222794122415], [-71.06188060388035, 42.37088109515918], [-71.06353064572723, 42.37088109515918]]]}, "properties": {"priority": 79.1462631225586, "priority_class": "High"}}, {"type": "Feature", "geometry": {"type": "Polygon", "coordinates": [[[-71.0651806875741, 42.369222794122415], [-71.0651806875741, 42.36756449308566], [-71.06353064572723, 42.36756449308566], [-71.06353064572723, 42.369222794122415], [-71.0651806875741, 42.369222794122415]]]}, "properties": {"priority": 78.670654296875, "priority_class": "High"}}, {"type": "Feature", "geometry": {"type": "Polygon", "coordinates": [[[-71.07013081311473, 42.36756449308566], [-71.07013081311473, 42.3659061920489], [-71.06848077126786, 42.3659061920489], [-71.06848077126786, 42.36756449308566], [-71.07013081311473, 42.36756449308566]]]}, "properties": {"priority": 72.85372161865234, "priority_class": "High"}}, {"type": "Feature", "geometry": {"type": "Polygon", "coordinates": [[[-71.06848077126786, 42.36756449308566], [-71.06848077126786, 42.3659061920489], [-71.06683072942099, 42.3659061920489], [-71.06683072942099, 42.36756449308566], [-71.06848077126786, 42.36756449308566]]]}, "properties": {"priority": 75.17935943603516, "priority_class": "High"}}, {"type": "Feature", "geometry": {"type": "Polygon", "coordinates": [[[-71.06683072942099, 42.36756449308566], [-71.06683072942099, 42.3659061920489], [-71.0651806875741, 42.3659061920489], [-71.0651806875741, 42.36756449308566], [-71.06683072942099, 42.36756449308566]]]}, "properties": {"priority": 79.82518005371094, "priority_class": "High"}}, {"type": "Feature", "geometry": {"type": "Polygon", "coordinates": [[[-71.0651806875741, 42.36756449308566], [-71.0651806875741, 42.3659061920489], [-71.06353064572723, 42.3659061920489], [-71.06353064572723, 42.36756449308566], [-71.0651806875741, 42.36756449308566]]]}, "properties": {"priority": 82.4307861328125, "priority_class": "High"}}, {"type": "Feature", "geometry": {"type": "Polygon", "coordinates": [[[-71.06353064572723, 42.36756449308566], [-71.06353064572723, 42.3659061920489], [-71.06188060388035, 42.3659061920489], [-71.06188060388035, 42.36756449308566], [-71.06353064572723, 42.36756449308566]]]}, "properties": {"priority": 77.77926635742188, "priority_class": "High"}}, {"type": "Feature", "geometry": {"type": "Polygon", "coordinates": [[[-71.07013081311473, 42.3659061920489], [-71.07013081311473, 42.36424789101214], [-71.06848077126786, 42.36424789101214], [-71.06848077126786, 42.3659061920489], [-71.07013081311473, 42.3659061920489]]]}, "properties": {"priority": 73.54007720947266, "priority_class": "High"}}, {"type": "Feature", "geometry": {"type": "Polygon", "coordinates": [[[-71.06848077126786, 42.3659061920489], [-71.06848077126786, 42.36424789101214], [-71.06683072942099, 42.36424789101214], [-71.06683072942099, 42.3659061920489], [-71.06848077126786, 42.3659061920489]]]}, "properties": {"priority": 76.7593994140625, "priority_class": "High"}}, {"type": "Feature", "geometry": {"type": "Polygon", "coordinates": [[[-71.06683072942099, 42.3659061920489], [-71.06683072942099, 42.36424789101214], [-71.0651806875741, 42.36424789101214], [-71.0651806875741, 42.3659061920489], [-71.06683072942099, 42.3659061920489]]]}, "properties": {"priority": 75.69287872314453, "priority_class": "High"}}, {"type": "Feature", "geometry": {"type": "Polygon", "coordinates": [[[-71.0651806875741, 42.3659061920489], [-71.0651806875741, 42.36424789101214], [-71.06353064572723, 42.36424789101214], [-71.06353064572723, 42.3659061920489], [-71.0651806875741, 42.3659061920489]]]}, "properties": {"priority": 79.65574645996094, "priority_class": "High"}}, {"type": "Feature", "geometry": {"type": "Polygon", "coordinates": [[[-71.06353064572723, 42.3659061920489], [-71.06353064572723, 42.36424789101214], [-71.06188060388035, 42.36424789101214], [-71.06188060388035, 42.3659061920489], [-71.06353064572723, 42.3659061920489]]]}, "properties": {"priority": 85.69770050048828, "priority_class": "High"}}, {"type": "Feature", "geometry": {"type": "Polygon", "coordinates": [[[-71.0717808549616, 42.36424789101214], [-71.0717808549616, 42.362589589975386], [-71.07013081311473, 42.362589589975386], [-71.07013081311473, 42.36424789101214], [-71.0717808549616, 42.36424789101214]]]}, "properties": {"priority": 74.24557495117188, "priority_class": "High"}}, {"type": "Feature", "geometry": {"type": "Polygon", "coordinates": [[[-71.07013081311473, 42.36424789101214], [-71.07013081311473, 42.362589589975386], [-71.06848077126786, 42.362589589975386], [-71.06848077126786, 42.36424789101214], [-71.07013081311473, 42.36424789101214]]]}, "properties": {"priority": 82.56623840332031, "priority_class": "High"}}, {"type": "Feature", "geometry": {"type": "Polygon", "coordinates": [[[-71.06848077126786, 42.36424789101214], [-71.06848077126786, 42.362589589975386], [-71.06683072942099, 42.362589589975386], [-71.06683072942099, 42.36424789101214], [-71.06848077126786, 42.36424789101214]]]}, "properties": {"priority": 85.85973358154297, "priority_class": "High"}}, {"type": "Feature", "geometry": {"type": "Polygon", "coordinates": [[[-71.06683072942099, 42.36424789101214], [-71.06683072942099, 42.362589589975386], [-71.0651806875741, 42.362589589975386], [-71.0651806875741, 42.36424789101214], [-71.06683072942099, 42.36424789101214]]]}, "properties": {"priority": 80.56210327148438, "priority_class": "High"}}, {"type": "Feature", "geometry": {"type": "Polygon", "coordinates": [[[-71.0651806875741, 42.36424789101214], [-71.0651806875741, 42.362589589975386], [-71.06353064572723, 42.362589589975386], [-71.06353064572723, 42.36424789101214], [-71.0651806875741, 42.36424789101214]]]}, "properties": {"priority": 82.74586486816406, "priority_class": "High"}}, {"type": "Feature", "geometry": {"type": "Polygon", "coordinates": [[[-71.06353064572723, 42.36424789101214], [-71.06353064572723, 42.362589589975386], [-71.06188060388035, 42.362589589975386], [-71.06188060388035, 42.36424789101214], [-71.06353064572723, 42.36424789101214]]]}, "properties": {"priority": 88.97146606445312, "priority_class": "High"}}, {"type": "Feature", "geometry": {"type": "Polygon", "coordinates": [[[-71.0717808549616, 42.362589589975386], [-71.0717808549616, 42.36093128893862], [-71.07013081311473, 42.36093128893862], [-71.07013081311473, 42.362589589975386], [-71.0717808549616, 42.362589589975386]]]}, "properties": {"priority": 81.86782836914062, "priority_class": "High"}}, {"type": "Feature", "geometry": {"type": "Polygon", "coordinates": [[[-71.07013081311473, 42.362589589975386], [-71.07013081311473, 42.36093128893862], [-71.06848077126786, 42.36093128893862], [-71.06848077126786, 42.362589589975386], [-71.07013081311473, 42.362589589975386]]]}, "properties": {"priority": 88.16036987304688, "priority_class": "High"}}, {"type": "Feature", "geometry": {"type": "Polygon", "coordinates": [[[-71.06848077126786, 42.362589589975386], [-71.06848077126786, 42.36093128893862], [-71.06683072942099, 42.36093128893862], [-71.06683072942099, 42.362589589975386], [-71.06848077126786, 42.362589589975386]]]}, "properties": {"priority": 92.70359802246094, "priority_class": "High"}}, {"type": "Feature", "geometry": {"type": "Polygon", "coordinates": [[[-71.06683072942099, 42.362589589975386], [-71.06683072942099, 42.36093128893862], [-71.0651806875741, 42.36093128893862], [-71.0651806875741, 42.362589589975386], [-71.06683072942099, 42.362589589975386]]]}, "properties": {"priority": 93.03800964355469, "priority_class": "High"}}, {"type": "Feature", "geometry": {"type": "Polygon", "coordinates": [[[-71.0651806875741, 42.362589589975386], [-71.0651806875741, 42.36093128893862], [-71.06353064572723, 42.36093128893862], [-71.06353064572723, 42.362589589975386], [-71.0651806875741, 42.362589589975386]]]}, "properties": {"priority": 91.44922637939453, "priority_class": "High"}}, {"type": "Feature", "geometry": {"type": "Polygon", "coordinates": [[[-71.06353064572723, 42.362589589975386], [-71.06353064572723, 42.36093128893862], [-71.06188060388035, 42.36093128893862], [-71.06188060388035, 42.362589589975386], [-71.06353064572723, 42.362589589975386]]]}, "properties": {"priority": 89.16584014892578, "priority_class": "High"}}, {"type": "Feature", "geometry": {"type": "Polygon", "coordinates": [[[-71.0717808549616, 42.36093128893862], [-71.0717808549616, 42.35927298790187], [-71.07013081311473, 42.35927298790187], [-71.07013081311473, 42.36093128893862], [-71.0717808549616, 42.36093128893862]]]}, "properties": {"priority": 88.3289566040039, "priority_class": "High"}}, {"type": "Feature", "geometry": {"type": "Polygon", "coordinates": [[[-71.07013081311473, 42.36093128893862], [-71.07013081311473, 42.35927298790187], [-71.06848077126786, 42.35927298790187], [-71.06848077126786, 42.36093128893862], [-71.07013081311473, 42.36093128893862]]]}, "properties": {"priority": 91.14702606201172, "priority_class": "High"}}, {"type": "Feature", "geometry": {"type": "Polygon", "coordinates": [[[-71.06848077126786, 42.36093128893862], [-71.06848077126786, 42.35927298790187], [-71.06683072942099, 42.35927298790187], [-71.06683072942099, 42.36093128893862], [-71.06848077126786, 42.36093128893862]]]}, "properties": {"priority": 91.97261047363281, "priority_class": "High"}}, {"type": "Feature", "geometry": {"type": "Polygon", "coordinates": [[[-71.06683072942099, 42.36093128893862], [-71.06683072942099, 42.35927298790187], [-71.0651806875741, 42.35927298790187], [-71.0651806875741, 42.36093128893862], [-71.06683072942099, 42.36093128893862]]]}, "properties": {"priority": 92.26944732666016, "priority_class": "High"}}, {"type": "Feature", "geometry": {"type": "Polygon", "coordinates": [[[-71.0651806875741, 42.36093128893862], [-71.0651806875741, 42.35927298790187], [-71.06353064572723, 42.35927298790187], [-71.06353064572723, 42.36093128893862], [-71.0651806875741, 42.36093128893862]]]}, "properties": {"priority": 92.59081268310547, "priority_class": "High"}}, {"type": "Feature", "geometry": {"type": "Polygon", "coordinates": [[[-71.06353064572723, 42.36093128893862], [-71.06353064572723, 42.35927298790187], [-71.06188060388035, 42.35927298790187], [-71.06188060388035, 42.36093128893862], [-71.06353064572723, 42.36093128893862]]]}, "properties": {"priority": 85.29127502441406, "priority_class": "High"}}, {"type": "Feature", "geometry": {"type": "Polygon", "coordinates": [[[-71.0717808549616, 42.35927298790187], [-71.0717808549616, 42.35761468686511], [-71.07013081311473, 42.35761468686511], [-71.07013081311473, 42.35927298790187], [-71.0717808549616, 42.35927298790187]]]}, "properties": {"priority": 89.22693634033203, "priority_class": "High"}}, {"type": "Feature", "geometry": {"type": "Polygon", "coordinates": [[[-71.07013081311473, 42.35927298790187], [-71.07013081311473, 42.35761468686511], [-71.06848077126786, 42.35761468686511], [-71.06848077126786, 42.35927298790187], [-71.07013081311473, 42.35927298790187]]]}, "properties": {"priority": 85.26023864746094, "priority_class": "High"}}, {"type": "Feature", "geometry": {"type": "Polygon", "coordinates": [[[-71.06848077126786, 42.35927298790187], [-71.06848077126786, 42.35761468686511], [-71.06683072942099, 42.35761468686511], [-71.06683072942099, 42.35927298790187], [-71.06848077126786, 42.35927298790187]]]}, "properties": {"priority": 83.20545959472656, "priority_class": "High"}}, {"type": "Feature", "geometry": {"type": "Polygon", "coordinates": [[[-71.06683072942099, 42.35927298790187], [-71.06683072942099, 42.35761468686511], [-71.0651806875741, 42.35761468686511], [-71.0651806875741, 42.35927298790187], [-71.06683072942099, 42.35927298790187]]]}, "properties": {"priority": 84.81748962402344, "priority_class": "High"}}, {"type": "Feature", "geometry": {"type": "Polygon", "coordinates": [[[-71.0651806875741, 42.35927298790187], [-71.0651806875741, 42.35761468686511], [-71.06353064572723, 42.35761468686511], [-71.06353064572723, 42.35927298790187], [-71.0651806875741, 42.35927298790187]]]}, "properties": {"priority": 83.94947814941406, "priority_class": "High"}}, {"type": "Feature", "geometry": {"type": "Polygon", "coordinates": [[[-71.06353064572723, 42.35927298790187], [-71.06353064572723, 42.35761468686511], [-71.06188060388035, 42.35761468686511], [-71.06188060388035, 42.35927298790187], [-71.06353064572723, 42.35927298790187]]]}, "properties": {"priority": 79.74855041503906, "priority_class": "High"}}, {"type": "Feature", "geometry": {"type": "Polygon", "coordinates": [[[-71.0717808549616, 42.35761468686511], [-71.0717808549616, 42.35595638582835], [-71.07013081311473, 42.35595638582835], [-71.07013081311473, 42.35761468686511], [-71.0717808549616, 42.35761468686511]]]}, "properties": {"priority": 84.54032897949219, "priority_class": "High"}}, {"type": "Feature", "geometry": {"type": "Polygon", "coordinates": [[[-71.07013081311473, 42.35761468686511], [-71.07013081311473, 42.35595638582835], [-71.06848077126786, 42.35595638582835], [-71.06848077126786, 42.35761468686511], [-71.07013081311473, 42.35761468686511]]]}, "properties": {"priority": 80.75775146484375, "priority_class": "High"}}, {"type": "Feature", "geometry": {"type": "Polygon", "coordinates": [[[-71.06848077126786, 42.35761468686511], [-71.06848077126786, 42.35595638582835], [-71.06683072942099, 42.35595638582835], [-71.06683072942099, 42.35761468686511], [-71.06848077126786, 42.35761468686511]]]}, "properties": {"priority": 76.68161010742188, "priority_class": "High"}}, {"type": "Feature", "geometry": {"type": "Polygon", "coordinates": [[[-71.06683072942099, 42.35761468686511], [-71.06683072942099, 42.35595638582835], [-71.0651806875741, 42.35595638582835], [-71.0651806875741, 42.35761468686511], [-71.06683072942099, 42.35761468686511]]]}, "properties": {"priority": 72.79639434814453, "priority_class": "High"}}, {"type": "Feature", "geometry": {"type": "Polygon", "coordinates": [[[-71.0651806875741, 42.35761468686511], [-71.0651806875741, 42.35595638582835], [-71.06353064572723, 42.35595638582835], [-71.06353064572723, 42.35761468686511], [-71.0651806875741, 42.35761468686511]]]}, "properties": {"priority": 70.69400787353516, "priority_class": "High"}}, {"type": "Feature", "geometry": {"type": "Polygon", "coordinates": [[[-71.06353064572723, 42.35761468686511], [-71.06353064572723, 42.35595638582835], [-71.06188060388035, 42.35595638582835], [-71.06188060388035, 42.35761468686511], [-71.06353064572723, 42.35761468686511]]]}, "properties": {"priority": 76.89179229736328, "priority_class": "High"}}, {"type": "Feature", "geometry": {"type": "Polygon", "coordinates": [[[-71.06188060388035, 42.35761468686511], [-71.06188060388035, 42.35595638582835], [-71.06023056203348, 42.35595638582835], [-71.06023056203348, 42.35761468686511], [-71.06188060388035, 42.35761468686511]]]}, "properties": {"priority": 85.68321228027344, "priority_class": "High"}}, {"type": "Feature", "geometry": {"type": "Polygon", "coordinates": [[[-71.0717808549616, 42.35595638582835], [-71.0717808549616, 42.354298084791594], [-71.07013081311473, 42.354298084791594], [-71.07013081311473, 42.35595638582835], [-71.0717808549616, 42.35595638582835]]]}, "properties": {"priority": 68.95262145996094, "priority_class": "Medium"}}, {"type": "Feature", "geometry": {"type": "Polygon", "coordinates": [[[-71.07013081311473, 42.35595638582835], [-71.07013081311473, 42.354298084791594], [-71.06848077126786, 42.354298084791594], [-71.06848077126786, 42.35595638582835], [-71.07013081311473, 42.35595638582835]]]}, "properties": {"priority": 65.58280944824219, "priority_class": "Medium"}}, {"type": "Feature", "geometry": {"type": "Polygon", "coordinates": [[[-71.06848077126786, 42.35595638582835], [-71.06848077126786, 42.354298084791594], [-71.06683072942099, 42.354298084791594], [-71.06683072942099, 42.35595638582835], [-71.06848077126786, 42.35595638582835]]]}, "properties": {"priority": 67.78690338134766, "priority_class": "Medium"}}, {"type": "Feature", "geometry": {"type": "Polygon", "coordinates": [[[-71.06683072942099, 42.35595638582835], [-71.06683072942099, 42.354298084791594], [-71.0651806875741, 42.354298084791594], [-71.0651806875741, 42.35595638582835], [-71.06683072942099, 42.35595638582835]]]}, "properties": {"priority": 65.14850616455078, "priority_class": "Medium"}}, {"type": "Feature", "geometry": {"type": "Polygon", "coordinates": [[[-71.0651806875741, 42.35595638582835], [-71.0651806875741, 42.354298084791594], [-71.06353064572723, 42.354298084791594], [-71.06353064572723, 42.35595638582835], [-71.0651806875741, 42.35595638582835]]]}, "properties": {"priority": 67.78929138183594, "priority_class": "Medium"}}, {"type": "Feature", "geometry": {"type": "Polygon", "coordinates": [[[-71.06353064572723, 42.35595638582835], [-71.06353064572723, 42.354298084791594], [-71.06188060388035, 42.354298084791594], [-71.06188060388035, 42.35595638582835], [-71.06353064572723, 42.35595638582835]]]}, "properties": {"priority": 82.79133605957031, "priority_class": "High"}}, {"type": "Feature", "geometry": {"type": "Polygon", "coordinates": [[[-71.06188060388035, 42.35595638582835], [-71.06188060388035, 42.354298084791594], [-71.06023056203348, 42.354298084791594], [-71.06023056203348, 42.35595638582835], [-71.06188060388035, 42.35595638582835]]]}, "properties": {"priority": 89.91735076904297, "priority_class": "High"}}, {"type": "Feature", "geometry": {"type": "Polygon", "coordinates": [[[-71.0717808549616, 42.354298084791594], [-71.0717808549616, 42.35263978375484], [-71.07013081311473, 42.35263978375484], [-71.07013081311473, 42.354298084791594], [-71.0717808549616, 42.354298084791594]]]}, "properties": {"priority": 66.937255859375, "priority_class": "Medium"}}, {"type": "Feature", "geometry": {"type": "Polygon", "coordinates": [[[-71.07013081311473, 42.354298084791594], [-71.07013081311473, 42.35263978375484], [-71.06848077126786, 42.35263978375484], [-71.06848077126786, 42.354298084791594], [-71.07013081311473, 42.354298084791594]]]}, "properties": {"priority": 62.72652053833008, "priority_class": "Medium"}}, {"type": "Feature", "geometry": {"type": "Polygon", "coordinates": [[[-71.06848077126786, 42.354298084791594], [-71.06848077126786, 42.35263978375484], [-71.06683072942099, 42.35263978375484], [-71.06683072942099, 42.354298084791594], [-71.06848077126786, 42.354298084791594]]]}, "properties": {"priority": 67.35103607177734, "priority_class": "Medium"}}, {"type": "Feature", "geometry": {"type": "Polygon", "coordinates": [[[-71.06683072942099, 42.354298084791594], [-71.06683072942099, 42.35263978375484], [-71.0651806875741, 42.35263978375484], [-71.0651806875741, 42.354298084791594], [-71.06683072942099, 42.354298084791594]]]}, "properties": {"priority": 67.94318389892578, "priority_class": "Medium"}}, {"type": "Feature", "geometry": {"type": "Polygon", "coordinates": [[[-71.0651806875741, 42.354298084791594], [-71.0651806875741, 42.35263978375484], [-71.06353064572723, 42.35263978375484], [-71.06353064572723, 42.354298084791594], [-71.0651806875741, 42.354298084791594]]]}, "properties": {"priority": 69.82780456542969, "priority_class": "Medium"}}, {"type": "Feature", "geometry": {"type": "Polygon", "coordinates": [[[-71.06353064572723, 42.354298084791594], [-71.06353064572723, 42.35263978375484], [-71.06188060388035, 42.35263978375484], [-71.06188060388035, 42.354298084791594], [-71.06353064572723, 42.354298084791594]]]}, "properties": {"priority": 80.04743194580078, "priority_class": "High"}}, {"type": "Feature", "geometry": {"type": "Polygon", "coordinates": [[[-71.06188060388035, 42.354298084791594], [-71.06188060388035, 42.35263978375484], [-71.06023056203348, 42.35263978375484], [-71.06023056203348, 42.354298084791594], [-71.06188060388035, 42.354298084791594]]]}, "properties": {"priority": 88.15254211425781, "priority_class": "High"}}, {"type": "Feature", "geometry": {"type": "Polygon", "coordinates": [[[-71.0717808549616, 42.35263978375484], [-71.0717808549616, 42.350981482718076], [-71.07013081311473, 42.350981482718076], [-71.07013081311473, 42.35263978375484], [-71.0717808549616, 42.35263978375484]]]}, "properties": {"priority": 77.40550994873047, "priority_class": "High"}}, {"type": "Feature", "geometry": {"type": "Polygon", "coordinates": [[[-71.07013081311473, 42.35263978375484], [-71.07013081311473, 42.350981482718076], [-71.06848077126786, 42.350981482718076], [-71.06848077126786, 42.35263978375484], [-71.07013081311473, 42.35263978375484]]]}, "properties": {"priority": 72.26081848144531, "priority_class": "High"}}, {"type": "Feature", "geometry": {"type": "Polygon", "coordinates": [[[-71.06848077126786, 42.35263978375484], [-71.06848077126786, 42.350981482718076], [-71.06683072942099, 42.350981482718076], [-71.06683072942099, 42.35263978375484], [-71.06848077126786, 42.35263978375484]]]}, "properties": {"priority": 72.57764434814453, "priority_class": "High"}}, {"type": "Feature", "geometry": {"type": "Polygon", "coordinates": [[[-71.06683072942099, 42.35263978375484], [-71.06683072942099, 42.350981482718076], [-71.0651806875741, 42.350981482718076], [-71.0651806875741, 42.35263978375484], [-71.06683072942099, 42.35263978375484]]]}, "properties": {"priority": 74.79086303710938, "priority_class": "High"}}, {"type": "Feature", "geometry": {"type": "Polygon", "coordinates": [[[-71.0651806875741, 42.35263978375484], [-71.0651806875741, 42.350981482718076], [-71.06353064572723, 42.350981482718076], [-71.06353064572723, 42.35263978375484], [-71.0651806875741, 42.35263978375484]]]}, "properties": {"priority": 75.90092468261719, "priority_class": "High"}}, {"type": "Feature", "geometry": {"type": "Polygon", "coordinates": [[[-71.06353064572723, 42.35263978375484], [-71.06353064572723, 42.350981482718076], [-71.06188060388035, 42.350981482718076], [-71.06188060388035, 42.35263978375484], [-71.06353064572723, 42.35263978375484]]]}, "properties": {"priority": 81.83860778808594, "priority_class": "High"}}, {"type": "Feature", "geometry": {"type": "Polygon", "coordinates": [[[-71.06188060388035, 42.35263978375484], [-71.06188060388035, 42.350981482718076], [-71.06023056203348, 42.350981482718076], [-71.06023056203348, 42.35263978375484], [-71.06188060388035, 42.35263978375484]]]}, "properties": {"priority": 89.30413818359375, "priority_class": "High"}}, {"type": "Feature", "geometry": {"type": "Polygon", "coordinates": [[[-71.0717808549616, 42.350981482718076], [-71.0717808549616, 42.34932318168132], [-71.07013081311473, 42.34932318168132], [-71.07013081311473, 42.350981482718076], [-71.0717808549616, 42.350981482718076]]]}, "properties": {"priority": 80.08319091796875, "priority_class": "High"}}, {"type": "Feature", "geometry": {"type": "Polygon", "coordinates": [[[-71.07013081311473, 42.350981482718076], [-71.07013081311473, 42.34932318168132], [-71.06848077126786, 42.34932318168132], [-71.06848077126786, 42.350981482718076], [-71.07013081311473, 42.350981482718076]]]}, "properties": {"priority": 80.07737731933594, "priority_class": "High"}}, {"type": "Feature", "geometry": {"type": "Polygon", "coordinates": [[[-71.06848077126786, 42.350981482718076], [-71.06848077126786, 42.34932318168132], [-71.06683072942099, 42.34932318168132], [-71.06683072942099, 42.350981482718076], [-71.06848077126786, 42.350981482718076]]]}, "properties": {"priority": 78.82343292236328, "priority_class": "High"}}, {"type": "Feature", "geometry": {"type": "Polygon", "coordinates": [[[-71.06683072942099, 42.350981482718076], [-71.06683072942099, 42.34932318168132], [-71.0651806875741, 42.34932318168132], [-71.0651806875741, 42.350981482718076], [-71.06683072942099, 42.350981482718076]]]}, "properties": {"priority": 79.07040405273438, "priority_class": "High"}}, {"type": "Feature", "geometry": {"type": "Polygon", "coordinates": [[[-71.0651806875741, 42.350981482718076], [-71.0651806875741, 42.34932318168132], [-71.06353064572723, 42.34932318168132], [-71.06353064572723, 42.350981482718076], [-71.0651806875741, 42.350981482718076]]]}, "properties": {"priority": 78.64993286132812, "priority_class": "High"}}, {"type": "Feature", "geometry": {"type": "Polygon", "coordinates": [[[-71.06353064572723, 42.350981482718076], [-71.06353064572723, 42.34932318168132], [-71.06188060388035, 42.34932318168132], [-71.06188060388035, 42.350981482718076], [-71.06353064572723, 42.350981482718076]]]}, "properties": {"priority": 81.79611206054688, "priority_class": "High"}}, {"type": "Feature", "geometry": {"type": "Polygon", "coordinates": [[[-71.06188060388035, 42.350981482718076], [-71.06188060388035, 42.34932318168132], [-71.06023056203348, 42.34932318168132], [-71.06023056203348, 42.350981482718076], [-71.06188060388035, 42.350981482718076]]]}, "properties": {"priority": 84.45098114013672, "priority_class": "High"}}, {"type": "Feature", "geometry": {"type": "Polygon", "coordinates": [[[-71.07013081311473, 42.34932318168132], [-71.07013081311473, 42.34766488064456], [-71.06848077126786, 42.34766488064456], [-71.06848077126786, 42.34932318168132], [-71.07013081311473, 42.34932318168132]]]}, "properties": {"priority": 84.4816665649414, "priority_class": "High"}}, {"type": "Feature", "geometry": {"type": "Polygon", "coordinates": [[[-71.06848077126786, 42.34932318168132], [-71.06848077126786, 42.34766488064456], [-71.06683072942099, 42.34766488064456], [-71.06683072942099, 42.34932318168132], [-71.06848077126786, 42.34932318168132]]]}, "properties": {"priority": 83.75642395019531, "priority_class": "High"}}, {"type": "Feature", "geometry": {"type": "Polygon", "coordinates": [[[-71.06683072942099, 42.34932318168132], [-71.06683072942099, 42.34766488064456], [-71.0651806875741, 42.34766488064456], [-71.0651806875741, 42.34932318168132], [-71.06683072942099, 42.34932318168132]]]}, "properties": {"priority": 80.97854614257812, "priority_class": "High"}}, {"type": "Feature", "geometry": {"type": "Polygon", "coordinates": [[[-71.0651806875741, 42.34932318168132], [-71.0651806875741, 42.34766488064456], [-71.06353064572723, 42.34766488064456], [-71.06353064572723, 42.34932318168132], [-71.0651806875741, 42.34932318168132]]]}, "properties": {"priority": 79.89706420898438, "priority_class": "High"}}, {"type": "Feature", "geometry": {"type": "Polygon", "coordinates": [[[-71.06353064572723, 42.34932318168132], [-71.06353064572723, 42.34766488064456], [-71.06188060388035, 42.34766488064456], [-71.06188060388035, 42.34932318168132], [-71.06353064572723, 42.34932318168132]]]}, "properties": {"priority": 81.49421691894531, "priority_class": "High"}}, {"type": "Feature", "geometry": {"type": "Polygon", "coordinates": [[[-71.06188060388035, 42.34932318168132], [-71.06188060388035, 42.34766488064456], [-71.06023056203348, 42.34766488064456], [-71.06023056203348, 42.34932318168132], [-71.06188060388035, 42.34932318168132]]]}, "properties": {"priority": 80.67695617675781, "priority_class": "High"}}, {"type": "Feature", "geometry": {"type": "Polygon", "coordinates": [[[-71.07013081311473, 42.34766488064456], [-71.07013081311473, 42.3460065796078], [-71.06848077126786, 42.3460065796078], [-71.06848077126786, 42.34766488064456], [-71.07013081311473, 42.34766488064456]]]}, "properties": {"priority": 79.3393783569336, "priority_class": "High"}}, {"type": "Feature", "geometry": {"type": "Polygon", "coordinates": [[[-71.06848077126786, 42.34766488064456], [-71.06848077126786, 42.3460065796078], [-71.06683072942099, 42.3460065796078], [-71.06683072942099, 42.34766488064456], [-71.06848077126786, 42.34766488064456]]]}, "properties": {"priority": 76.83182525634766, "priority_class": "High"}}, {"type": "Feature", "geometry": {"type": "Polygon", "coordinates": [[[-71.06683072942099, 42.34766488064456], [-71.06683072942099, 42.3460065796078], [-71.0651806875741, 42.3460065796078], [-71.0651806875741, 42.34766488064456], [-71.06683072942099, 42.34766488064456]]]}, "properties": {"priority": 79.98056030273438, "priority_class": "High"}}, {"type": "Feature", "geometry": {"type": "Polygon", "coordinates": [[[-71.0651806875741, 42.34766488064456], [-71.0651806875741, 42.3460065796078], [-71.06353064572723, 42.3460065796078], [-71.06353064572723, 42.34766488064456], [-71.0651806875741, 42.34766488064456]]]}, "properties": {"priority": 80.53295135498047, "priority_class": "High"}}, {"type": "Feature", "geometry": {"type": "Polygon", "coordinates": [[[-71.06353064572723, 42.34766488064456], [-71.06353064572723, 42.3460065796078], [-71.06188060388035, 42.3460065796078], [-71.06188060388035, 42.34766488064456], [-71.06353064572723, 42.34766488064456]]]}, "properties": {"priority": 79.04427337646484, "priority_class": "High"}}, {"type": "Feature", "geometry": {"type": "Polygon", "coordinates": [[[-71.06188060388035, 42.34766488064456], [-71.06188060388035, 42.3460065796078], [-71.06023056203348, 42.3460065796078], [-71.06023056203348, 42.34766488064456], [-71.06188060388035, 42.34766488064456]]]}, "properties": {"priority": 76.24000549316406, "priority_class": "High"}}, {"type": "Feature", "geometry": {"type": "Polygon", "coordinates": [[[-71.07013081311473, 42.3460065796078], [-71.07013081311473, 42.34434827857105], [-71.06848077126786, 42.34434827857105], [-71.06848077126786, 42.3460065796078], [-71.07013081311473, 42.3460065796078]]]}, "properties": {"priority": 75.1607894897461, "priority_class": "High"}}, {"type": "Feature", "geometry": {"type": "Polygon", "coordinates": [[[-71.06848077126786, 42.3460065796078], [-71.06848077126786, 42.34434827857105], [-71.06683072942099, 42.34434827857105], [-71.06683072942099, 42.3460065796078], [-71.06848077126786, 42.3460065796078]]]}, "properties": {"priority": 72.86235046386719, "priority_class": "High"}}, {"type": "Feature", "geometry": {"type": "Polygon", "coordinates": [[[-71.06683072942099, 42.3460065796078], [-71.06683072942099, 42.34434827857105], [-71.0651806875741, 42.34434827857105], [-71.0651806875741, 42.3460065796078], [-71.06683072942099, 42.3460065796078]]]}, "properties": {"priority": 82.67008209228516, "priority_class": "High"}}, {"type": "Feature", "geometry": {"type": "Polygon", "coordinates": [[[-71.0651806875741, 42.3460065796078], [-71.0651806875741, 42.34434827857105], [-71.06353064572723, 42.34434827857105], [-71.06353064572723, 42.3460065796078], [-71.0651806875741, 42.3460065796078]]]}, "properties": {"priority": 80.16744995117188, "priority_class": "High"}}, {"type": "Feature", "geometry": {"type": "Polygon", "coordinates": [[[-71.06353064572723, 42.3460065796078], [-71.06353064572723, 42.34434827857105], [-71.06188060388035, 42.34434827857105], [-71.06188060388035, 42.3460065796078], [-71.06353064572723, 42.3460065796078]]]}, "properties": {"priority": 77.30890655517578, "priority_class": "High"}}, {"type": "Feature", "geometry": {"type": "Polygon", "coordinates": [[[-71.06188060388035, 42.3460065796078], [-71.06188060388035, 42.34434827857105], [-71.06023056203348, 42.34434827857105], [-71.06023056203348, 42.3460065796078], [-71.06188060388035, 42.3460065796078]]]}, "properties": {"priority": 74.04472351074219, "priority_class": "High"}}, {"type": "Feature", "geometry": {"type": "Polygon", "coordinates": [[[-71.07013081311473, 42.34434827857105], [-71.07013081311473, 42.342689977534285], [-71.06848077126786, 42.342689977534285], [-71.06848077126786, 42.34434827857105], [-71.07013081311473, 42.34434827857105]]]}, "properties": {"priority": 78.916015625, "priority_class": "High"}}, {"type": "Feature", "geometry": {"type": "Polygon", "coordinates": [[[-71.06848077126786, 42.34434827857105], [-71.06848077126786, 42.342689977534285], [-71.06683072942099, 42.342689977534285], [-71.06683072942099, 42.34434827857105], [-71.06848077126786, 42.34434827857105]]]}, "properties": {"priority": 77.47116088867188, "priority_class": "High"}}, {"type": "Feature", "geometry": {"type": "Polygon", "coordinates": [[[-71.06683072942099, 42.34434827857105], [-71.06683072942099, 42.342689977534285], [-71.0651806875741, 42.342689977534285], [-71.0651806875741, 42.34434827857105], [-71.06683072942099, 42.34434827857105]]]}, "properties": {"priority": 83.25867462158203, "priority_class": "High"}}, {"type": "Feature", "geometry": {"type": "Polygon", "coordinates": [[[-71.0651806875741, 42.34434827857105], [-71.0651806875741, 42.342689977534285], [-71.06353064572723, 42.342689977534285], [-71.06353064572723, 42.34434827857105], [-71.0651806875741, 42.34434827857105]]]}, "properties": {"priority": 83.6971664428711, "priority_class": "High"}}, {"type": "Feature", "geometry": {"type": "Polygon", "coordinates": [[[-71.06353064572723, 42.34434827857105], [-71.06353064572723, 42.342689977534285], [-71.06188060388035, 42.342689977534285], [-71.06188060388035, 42.34434827857105], [-71.06353064572723, 42.34434827857105]]]}, "properties": {"priority": 76.90097045898438, "priority_class": "High"}}, {"type": "Feature", "geometry": {"type": "Polygon", "coordinates": [[[-71.06188060388035, 42.34434827857105], [-71.06188060388035, 42.342689977534285], [-71.06023056203348, 42.342689977534285], [-71.06023056203348, 42.34434827857105], [-71.06188060388035, 42.34434827857105]]]}, "properties": {"priority": 74.77925109863281, "priority_class": "High"}}, {"type": "Feature", "geometry": {"type": "Polygon", "coordinates": [[[-71.07013081311473, 42.342689977534285], [-71.07013081311473, 42.34103167649753], [-71.06848077126786, 42.34103167649753], [-71.06848077126786, 42.342689977534285], [-71.07013081311473, 42.342689977534285]]]}, "properties": {"priority": 82.9809341430664, "priority_class": "High"}}, {"type": "Feature", "geometry": {"type": "Polygon", "coordinates": [[[-71.06848077126786, 42.342689977534285], [-71.06848077126786, 42.34103167649753], [-71.06683072942099, 42.34103167649753], [-71.06683072942099, 42.342689977534285], [-71.06848077126786, 42.342689977534285]]]}, "properties": {"priority": 84.6278076171875, "priority_class": "High"}}, {"type": "Feature", "geometry": {"type": "Polygon", "coordinates": [[[-71.06683072942099, 42.342689977534285], [-71.06683072942099, 42.34103167649753], [-71.0651806875741, 42.34103167649753], [-71.0651806875741, 42.342689977534285], [-71.06683072942099, 42.342689977534285]]]}, "properties": {"priority": 84.8740005493164, "priority_class": "High"}}, {"type": "Feature", "geometry": {"type": "Polygon", "coordinates": [[[-71.0651806875741, 42.342689977534285], [-71.0651806875741, 42.34103167649753], [-71.06353064572723, 42.34103167649753], [-71.06353064572723, 42.342689977534285], [-71.0651806875741, 42.342689977534285]]]}, "properties": {"priority": 85.24406433105469, "priority_class": "High"}}, {"type": "Feature", "geometry": {"type": "Polygon", "coordinates": [[[-71.06353064572723, 42.342689977534285], [-71.06353064572723, 42.34103167649753], [-71.06188060388035, 42.34103167649753], [-71.06188060388035, 42.342689977534285], [-71.06353064572723, 42.342689977534285]]]}, "properties": {"priority": 82.31546020507812, "priority_class": "High"}}, {"type": "Feature", "geometry": {"type": "Polygon", "coordinates": [[[-71.06188060388035, 42.342689977534285], [-71.06188060388035, 42.34103167649753], [-71.06023056203348, 42.34103167649753], [-71.06023056203348, 42.342689977534285], [-71.06188060388035, 42.342689977534285]]]}, "properties": {"priority": 83.5390625, "priority_class": "High"}}, {"type": "Feature", "geometry": {"type": "Polygon", "coordinates": [[[-71.07013081311473, 42.34103167649753], [-71.07013081311473, 42.339373375460774], [-71.06848077126786, 42.339373375460774], [-71.06848077126786, 42.34103167649753], [-71.07013081311473, 42.34103167649753]]]}, "properties": {"priority": 80.5307846069336, "priority_class": "High"}}, {"type": "Feature", "geometry": {"type": "Polygon", "coordinates": [[[-71.06848077126786, 42.34103167649753], [-71.06848077126786, 42.339373375460774], [-71.06683072942099, 42.339373375460774], [-71.06683072942099, 42.34103167649753], [-71.06848077126786, 42.34103167649753]]]}, "properties": {"priority": 83.94258117675781, "priority_class": "High"}}, {"type": "Feature", "geometry": {"type": "Polygon", "coordinates": [[[-71.06683072942099, 42.34103167649753], [-71.06683072942099, 42.339373375460774], [-71.0651806875741, 42.339373375460774], [-71.0651806875741, 42.34103167649753], [-71.06683072942099, 42.34103167649753]]]}, "properties": {"priority": 84.32762145996094, "priority_class": "High"}}, {"type": "Feature", "geometry": {"type": "Polygon", "coordinates": [[[-71.0651806875741, 42.34103167649753], [-71.0651806875741, 42.339373375460774], [-71.06353064572723, 42.339373375460774], [-71.06353064572723, 42.34103167649753], [-71.0651806875741, 42.34103167649753]]]}, "properties": {"priority": 84.07566833496094, "priority_class": "High"}}, {"type": "Feature", "geometry": {"type": "Polygon", "coordinates": [[[-71.06353064572723, 42.34103167649753], [-71.06353064572723, 42.339373375460774], [-71.06188060388035, 42.339373375460774], [-71.06188060388035, 42.34103167649753], [-71.06353064572723, 42.34103167649753]]]}, "properties": {"priority": 80.98192596435547, "priority_class": "High"}}, {"type": "Feature", "geometry": {"type": "Polygon", "coordinates": [[[-71.06188060388035, 42.34103167649753], [-71.06188060388035, 42.339373375460774], [-71.06023056203348, 42.339373375460774], [-71.06023056203348, 42.34103167649753], [-71.06188060388035, 42.34103167649753]]]}, "properties": {"priority": 83.5822525024414, "priority_class": "High"}}, {"type": "Feature", "geometry": {"type": "Polygon", "coordinates": [[[-71.07013081311473, 42.339373375460774], [-71.07013081311473, 42.33771507442401], [-71.06848077126786, 42.33771507442401], [-71.06848077126786, 42.339373375460774], [-71.07013081311473, 42.339373375460774]]]}, "properties": {"priority": 77.5614242553711, "priority_class": "High"}}, {"type": "Feature", "geometry": {"type": "Polygon", "coordinates": [[[-71.06848077126786, 42.339373375460774], [-71.06848077126786, 42.33771507442401], [-71.06683072942099, 42.33771507442401], [-71.06683072942099, 42.339373375460774], [-71.06848077126786, 42.339373375460774]]]}, "properties": {"priority": 83.35491180419922, "priority_class": "High"}}, {"type": "Feature", "geometry": {"type": "Polygon", "coordinates": [[[-71.06683072942099, 42.339373375460774], [-71.06683072942099, 42.33771507442401], [-71.0651806875741, 42.33771507442401], [-71.0651806875741, 42.339373375460774], [-71.06683072942099, 42.339373375460774]]]}, "properties": {"priority": 83.79229736328125, "priority_class": "High"}}, {"type": "Feature", "geometry": {"type": "Polygon", "coordinates": [[[-71.0651806875741, 42.339373375460774], [-71.0651806875741, 42.33771507442401], [-71.06353064572723, 42.33771507442401], [-71.06353064572723, 42.339373375460774], [-71.0651806875741, 42.339373375460774]]]}, "properties": {"priority": 81.14620971679688, "priority_class": "High"}}, {"type": "Feature", "geometry": {"type": "Polygon", "coordinates": [[[-71.06353064572723, 42.339373375460774], [-71.06353064572723, 42.33771507442401], [-71.06188060388035, 42.33771507442401], [-71.06188060388035, 42.339373375460774], [-71.06353064572723, 42.339373375460774]]]}, "properties": {"priority": 81.51123809814453, "priority_class": "High"}}, {"type": "Feature", "geometry": {"type": "Polygon", "coordinates": [[[-71.06188060388035, 42.339373375460774], [-71.06188060388035, 42.33771507442401], [-71.06023056203348, 42.33771507442401], [-71.06023056203348, 42.339373375460774], [-71.06188060388035, 42.339373375460774]]]}, "properties": {"priority": 82.72534942626953, "priority_class": "High"}}, {"type": "Feature", "geometry": {"type": "Polygon", "coordinates": [[[-71.07013081311473, 42.33771507442401], [-71.07013081311473, 42.336056773387256], [-71.06848077126786, 42.336056773387256], [-71.06848077126786, 42.33771507442401], [-71.07013081311473, 42.33771507442401]]]}, "properties": {"priority": 75.41753387451172, "priority_class": "High"}}, {"type": "Feature", "geometry": {"type": "Polygon", "coordinates": [[[-71.06848077126786, 42.33771507442401], [-71.06848077126786, 42.336056773387256], [-71.06683072942099, 42.336056773387256], [-71.06683072942099, 42.33771507442401], [-71.06848077126786, 42.33771507442401]]]}, "properties": {"priority": 76.60698699951172, "priority_class": "High"}}, {"type": "Feature", "geometry": {"type": "Polygon", "coordinates": [[[-71.06683072942099, 42.33771507442401], [-71.06683072942099, 42.336056773387256], [-71.0651806875741, 42.336056773387256], [-71.0651806875741, 42.33771507442401], [-71.06683072942099, 42.33771507442401]]]}, "properties": {"priority": 76.54371643066406, "priority_class": "High"}}, {"type": "Feature", "geometry": {"type": "Polygon", "coordinates": [[[-71.0651806875741, 42.33771507442401], [-71.0651806875741, 42.336056773387256], [-71.06353064572723, 42.336056773387256], [-71.06353064572723, 42.33771507442401], [-71.0651806875741, 42.33771507442401]]]}, "properties": {"priority": 79.33386993408203, "priority_class": "High"}}, {"type": "Feature", "geometry": {"type": "Polygon", "coordinates": [[[-71.06353064572723, 42.33771507442401], [-71.06353064572723, 42.336056773387256], [-71.06188060388035, 42.336056773387256], [-71.06188060388035, 42.33771507442401], [-71.06353064572723, 42.33771507442401]]]}, "properties": {"priority": 82.8636245727539, "priority_class": "High"}}, {"type": "Feature", "geometry": {"type": "Polygon", "coordinates": [[[-71.06188060388035, 42.33771507442401], [-71.06188060388035, 42.336056773387256], [-71.06023056203348, 42.336056773387256], [-71.06023056203348, 42.33771507442401], [-71.06188060388035, 42.33771507442401]]]}, "properties": {"priority": 80.74321746826172, "priority_class": "High"}}, {"type": "Feature", "geometry": {"type": "Polygon", "coordinates": [[[-71.07013081311473, 42.336056773387256], [-71.07013081311473, 42.33439847235049], [-71.06848077126786, 42.33439847235049], [-71.06848077126786, 42.336056773387256], [-71.07013081311473, 42.336056773387256]]]}, "properties": {"priority": 70.99961853027344, "priority_class": "High"}}, {"type": "Feature", "geometry": {"type": "Polygon", "coordinates": [[[-71.06848077126786, 42.336056773387256], [-71.06848077126786, 42.33439847235049], [-71.06683072942099, 42.33439847235049], [-71.06683072942099, 42.336056773387256], [-71.06848077126786, 42.336056773387256]]]}, "properties": {"priority": 72.41883087158203, "priority_class": "High"}}, {"type": "Feature", "geometry": {"type": "Polygon", "coordinates": [[[-71.06683072942099, 42.336056773387256], [-71.06683072942099, 42.33439847235049], [-71.0651806875741, 42.33439847235049], [-71.0651806875741, 42.336056773387256], [-71.06683072942099, 42.336056773387256]]]}, "properties": {"priority": 73.77720642089844, "priority_class": "High"}}, {"type": "Feature", "geometry": {"type": "Polygon", "coordinates": [[[-71.0651806875741, 42.336056773387256], [-71.0651806875741, 42.33439847235049], [-71.06353064572723, 42.33439847235049], [-71.06353064572723, 42.336056773387256], [-71.0651806875741, 42.336056773387256]]]}, "properties": {"priority": 77.93269348144531, "priority_class": "High"}}, {"type": "Feature", "geometry": {"type": "Polygon", "coordinates": [[[-71.06353064572723, 42.336056773387256], [-71.06353064572723, 42.33439847235049], [-71.06188060388035, 42.33439847235049], [-71.06188060388035, 42.336056773387256], [-71.06353064572723, 42.336056773387256]]]}, "properties": {"priority": 80.75481414794922, "priority_class": "High"}}, {"type": "Feature", "geometry": {"type": "Polygon", "coordinates": [[[-71.06188060388035, 42.336056773387256], [-71.06188060388035, 42.33439847235049], [-71.06023056203348, 42.33439847235049], [-71.06023056203348, 42.336056773387256], [-71.06188060388035, 42.336056773387256]]]}, "properties": {"priority": 79.82933807373047, "priority_class": "High"}}, {"type": "Feature", "geometry": {"type": "Polygon", "coordinates": [[[-71.06023056203348, 42.336056773387256], [-71.06023056203348, 42.33439847235049], [-71.0585805201866, 42.33439847235049], [-71.0585805201866, 42.336056773387256], [-71.06023056203348, 42.336056773387256]]]}, "properties": {"priority": 84.87602233886719, "priority_class": "High"}}, {"type": "Feature", "geometry": {"type": "Polygon", "coordinates": [[[-71.07013081311473, 42.33439847235049], [-71.07013081311473, 42.33274017131374], [-71.06848077126786, 42.33274017131374], [-71.06848077126786, 42.33439847235049], [-71.07013081311473, 42.33439847235049]]]}, "properties": {"priority": 77.84600067138672, "priority_class": "High"}}, {"type": "Feature", "geometry": {"type": "Polygon", "coordinates": [[[-71.06848077126786, 42.33439847235049], [-71.06848077126786, 42.33274017131374], [-71.06683072942099, 42.33274017131374], [-71.06683072942099, 42.33439847235049], [-71.06848077126786, 42.33439847235049]]]}, "properties": {"priority": 80.6754150390625, "priority_class": "High"}}, {"type": "Feature", "geometry": {"type": "Polygon", "coordinates": [[[-71.06683072942099, 42.33439847235049], [-71.06683072942099, 42.33274017131374], [-71.0651806875741, 42.33274017131374], [-71.0651806875741, 42.33439847235049], [-71.06683072942099, 42.33439847235049]]]}, "properties": {"priority": 79.04154968261719, "priority_class": "High"}}, {"type": "Feature", "geometry": {"type": "Polygon", "coordinates": [[[-71.0651806875741, 42.33439847235049], [-71.0651806875741, 42.33274017131374], [-71.06353064572723, 42.33274017131374], [-71.06353064572723, 42.33439847235049], [-71.0651806875741, 42.33439847235049]]]}, "properties": {"priority": 77.59671020507812, "priority_class": "High"}}, {"type": "Feature", "geometry": {"type": "Polygon", "coordinates": [[[-71.06353064572723, 42.33439847235049], [-71.06353064572723, 42.33274017131374], [-71.06188060388035, 42.33274017131374], [-71.06188060388035, 42.33439847235049], [-71.06353064572723, 42.33439847235049]]]}, "properties": {"priority": 78.2476806640625, "priority_class": "High"}}, {"type": "Feature", "geometry": {"type": "Polygon", "coordinates": [[[-71.06188060388035, 42.33439847235049], [-71.06188060388035, 42.33274017131374], [-71.06023056203348, 42.33274017131374], [-71.06023056203348, 42.33439847235049], [-71.06188060388035, 42.33439847235049]]]}, "properties": {"priority": 80.74864959716797, "priority_class": "High"}}, {"type": "Feature", "geometry": {"type": "Polygon", "coordinates": [[[-71.06023056203348, 42.33439847235049], [-71.06023056203348, 42.33274017131374], [-71.0585805201866, 42.33274017131374], [-71.0585805201866, 42.33439847235049], [-71.06023056203348, 42.33439847235049]]]}, "properties": {"priority": 84.56415557861328, "priority_class": "High"}}, {"type": "Feature", "geometry": {"type": "Polygon", "coordinates": [[[-71.06848077126786, 42.33274017131374], [-71.06848077126786, 42.33108187027698], [-71.06683072942099, 42.33108187027698], [-71.06683072942099, 42.33274017131374], [-71.06848077126786, 42.33274017131374]]]}, "properties": {"priority": 81.19303131103516, "priority_class": "High"}}, {"type": "Feature", "geometry": {"type": "Polygon", "coordinates": [[[-71.06683072942099, 42.33274017131374], [-71.06683072942099, 42.33108187027698], [-71.0651806875741, 42.33108187027698], [-71.0651806875741, 42.33274017131374], [-71.06683072942099, 42.33274017131374]]]}, "properties": {"priority": 79.88581848144531, "priority_class": "High"}}, {"type": "Feature", "geometry": {"type": "Polygon", "coordinates": [[[-71.0651806875741, 42.33274017131374], [-71.0651806875741, 42.33108187027698], [-71.06353064572723, 42.33108187027698], [-71.06353064572723, 42.33274017131374], [-71.0651806875741, 42.33274017131374]]]}, "properties": {"priority": 79.57335662841797, "priority_class": "High"}}, {"type": "Feature", "geometry": {"type": "Polygon", "coordinates": [[[-71.06353064572723, 42.33274017131374], [-71.06353064572723, 42.33108187027698], [-71.06188060388035, 42.33108187027698], [-71.06188060388035, 42.33274017131374], [-71.06353064572723, 42.33274017131374]]]}, "properties": {"priority": 78.26177215576172, "priority_class": "High"}}, {"type": "Feature", "geometry": {"type": "Polygon", "coordinates": [[[-71.06188060388035, 42.33274017131374], [-71.06188060388035, 42.33108187027698], [-71.06023056203348, 42.33108187027698], [-71.06023056203348, 42.33274017131374], [-71.06188060388035, 42.33274017131374]]]}, "properties": {"priority": 79.34473419189453, "priority_class": "High"}}, {"type": "Feature", "geometry": {"type": "Polygon", "coordinates": [[[-71.06023056203348, 42.33274017131374], [-71.06023056203348, 42.33108187027698], [-71.0585805201866, 42.33108187027698], [-71.0585805201866, 42.33274017131374], [-71.06023056203348, 42.33274017131374]]]}, "properties": {"priority": 84.263427734375, "priority_class": "High"}}, {"type": "Feature", "geometry": {"type": "Polygon", "coordinates": [[[-71.06848077126786, 42.33108187027698], [-71.06848077126786, 42.32942356924022], [-71.06683072942099, 42.32942356924022], [-71.06683072942099, 42.33108187027698], [-71.06848077126786, 42.33108187027698]]]}, "properties": {"priority": 80.7803955078125, "priority_class": "High"}}, {"type": "Feature", "geometry": {"type": "Polygon", "coordinates": [[[-71.06683072942099, 42.33108187027698], [-71.06683072942099, 42.32942356924022], [-71.0651806875741, 42.32942356924022], [-71.0651806875741, 42.33108187027698], [-71.06683072942099, 42.33108187027698]]]}, "properties": {"priority": 77.09019470214844, "priority_class": "High"}}, {"type": "Feature", "geometry": {"type": "Polygon", "coordinates": [[[-71.0651806875741, 42.33108187027698], [-71.0651806875741, 42.32942356924022], [-71.06353064572723, 42.32942356924022], [-71.06353064572723, 42.33108187027698], [-71.0651806875741, 42.33108187027698]]]}, "properties": {"priority": 80.25662231445312, "priority_class": "High"}}, {"type": "Feature", "geometry": {"type": "Polygon", "coordinates": [[[-71.06353064572723, 42.33108187027698], [-71.06353064572723, 42.32942356924022], [-71.06188060388035, 42.32942356924022], [-71.06188060388035, 42.33108187027698], [-71.06353064572723, 42.33108187027698]]]}, "properties": {"priority": 80.97074127197266, "priority_class": "High"}}, {"type": "Feature", "geometry": {"type": "Polygon", "coordinates": [[[-71.06188060388035, 42.33108187027698], [-71.06188060388035, 42.32942356924022], [-71.06023056203348, 42.32942356924022], [-71.06023056203348, 42.33108187027698], [-71.06188060388035, 42.33108187027698]]]}, "properties": {"priority": 79.06658935546875, "priority_class": "High"}}, {"type": "Feature", "geometry": {"type": "Polygon", "coordinates": [[[-71.06023056203348, 42.33108187027698], [-71.06023056203348, 42.32942356924022], [-71.0585805201866, 42.32942356924022], [-71.0585805201866, 42.33108187027698], [-71.06023056203348, 42.33108187027698]]]}, "properties": {"priority": 79.70758819580078, "priority_class": "High"}}, {"type": "Feature", "geometry": {"type": "Polygon", "coordinates": [[[-71.06848077126786, 42.32942356924022], [-71.06848077126786, 42.327765268203464], [-71.06683072942099, 42.327765268203464], [-71.06683072942099, 42.32942356924022], [-71.06848077126786, 42.32942356924022]]]}, "properties": {"priority": 79.84246063232422, "priority_class": "High"}}, {"type": "Feature", "geometry": {"type": "Polygon", "coordinates": [[[-71.06683072942099, 42.32942356924022], [-71.06683072942099, 42.327765268203464], [-71.0651806875741, 42.327765268203464], [-71.0651806875741, 42.32942356924022], [-71.06683072942099, 42.32942356924022]]]}, "properties": {"priority": 78.89646911621094, "priority_class": "High"}}, {"type": "Feature", "geometry": {"type": "Polygon", "coordinates": [[[-71.0651806875741, 42.32942356924022], [-71.0651806875741, 42.327765268203464], [-71.06353064572723, 42.327765268203464], [-71.06353064572723, 42.32942356924022], [-71.0651806875741, 42.32942356924022]]]}, "properties": {"priority": 81.66548156738281, "priority_class": "High"}}, {"type": "Feature", "geometry": {"type": "Polygon", "coordinates": [[[-71.06353064572723, 42.32942356924022], [-71.06353064572723, 42.327765268203464], [-71.06188060388035, 42.327765268203464], [-71.06188060388035, 42.32942356924022], [-71.06353064572723, 42.32942356924022]]]}, "properties": {"priority": 82.30595397949219, "priority_class": "High"}}, {"type": "Feature", "geometry": {"type": "Polygon", "coordinates": [[[-71.06188060388035, 42.32942356924022], [-71.06188060388035, 42.327765268203464], [-71.06023056203348, 42.327765268203464], [-71.06023056203348, 42.32942356924022], [-71.06188060388035, 42.32942356924022]]]}, "properties": {"priority": 82.9822769165039, "priority_class": "High"}}, {"type": "Feature", "geometry": {"type": "Polygon", "coordinates": [[[-71.06023056203348, 42.32942356924022], [-71.06023056203348, 42.327765268203464], [-71.0585805201866, 42.327765268203464], [-71.0585805201866, 42.32942356924022], [-71.06023056203348, 42.32942356924022]]]}, "properties": {"priority": 79.36329650878906, "priority_class": "High"}}, {"type": "Feature", "geometry": {"type": "Polygon", "coordinates": [[[-71.06848077126786, 42.327765268203464], [-71.06848077126786, 42.32610696716671], [-71.06683072942099, 42.32610696716671], [-71.06683072942099, 42.327765268203464], [-71.06848077126786, 42.327765268203464]]]}, "properties": {"priority": 75.9810562133789, "priority_class": "High"}}, {"type": "Feature", "geometry": {"type": "Polygon", "coordinates": [[[-71.06683072942099, 42.327765268203464], [-71.06683072942099, 42.32610696716671], [-71.0651806875741, 42.32610696716671], [-71.0651806875741, 42.327765268203464], [-71.06683072942099, 42.327765268203464]]]}, "properties": {"priority": 78.48898315429688, "priority_class": "High"}}, {"type": "Feature", "geometry": {"type": "Polygon", "coordinates": [[[-71.0651806875741, 42.327765268203464], [-71.0651806875741, 42.32610696716671], [-71.06353064572723, 42.32610696716671], [-71.06353064572723, 42.327765268203464], [-71.0651806875741, 42.327765268203464]]]}, "properties": {"priority": 81.36383056640625, "priority_class": "High"}}, {"type": "Feature", "geometry": {"type": "Polygon", "coordinates": [[[-71.06353064572723, 42.327765268203464], [-71.06353064572723, 42.32610696716671], [-71.06188060388035, 42.32610696716671], [-71.06188060388035, 42.327765268203464], [-71.06353064572723, 42.327765268203464]]]}, "properties": {"priority": 82.06995391845703, "priority_class": "High"}}, {"type": "Feature", "geometry": {"type": "Polygon", "coordinates": [[[-71.06188060388035, 42.327765268203464], [-71.06188060388035, 42.32610696716671], [-71.06023056203348, 42.32610696716671], [-71.06023056203348, 42.327765268203464], [-71.06188060388035, 42.327765268203464]]]}, "properties": {"priority": 81.04721069335938, "priority_class": "High"}}, {"type": "Feature", "geometry": {"type": "Polygon", "coordinates": [[[-71.06023056203348, 42.327765268203464], [-71.06023056203348, 42.32610696716671], [-71.0585805201866, 42.32610696716671], [-71.0585805201866, 42.327765268203464], [-71.06023056203348, 42.327765268203464]]]}, "properties": {"priority": 80.3314437866211, "priority_class": "High"}}, {"type": "Feature", "geometry": {"type": "Polygon", "coordinates": [[[-71.06848077126786, 42.32610696716671], [-71.06848077126786, 42.324448666129946], [-71.06683072942099, 42.324448666129946], [-71.06683072942099, 42.32610696716671], [-71.06848077126786, 42.32610696716671]]]}, "properties": {"priority": 76.68412017822266, "priority_class": "High"}}, {"type": "Feature", "geometry": {"type": "Polygon", "coordinates": [[[-71.06683072942099, 42.32610696716671], [-71.06683072942099, 42.324448666129946], [-71.0651806875741, 42.324448666129946], [-71.0651806875741, 42.32610696716671], [-71.06683072942099, 42.32610696716671]]]}, "properties": {"priority": 78.35259246826172, "priority_class": "High"}}, {"type": "Feature", "geometry": {"type": "Polygon", "coordinates": [[[-71.0651806875741, 42.32610696716671], [-71.0651806875741, 42.324448666129946], [-71.06353064572723, 42.324448666129946], [-71.06353064572723, 42.32610696716671], [-71.0651806875741, 42.32610696716671]]]}, "properties": {"priority": 78.61801147460938, "priority_class": "High"}}, {"type": "Feature", "geometry": {"type": "Polygon", "coordinates": [[[-71.06353064572723, 42.32610696716671], [-71.06353064572723, 42.324448666129946], [-71.06188060388035, 42.324448666129946], [-71.06188060388035, 42.32610696716671], [-71.06353064572723, 42.32610696716671]]]}, "properties": {"priority": 75.3473892211914, "priority_class": "High"}}, {"type": "Feature", "geometry": {"type": "Polygon", "coordinates": [[[-71.06188060388035, 42.32610696716671], [-71.06188060388035, 42.324448666129946], [-71.06023056203348, 42.324448666129946], [-71.06023056203348, 42.32610696716671], [-71.06188060388035, 42.32610696716671]]]}, "properties": {"priority": 76.46870422363281, "priority_class": "High"}}, {"type": "Feature", "geometry": {"type": "Polygon", "coordinates": [[[-71.06023056203348, 42.32610696716671], [-71.06023056203348, 42.324448666129946], [-71.0585805201866, 42.324448666129946], [-71.0585805201866, 42.32610696716671], [-71.06023056203348, 42.32610696716671]]]}, "properties": {"priority": 81.16316223144531, "priority_class": "High"}}, {"type": "Feature", "geometry": {"type": "Polygon", "coordinates": [[[-71.06848077126786, 42.324448666129946], [-71.06848077126786, 42.32279036509319], [-71.06683072942099, 42.32279036509319], [-71.06683072942099, 42.324448666129946], [-71.06848077126786, 42.324448666129946]]]}, "properties": {"priority": 75.09980010986328, "priority_class": "High"}}, {"type": "Feature", "geometry": {"type": "Polygon", "coordinates": [[[-71.06683072942099, 42.324448666129946], [-71.06683072942099, 42.32279036509319], [-71.0651806875741, 42.32279036509319], [-71.0651806875741, 42.324448666129946], [-71.06683072942099, 42.324448666129946]]]}, "properties": {"priority": 80.22955322265625, "priority_class": "High"}}, {"type": "Feature", "geometry": {"type": "Polygon", "coordinates": [[[-71.0651806875741, 42.324448666129946], [-71.0651806875741, 42.32279036509319], [-71.06353064572723, 42.32279036509319], [-71.06353064572723, 42.324448666129946], [-71.0651806875741, 42.324448666129946]]]}, "properties": {"priority": 80.9061508178711, "priority_class": "High"}}, {"type": "Feature", "geometry": {"type": "Polygon", "coordinates": [[[-71.06353064572723, 42.324448666129946], [-71.06353064572723, 42.32279036509319], [-71.06188060388035, 42.32279036509319], [-71.06188060388035, 42.324448666129946], [-71.06353064572723, 42.324448666129946]]]}, "properties": {"priority": 80.52059173583984, "priority_class": "High"}}, {"type": "Feature", "geometry": {"type": "Polygon", "coordinates": [[[-71.06188060388035, 42.324448666129946], [-71.06188060388035, 42.32279036509319], [-71.06023056203348, 42.32279036509319], [-71.06023056203348, 42.324448666129946], [-71.06188060388035, 42.324448666129946]]]}, "properties": {"priority": 77.70835876464844, "priority_class": "High"}}, {"type": "Feature", "geometry": {"type": "Polygon", "coordinates": [[[-71.06023056203348, 42.324448666129946], [-71.06023056203348, 42.32279036509319], [-71.0585805201866, 42.32279036509319], [-71.0585805201866, 42.324448666129946], [-71.06023056203348, 42.324448666129946]]]}, "properties": {"priority": 77.95561218261719, "priority_class": "High"}}, {"type": "Feature", "geometry": {"type": "Polygon", "coordinates": [[[-71.06848077126786, 42.32279036509319], [-71.06848077126786, 42.321132064056435], [-71.06683072942099, 42.321132064056435], [-71.06683072942099, 42.32279036509319], [-71.06848077126786, 42.32279036509319]]]}, "properties": {"priority": 72.6380844116211, "priority_class": "High"}}, {"type": "Feature", "geometry": {"type": "Polygon", "coordinates": [[[-71.06683072942099, 42.32279036509319], [-71.06683072942099, 42.321132064056435], [-71.0651806875741, 42.321132064056435], [-71.0651806875741, 42.32279036509319], [-71.06683072942099, 42.32279036509319]]]}, "properties": {"priority": 78.1602783203125, "priority_class": "High"}}, {"type": "Feature", "geometry": {"type": "Polygon", "coordinates": [[[-71.0651806875741, 42.32279036509319], [-71.0651806875741, 42.321132064056435], [-71.06353064572723, 42.321132064056435], [-71.06353064572723, 42.32279036509319], [-71.0651806875741, 42.32279036509319]]]}, "properties": {"priority": 80.58082580566406, "priority_class": "High"}}, {"type": "Feature", "geometry": {"type": "Polygon", "coordinates": [[[-71.06353064572723, 42.32279036509319], [-71.06353064572723, 42.321132064056435], [-71.06188060388035, 42.321132064056435], [-71.06188060388035, 42.32279036509319], [-71.06353064572723, 42.32279036509319]]]}, "properties": {"priority": 81.03233337402344, "priority_class": "High"}}, {"type": "Feature", "geometry": {"type": "Polygon", "coordinates": [[[-71.06188060388035, 42.32279036509319], [-71.06188060388035, 42.321132064056435], [-71.06023056203348, 42.321132064056435], [-71.06023056203348, 42.32279036509319], [-71.06188060388035, 42.32279036509319]]]}, "properties": {"priority": 79.67399597167969, "priority_class": "High"}}, {"type": "Feature", "geometry": {"type": "Polygon", "coordinates": [[[-71.06023056203348, 42.32279036509319], [-71.06023056203348, 42.321132064056435], [-71.0585805201866, 42.321132064056435], [-71.0585805201866, 42.32279036509319], [-71.06023056203348, 42.32279036509319]]]}, "properties": {"priority": 78.71623229980469, "priority_class": "High"}}, {"type": "Feature", "geometry": {"type": "Polygon", "coordinates": [[[-71.06848077126786, 42.321132064056435], [-71.06848077126786, 42.31947376301967], [-71.06683072942099, 42.31947376301967], [-71.06683072942099, 42.321132064056435], [-71.06848077126786, 42.321132064056435]]]}, "properties": {"priority": 72.5886001586914, "priority_class": "High"}}, {"type": "Feature", "geometry": {"type": "Polygon", "coordinates": [[[-71.06683072942099, 42.321132064056435], [-71.06683072942099, 42.31947376301967], [-71.0651806875741, 42.31947376301967], [-71.0651806875741, 42.321132064056435], [-71.06683072942099, 42.321132064056435]]]}, "properties": {"priority": 76.69564819335938, "priority_class": "High"}}, {"type": "Feature", "geometry": {"type": "Polygon", "coordinates": [[[-71.0651806875741, 42.321132064056435], [-71.0651806875741, 42.31947376301967], [-71.06353064572723, 42.31947376301967], [-71.06353064572723, 42.321132064056435], [-71.0651806875741, 42.321132064056435]]]}, "properties": {"priority": 77.54483032226562, "priority_class": "High"}}, {"type": "Feature", "geometry": {"type": "Polygon", "coordinates": [[[-71.06353064572723, 42.321132064056435], [-71.06353064572723, 42.31947376301967], [-71.06188060388035, 42.31947376301967], [-71.06188060388035, 42.321132064056435], [-71.06353064572723, 42.321132064056435]]]}, "properties": {"priority": 77.72984313964844, "priority_class": "High"}}, {"type": "Feature", "geometry": {"type": "Polygon", "coordinates": [[[-71.06188060388035, 42.321132064056435], [-71.06188060388035, 42.31947376301967], [-71.06023056203348, 42.31947376301967], [-71.06023056203348, 42.321132064056435], [-71.06188060388035, 42.321132064056435]]]}, "properties": {"priority": 75.67076873779297, "priority_class": "High"}}, {"type": "Feature", "geometry": {"type": "Polygon", "coordinates": [[[-71.06023056203348, 42.321132064056435], [-71.06023056203348, 42.31947376301967], [-71.0585805201866, 42.31947376301967], [-71.0585805201866, 42.321132064056435], [-71.06023056203348, 42.321132064056435]]]}, "properties": {"priority": 75.89533996582031, "priority_class": "High"}}, {"type": "Feature", "geometry": {"type": "Polygon", "coordinates": [[[-71.0585805201866, 42.321132064056435], [-71.0585805201866, 42.31947376301967], [-71.05693047833972, 42.31947376301967], [-71.05693047833972, 42.321132064056435], [-71.0585805201866, 42.321132064056435]]]}, "properties": {"priority": 79.55059051513672, "priority_class": "High"}}, {"type": "Feature", "geometry": {"type": "Polygon", "coordinates": [[[-71.06848077126786, 42.31947376301967], [-71.06848077126786, 42.31781546198292], [-71.06683072942099, 42.31781546198292], [-71.06683072942099, 42.31947376301967], [-71.06848077126786, 42.31947376301967]]]}, "properties": {"priority": 71.65812683105469, "priority_class": "High"}}, {"type": "Feature", "geometry": {"type": "Polygon", "coordinates": [[[-71.06683072942099, 42.31947376301967], [-71.06683072942099, 42.31781546198292], [-71.0651806875741, 42.31781546198292], [-71.0651806875741, 42.31947376301967], [-71.06683072942099, 42.31947376301967]]]}, "properties": {"priority": 76.32131958007812, "priority_class": "High"}}, {"type": "Feature", "geometry": {"type": "Polygon", "coordinates": [[[-71.0651806875741, 42.31947376301967], [-71.0651806875741, 42.31781546198292], [-71.06353064572723, 42.31781546198292], [-71.06353064572723, 42.31947376301967], [-71.0651806875741, 42.31947376301967]]]}, "properties": {"priority": 75.46135711669922, "priority_class": "High"}}, {"type": "Feature", "geometry": {"type": "Polygon", "coordinates": [[[-71.06353064572723, 42.31947376301967], [-71.06353064572723, 42.31781546198292], [-71.06188060388035, 42.31781546198292], [-71.06188060388035, 42.31947376301967], [-71.06353064572723, 42.31947376301967]]]}, "properties": {"priority": 74.6682357788086, "priority_class": "High"}}, {"type": "Feature", "geometry": {"type": "Polygon", "coordinates": [[[-71.06188060388035, 42.31947376301967], [-71.06188060388035, 42.31781546198292], [-71.06023056203348, 42.31781546198292], [-71.06023056203348, 42.31947376301967], [-71.06188060388035, 42.31947376301967]]]}, "properties": {"priority": 75.33609771728516, "priority_class": "High"}}, {"type": "Feature", "geometry": {"type": "Polygon", "coordinates": [[[-71.06023056203348, 42.31947376301967], [-71.06023056203348, 42.31781546198292], [-71.0585805201866, 42.31781546198292], [-71.0585805201866, 42.31947376301967], [-71.06023056203348, 42.31947376301967]]]}, "properties": {"priority": 76.91303253173828, "priority_class": "High"}}, {"type": "Feature", "geometry": {"type": "Polygon", "coordinates": [[[-71.0585805201866, 42.31947376301967], [-71.0585805201866, 42.31781546198292], [-71.05693047833972, 42.31781546198292], [-71.05693047833972, 42.31947376301967], [-71.0585805201866, 42.31947376301967]]]}, "properties": {"priority": 78.14292907714844, "priority_class": "High"}}, {"type": "Feature", "geometry": {"type": "Polygon", "coordinates": [[[-71.06683072942099, 42.31781546198292], [-71.06683072942099, 42.316157160946155], [-71.0651806875741, 42.316157160946155], [-71.0651806875741, 42.31781546198292], [-71.06683072942099, 42.31781546198292]]]}, "properties": {"priority": 79.0483627319336, "priority_class": "High"}}, {"type": "Feature", "geometry": {"type": "Polygon", "coordinates": [[[-71.0651806875741, 42.31781546198292], [-71.0651806875741, 42.316157160946155], [-71.06353064572723, 42.316157160946155], [-71.06353064572723, 42.31781546198292], [-71.0651806875741, 42.31781546198292]]]}, "properties": {"priority": 74.41547393798828, "priority_class": "High"}}, {"type": "Feature", "geometry": {"type": "Polygon", "coordinates": [[[-71.06353064572723, 42.31781546198292], [-71.06353064572723, 42.316157160946155], [-71.06188060388035, 42.316157160946155], [-71.06188060388035, 42.31781546198292], [-71.06353064572723, 42.31781546198292]]]}, "properties": {"priority": 74.48149108886719, "priority_class": "High"}}, {"type": "Feature", "geometry": {"type": "Polygon", "coordinates": [[[-71.06188060388035, 42.31781546198292], [-71.06188060388035, 42.316157160946155], [-71.06023056203348, 42.316157160946155], [-71.06023056203348, 42.31781546198292], [-71.06188060388035, 42.31781546198292]]]}, "properties": {"priority": 75.55298614501953, "priority_class": "High"}}, {"type": "Feature", "geometry": {"type": "Polygon", "coordinates": [[[-71.06023056203348, 42.31781546198292], [-71.06023056203348, 42.316157160946155], [-71.0585805201866, 42.316157160946155], [-71.0585805201866, 42.31781546198292], [-71.06023056203348, 42.31781546198292]]]}, "properties": {"priority": 75.12969970703125, "priority_class": "High"}}, {"type": "Feature", "geometry": {"type": "Polygon", "coordinates": [[[-71.0585805201866, 42.31781546198292], [-71.0585805201866, 42.316157160946155], [-71.05693047833972, 42.316157160946155], [-71.05693047833972, 42.31781546198292], [-71.0585805201866, 42.31781546198292]]]}, "properties": {"priority": 78.22986602783203, "priority_class": "High"}}, {"type": "Feature", "geometry": {"type": "Polygon", "coordinates": [[[-71.06683072942099, 42.316157160946155], [-71.06683072942099, 42.3144988599094], [-71.0651806875741, 42.3144988599094], [-71.0651806875741, 42.316157160946155], [-71.06683072942099, 42.316157160946155]]]}, "properties": {"priority": 76.31244659423828, "priority_class": "High"}}, {"type": "Feature", "geometry": {"type": "Polygon", "coordinates": [[[-71.0651806875741, 42.316157160946155], [-71.0651806875741, 42.3144988599094], [-71.06353064572723, 42.3144988599094], [-71.06353064572723, 42.316157160946155], [-71.0651806875741, 42.316157160946155]]]}, "properties": {"priority": 72.97359466552734, "priority_class": "High"}}, {"type": "Feature", "geometry": {"type": "Polygon", "coordinates": [[[-71.06353064572723, 42.316157160946155], [-71.06353064572723, 42.3144988599094], [-71.06188060388035, 42.3144988599094], [-71.06188060388035, 42.316157160946155], [-71.06353064572723, 42.316157160946155]]]}, "properties": {"priority": 73.39036560058594, "priority_class": "High"}}, {"type": "Feature", "geometry": {"type": "Polygon", "coordinates": [[[-71.06188060388035, 42.316157160946155], [-71.06188060388035, 42.3144988599094], [-71.06023056203348, 42.3144988599094], [-71.06023056203348, 42.316157160946155], [-71.06188060388035, 42.316157160946155]]]}, "properties": {"priority": 76.07843780517578, "priority_class": "High"}}, {"type": "Feature", "geometry": {"type": "Polygon", "coordinates": [[[-71.06023056203348, 42.316157160946155], [-71.06023056203348, 42.3144988599094], [-71.0585805201866, 42.3144988599094], [-71.0585805201866, 42.316157160946155], [-71.06023056203348, 42.316157160946155]]]}, "properties": {"priority": 77.8613052368164, "priority_class": "High"}}, {"type": "Feature", "geometry": {"type": "Polygon", "coordinates": [[[-71.0585805201866, 42.316157160946155], [-71.0585805201866, 42.3144988599094], [-71.05693047833972, 42.3144988599094], [-71.05693047833972, 42.316157160946155], [-71.0585805201866, 42.316157160946155]]]}, "properties": {"priority": 79.35829162597656, "priority_class": "High"}}, {"type": "Feature", "geometry": {"type": "Polygon", "coordinates": [[[-71.06683072942099, 42.3144988599094], [-71.06683072942099, 42.312840558872644], [-71.0651806875741, 42.312840558872644], [-71.0651806875741, 42.3144988599094], [-71.06683072942099, 42.3144988599094]]]}, "properties": {"priority": 73.42523193359375, "priority_class": "High"}}, {"type": "Feature", "geometry": {"type": "Polygon", "coordinates": [[[-71.0651806875741, 42.3144988599094], [-71.0651806875741, 42.312840558872644], [-71.06353064572723, 42.312840558872644], [-71.06353064572723, 42.3144988599094], [-71.0651806875741, 42.3144988599094]]]}, "properties": {"priority": 70.72319793701172, "priority_class": "High"}}, {"type": "Feature", "geometry": {"type": "Polygon", "coordinates": [[[-71.06353064572723, 42.3144988599094], [-71.06353064572723, 42.312840558872644], [-71.06188060388035, 42.312840558872644], [-71.06188060388035, 42.3144988599094], [-71.06353064572723, 42.3144988599094]]]}, "properties": {"priority": 69.71981048583984, "priority_class": "Medium"}}, {"type": "Feature", "geometry": {"type": "Polygon", "coordinates": [[[-71.06188060388035, 42.3144988599094], [-71.06188060388035, 42.312840558872644], [-71.06023056203348, 42.312840558872644], [-71.06023056203348, 42.3144988599094], [-71.06188060388035, 42.3144988599094]]]}, "properties": {"priority": 71.85005187988281, "priority_class": "High"}}, {"type": "Feature", "geometry": {"type": "Polygon", "coordinates": [[[-71.06023056203348, 42.3144988599094], [-71.06023056203348, 42.312840558872644], [-71.0585805201866, 42.312840558872644], [-71.0585805201866, 42.3144988599094], [-71.06023056203348, 42.3144988599094]]]}, "properties": {"priority": 75.44738006591797, "priority_class": "High"}}, {"type": "Feature", "geometry": {"type": "Polygon", "coordinates": [[[-71.0585805201866, 42.3144988599094], [-71.0585805201866, 42.312840558872644], [-71.05693047833972, 42.312840558872644], [-71.05693047833972, 42.3144988599094], [-71.0585805201866, 42.3144988599094]]]}, "properties": {"priority": 81.4734115600586, "priority_class": "High"}}, {"type": "Feature", "geometry": {"type": "Polygon", "coordinates": [[[-71.06683072942099, 42.312840558872644], [-71.06683072942099, 42.31118225783588], [-71.0651806875741, 42.31118225783588], [-71.0651806875741, 42.312840558872644], [-71.06683072942099, 42.312840558872644]]]}, "properties": {"priority": 68.28685760498047, "priority_class": "Medium"}}, {"type": "Feature", "geometry": {"type": "Polygon", "coordinates": [[[-71.0651806875741, 42.312840558872644], [-71.0651806875741, 42.31118225783588], [-71.06353064572723, 42.31118225783588], [-71.06353064572723, 42.312840558872644], [-71.0651806875741, 42.312840558872644]]]}, "properties": {"priority": 68.48501586914062, "priority_class": "Medium"}}, {"type": "Feature", "geometry": {"type": "Polygon", "coordinates": [[[-71.06353064572723, 42.312840558872644], [-71.06353064572723, 42.31118225783588], [-71.06188060388035, 42.31118225783588], [-71.06188060388035, 42.312840558872644], [-71.06353064572723, 42.312840558872644]]]}, "properties": {"priority": 68.59661102294922, "priority_class": "Medium"}}, {"type": "Feature", "geometry": {"type": "Polygon", "coordinates": [[[-71.06188060388035, 42.312840558872644], [-71.06188060388035, 42.31118225783588], [-71.06023056203348, 42.31118225783588], [-71.06023056203348, 42.312840558872644], [-71.06188060388035, 42.312840558872644]]]}, "properties": {"priority": 70.65675354003906, "priority_class": "High"}}, {"type": "Feature", "geometry": {"type": "Polygon", "coordinates": [[[-71.06023056203348, 42.312840558872644], [-71.06023056203348, 42.31118225783588], [-71.0585805201866, 42.31118225783588], [-71.0585805201866, 42.312840558872644], [-71.06023056203348, 42.312840558872644]]]}, "properties": {"priority": 75.98873138427734, "priority_class": "High"}}, {"type": "Feature", "geometry": {"type": "Polygon", "coordinates": [[[-71.0585805201866, 42.312840558872644], [-71.0585805201866, 42.31118225783588], [-71.05693047833972, 42.31118225783588], [-71.05693047833972, 42.312840558872644], [-71.0585805201866, 42.312840558872644]]]}, "properties": {"priority": 80.49343872070312, "priority_class": "High"}}, {"type": "Feature", "geometry": {"type": "Polygon", "coordinates": [[[-71.06683072942099, 42.31118225783588], [-71.06683072942099, 42.309523956799126], [-71.0651806875741, 42.309523956799126], [-71.0651806875741, 42.31118225783588], [-71.06683072942099, 42.31118225783588]]]}, "properties": {"priority": 67.96522521972656, "priority_class": "Medium"}}, {"type": "Feature", "geometry": {"type": "Polygon", "coordinates": [[[-71.0651806875741, 42.31118225783588], [-71.0651806875741, 42.309523956799126], [-71.06353064572723, 42.309523956799126], [-71.06353064572723, 42.31118225783588], [-71.0651806875741, 42.31118225783588]]]}, "properties": {"priority": 69.642578125, "priority_class": "Medium"}}, {"type": "Feature", "geometry": {"type": "Polygon", "coordinates": [[[-71.06353064572723, 42.31118225783588], [-71.06353064572723, 42.309523956799126], [-71.06188060388035, 42.309523956799126], [-71.06188060388035, 42.31118225783588], [-71.06353064572723, 42.31118225783588]]]}, "properties": {"priority": 71.04914855957031, "priority_class": "High"}}, {"type": "Feature", "geometry": {"type": "Polygon", "coordinates": [[[-71.06188060388035, 42.31118225783588], [-71.06188060388035, 42.309523956799126], [-71.06023056203348, 42.309523956799126], [-71.06023056203348, 42.31118225783588], [-71.06188060388035, 42.31118225783588]]]}, "properties": {"priority": 69.97250366210938, "priority_class": "Medium"}}, {"type": "Feature", "geometry": {"type": "Polygon", "coordinates": [[[-71.06023056203348, 42.31118225783588], [-71.06023056203348, 42.309523956799126], [-71.0585805201866, 42.309523956799126], [-71.0585805201866, 42.31118225783588], [-71.06023056203348, 42.31118225783588]]]}, "properties": {"priority": 73.76728820800781, "priority_class": "High"}}, {"type": "Feature", "geometry": {"type": "Polygon", "coordinates": [[[-71.0585805201866, 42.31118225783588], [-71.0585805201866, 42.309523956799126], [-71.05693047833972, 42.309523956799126], [-71.05693047833972, 42.31118225783588], [-71.0585805201866, 42.31118225783588]]]}, "properties": {"priority": 78.68757629394531, "priority_class": "High"}}, {"type": "Feature", "geometry": {"type": "Polygon", "coordinates": [[[-71.06683072942099, 42.309523956799126], [-71.06683072942099, 42.30786565576237], [-71.0651806875741, 42.30786565576237], [-71.0651806875741, 42.309523956799126], [-71.06683072942099, 42.309523956799126]]]}, "properties": {"priority": 70.71101379394531, "priority_class": "High"}}, {"type": "Feature", "geometry": {"type": "Polygon", "coordinates": [[[-71.0651806875741, 42.309523956799126], [-71.0651806875741, 42.30786565576237], [-71.06353064572723, 42.30786565576237], [-71.06353064572723, 42.309523956799126], [-71.0651806875741, 42.309523956799126]]]}, "properties": {"priority": 71.03015899658203, "priority_class": "High"}}, {"type": "Feature", "geometry": {"type": "Polygon", "coordinates": [[[-71.06353064572723, 42.309523956799126], [-71.06353064572723, 42.30786565576237], [-71.06188060388035, 42.30786565576237], [-71.06188060388035, 42.309523956799126], [-71.06353064572723, 42.309523956799126]]]}, "properties": {"priority": 69.48919677734375, "priority_class": "Medium"}}, {"type": "Feature", "geometry": {"type": "Polygon", "coordinates": [[[-71.06188060388035, 42.309523956799126], [-71.06188060388035, 42.30786565576237], [-71.06023056203348, 42.30786565576237], [-71.06023056203348, 42.309523956799126], [-71.06188060388035, 42.309523956799126]]]}, "properties": {"priority": 70.1440658569336, "priority_class": "High"}}, {"type": "Feature", "geometry": {"type": "Polygon", "coordinates": [[[-71.06023056203348, 42.309523956799126], [-71.06023056203348, 42.30786565576237], [-71.0585805201866, 42.30786565576237], [-71.0585805201866, 42.309523956799126], [-71.06023056203348, 42.309523956799126]]]}, "properties": {"priority": 74.29398345947266, "priority_class": "High"}}, {"type": "Feature", "geometry": {"type": "Polygon", "coordinates": [[[-71.0585805201866, 42.309523956799126], [-71.0585805201866, 42.30786565576237], [-71.05693047833972, 42.30786565576237], [-71.05693047833972, 42.309523956799126], [-71.0585805201866, 42.309523956799126]]]}, "properties": {"priority": 77.88888549804688, "priority_class": "High"}}, {"type": "Feature", "geometry": {"type": "Polygon", "coordinates": [[[-71.06683072942099, 42.30786565576237], [-71.06683072942099, 42.30620735472561], [-71.0651806875741, 42.30620735472561], [-71.0651806875741, 42.30786565576237], [-71.06683072942099, 42.30786565576237]]]}, "properties": {"priority": 71.36286163330078, "priority_class": "High"}}, {"type": "Feature", "geometry": {"type": "Polygon", "coordinates": [[[-71.0651806875741, 42.30786565576237], [-71.0651806875741, 42.30620735472561], [-71.06353064572723, 42.30620735472561], [-71.06353064572723, 42.30786565576237], [-71.0651806875741, 42.30786565576237]]]}, "properties": {"priority": 69.65763854980469, "priority_class": "Medium"}}, {"type": "Feature", "geometry": {"type": "Polygon", "coordinates": [[[-71.06353064572723, 42.30786565576237], [-71.06353064572723, 42.30620735472561], [-71.06188060388035, 42.30620735472561], [-71.06188060388035, 42.30786565576237], [-71.06353064572723, 42.30786565576237]]]}, "properties": {"priority": 72.08429718017578, "priority_class": "High"}}, {"type": "Feature", "geometry": {"type": "Polygon", "coordinates": [[[-71.06188060388035, 42.30786565576237], [-71.06188060388035, 42.30620735472561], [-71.06023056203348, 42.30620735472561], [-71.06023056203348, 42.30786565576237], [-71.06188060388035, 42.30786565576237]]]}, "properties": {"priority": 75.09547424316406, "priority_class": "High"}}, {"type": "Feature", "geometry": {"type": "Polygon", "coordinates": [[[-71.06023056203348, 42.30786565576237], [-71.06023056203348, 42.30620735472561], [-71.0585805201866, 42.30620735472561], [-71.0585805201866, 42.30786565576237], [-71.06023056203348, 42.30786565576237]]]}, "properties": {"priority": 77.18195343017578, "priority_class": "High"}}, {"type": "Feature", "geometry": {"type": "Polygon", "coordinates": [[[-71.0585805201866, 42.30786565576237], [-71.0585805201866, 42.30620735472561], [-71.05693047833972, 42.30620735472561], [-71.05693047833972, 42.30786565576237], [-71.0585805201866, 42.30786565576237]]]}, "properties": {"priority": 80.72064971923828, "priority_class": "High"}}, {"type": "Feature", "geometry": {"type": "Polygon", "coordinates": [[[-71.06683072942099, 42.30620735472561], [-71.06683072942099, 42.30454905368885], [-71.0651806875741, 42.30454905368885], [-71.0651806875741, 42.30620735472561], [-71.06683072942099, 42.30620735472561]]]}, "properties": {"priority": 74.509033203125, "priority_class": "High"}}, {"type": "Feature", "geometry": {"type": "Polygon", "coordinates": [[[-71.0651806875741, 42.30620735472561], [-71.0651806875741, 42.30454905368885], [-71.06353064572723, 42.30454905368885], [-71.06353064572723, 42.30620735472561], [-71.0651806875741, 42.30620735472561]]]}, "properties": {"priority": 72.1265640258789, "priority_class": "High"}}, {"type": "Feature", "geometry": {"type": "Polygon", "coordinates": [[[-71.06353064572723, 42.30620735472561], [-71.06353064572723, 42.30454905368885], [-71.06188060388035, 42.30454905368885], [-71.06188060388035, 42.30620735472561], [-71.06353064572723, 42.30620735472561]]]}, "properties": {"priority": 70.09088134765625, "priority_class": "High"}}, {"type": "Feature", "geometry": {"type": "Polygon", "coordinates": [[[-71.06188060388035, 42.30620735472561], [-71.06188060388035, 42.30454905368885], [-71.06023056203348, 42.30454905368885], [-71.06023056203348, 42.30620735472561], [-71.06188060388035, 42.30620735472561]]]}, "properties": {"priority": 71.76509857177734, "priority_class": "High"}}, {"type": "Feature", "geometry": {"type": "Polygon", "coordinates": [[[-71.06023056203348, 42.30620735472561], [-71.06023056203348, 42.30454905368885], [-71.0585805201866, 42.30454905368885], [-71.0585805201866, 42.30620735472561], [-71.06023056203348, 42.30620735472561]]]}, "properties": {"priority": 78.13678741455078, "priority_class": "High"}}, {"type": "Feature", "geometry": {"type": "Polygon", "coordinates": [[[-71.0585805201866, 42.30620735472561], [-71.0585805201866, 42.30454905368885], [-71.05693047833972, 42.30454905368885], [-71.05693047833972, 42.30620735472561], [-71.0585805201866, 42.30620735472561]]]}, "properties": {"priority": 80.41677856445312, "priority_class": "High"}}, {"type": "Feature", "geometry": {"type": "Polygon", "coordinates": [[[-71.06683072942099, 42.30454905368885], [-71.06683072942099, 42.3028907526521], [-71.0651806875741, 42.3028907526521], [-71.0651806875741, 42.30454905368885], [-71.06683072942099, 42.30454905368885]]]}, "properties": {"priority": 71.70905303955078, "priority_class": "High"}}, {"type": "Feature", "geometry": {"type": "Polygon", "coordinates": [[[-71.0651806875741, 42.30454905368885], [-71.0651806875741, 42.3028907526521], [-71.06353064572723, 42.3028907526521], [-71.06353064572723, 42.30454905368885], [-71.0651806875741, 42.30454905368885]]]}, "properties": {"priority": 70.80188751220703, "priority_class": "High"}}, {"type": "Feature", "geometry": {"type": "Polygon", "coordinates": [[[-71.06353064572723, 42.30454905368885], [-71.06353064572723, 42.3028907526521], [-71.06188060388035, 42.3028907526521], [-71.06188060388035, 42.30454905368885], [-71.06353064572723, 42.30454905368885]]]}, "properties": {"priority": 68.34351348876953, "priority_class": "Medium"}}, {"type": "Feature", "geometry": {"type": "Polygon", "coordinates": [[[-71.06188060388035, 42.30454905368885], [-71.06188060388035, 42.3028907526521], [-71.06023056203348, 42.3028907526521], [-71.06023056203348, 42.30454905368885], [-71.06188060388035, 42.30454905368885]]]}, "properties": {"priority": 71.47532653808594, "priority_class": "High"}}, {"type": "Feature", "geometry": {"type": "Polygon", "coordinates": [[[-71.06023056203348, 42.30454905368885], [-71.06023056203348, 42.3028907526521], [-71.0585805201866, 42.3028907526521], [-71.0585805201866, 42.30454905368885], [-71.06023056203348, 42.30454905368885]]]}, "properties": {"priority": 78.80228424072266, "priority_class": "High"}}, {"type": "Feature", "geometry": {"type": "Polygon", "coordinates": [[[-71.0585805201866, 42.30454905368885], [-71.0585805201866, 42.3028907526521], [-71.05693047833972, 42.3028907526521], [-71.05693047833972, 42.30454905368885], [-71.0585805201866, 42.30454905368885]]]}, "properties": {"priority": 76.89921569824219, "priority_class": "High"}}, {"type": "Feature", "geometry": {"type": "Polygon", "coordinates": [[[-71.06683072942099, 42.3028907526521], [-71.06683072942099, 42.301232451615334], [-71.0651806875741, 42.301232451615334], [-71.0651806875741, 42.3028907526521], [-71.06683072942099, 42.3028907526521]]]}, "properties": {"priority": 71.14830780029297, "priority_class": "High"}}, {"type": "Feature", "geometry": {"type": "Polygon", "coordinates": [[[-71.0651806875741, 42.3028907526521], [-71.0651806875741, 42.301232451615334], [-71.06353064572723, 42.301232451615334], [-71.06353064572723, 42.3028907526521], [-71.0651806875741, 42.3028907526521]]]}, "properties": {"priority": 71.98937225341797, "priority_class": "High"}}, {"type": "Feature", "geometry": {"type": "Polygon", "coordinates": [[[-71.06353064572723, 42.3028907526521], [-71.06353064572723, 42.301232451615334], [-71.06188060388035, 42.301232451615334], [-71.06188060388035, 42.3028907526521], [-71.06353064572723, 42.3028907526521]]]}, "properties": {"priority": 73.92469787597656, "priority_class": "High"}}, {"type": "Feature", "geometry": {"type": "Polygon", "coordinates": [[[-71.06188060388035, 42.3028907526521], [-71.06188060388035, 42.301232451615334], [-71.06023056203348, 42.301232451615334], [-71.06023056203348, 42.3028907526521], [-71.06188060388035, 42.3028907526521]]]}, "properties": {"priority": 76.17123413085938, "priority_class": "High"}}, {"type": "Feature", "geometry": {"type": "Polygon", "coordinates": [[[-71.06023056203348, 42.3028907526521], [-71.06023056203348, 42.301232451615334], [-71.0585805201866, 42.301232451615334], [-71.0585805201866, 42.3028907526521], [-71.06023056203348, 42.3028907526521]]]}, "properties": {"priority": 76.83360290527344, "priority_class": "High"}}, {"type": "Feature", "geometry": {"type": "Polygon", "coordinates": [[[-71.0585805201866, 42.3028907526521], [-71.0585805201866, 42.301232451615334], [-71.05693047833972, 42.301232451615334], [-71.05693047833972, 42.3028907526521], [-71.0585805201866, 42.3028907526521]]]}, "properties": {"priority": 73.8231430053711, "priority_class": "High"}}, {"type": "Feature", "geometry": {"type": "Polygon", "coordinates": [[[-71.06683072942099, 42.301232451615334], [-71.06683072942099, 42.29957415057858], [-71.0651806875741, 42.29957415057858], [-71.0651806875741, 42.301232451615334], [-71.06683072942099, 42.301232451615334]]]}, "properties": {"priority": 72.29570007324219, "priority_class": "High"}}, {"type": "Feature", "geometry": {"type": "Polygon", "coordinates": [[[-71.0651806875741, 42.301232451615334], [-71.0651806875741, 42.29957415057858], [-71.06353064572723, 42.29957415057858], [-71.06353064572723, 42.301232451615334], [-71.0651806875741, 42.301232451615334]]]}, "properties": {"priority": 74.95903778076172, "priority_class": "High"}}, {"type": "Feature", "geometry": {"type": "Polygon", "coordinates": [[[-71.06353064572723, 42.301232451615334], [-71.06353064572723, 42.29957415057858], [-71.06188060388035, 42.29957415057858], [-71.06188060388035, 42.301232451615334], [-71.06353064572723, 42.301232451615334]]]}, "properties": {"priority": 76.23894500732422, "priority_class": "High"}}, {"type": "Feature", "geometry": {"type": "Polygon", "coordinates": [[[-71.06188060388035, 42.301232451615334], [-71.06188060388035, 42.29957415057858], [-71.06023056203348, 42.29957415057858], [-71.06023056203348, 42.301232451615334], [-71.06188060388035, 42.301232451615334]]]}, "properties": {"priority": 77.48974609375, "priority_class": "High"}}, {"type": "Feature", "geometry": {"type": "Polygon", "coordinates": [[[-71.06023056203348, 42.301232451615334], [-71.06023056203348, 42.29957415057858], [-71.0585805201866, 42.29957415057858], [-71.0585805201866, 42.301232451615334], [-71.06023056203348, 42.301232451615334]]]}, "properties": {"priority": 76.00151824951172, "priority_class": "High"}}, {"type": "Feature", "geometry": {"type": "Polygon", "coordinates": [[[-71.0585805201866, 42.301232451615334], [-71.0585805201866, 42.29957415057858], [-71.05693047833972, 42.29957415057858], [-71.05693047833972, 42.301232451615334], [-71.0585805201866, 42.301232451615334]]]}, "properties": {"priority": 72.70722961425781, "priority_class": "High"}}, {"type": "Feature", "geometry": {"type": "Polygon", "coordinates": [[[-71.06683072942099, 42.29957415057858], [-71.06683072942099, 42.297915849541816], [-71.0651806875741, 42.297915849541816], [-71.0651806875741, 42.29957415057858], [-71.06683072942099, 42.29957415057858]]]}, "properties": {"priority": 66.7616958618164, "priority_class": "Medium"}}, {"type": "Feature", "geometry": {"type": "Polygon", "coordinates": [[[-71.0651806875741, 42.29957415057858], [-71.0651806875741, 42.297915849541816], [-71.06353064572723, 42.297915849541816], [-71.06353064572723, 42.29957415057858], [-71.0651806875741, 42.29957415057858]]]}, "properties": {"priority": 72.88282775878906, "priority_class": "High"}}, {"type": "Feature", "geometry": {"type": "Polygon", "coordinates": [[[-71.06353064572723, 42.29957415057858], [-71.06353064572723, 42.297915849541816], [-71.06188060388035, 42.297915849541816], [-71.06188060388035, 42.29957415057858], [-71.06353064572723, 42.29957415057858]]]}, "properties": {"priority": 78.82029724121094, "priority_class": "High"}}, {"type": "Feature", "geometry": {"type": "Polygon", "coordinates": [[[-71.06188060388035, 42.29957415057858], [-71.06188060388035, 42.297915849541816], [-71.06023056203348, 42.297915849541816], [-71.06023056203348, 42.29957415057858], [-71.06188060388035, 42.29957415057858]]]}, "properties": {"priority": 77.27914428710938, "priority_class": "High"}}, {"type": "Feature", "geometry": {"type": "Polygon", "coordinates": [[[-71.06023056203348, 42.29957415057858], [-71.06023056203348, 42.297915849541816], [-71.0585805201866, 42.297915849541816], [-71.0585805201866, 42.29957415057858], [-71.06023056203348, 42.29957415057858]]]}, "properties": {"priority": 76.74330139160156, "priority_class": "High"}}, {"type": "Feature", "geometry": {"type": "Polygon", "coordinates": [[[-71.0585805201866, 42.29957415057858], [-71.0585805201866, 42.297915849541816], [-71.05693047833972, 42.297915849541816], [-71.05693047833972, 42.29957415057858], [-71.0585805201866, 42.29957415057858]]]}, "properties": {"priority": 74.67816162109375, "priority_class": "High"}}, {"type": "Feature", "geometry": {"type": "Polygon", "coordinates": [[[-71.06683072942099, 42.297915849541816], [-71.06683072942099, 42.29625754850506], [-71.0651806875741, 42.29625754850506], [-71.0651806875741, 42.297915849541816], [-71.06683072942099, 42.297915849541816]]]}, "properties": {"priority": 62.950714111328125, "priority_class": "Medium"}}, {"type": "Feature", "geometry": {"type": "Polygon", "coordinates": [[[-71.0651806875741, 42.297915849541816], [-71.0651806875741, 42.29625754850506], [-71.06353064572723, 42.29625754850506], [-71.06353064572723, 42.297915849541816], [-71.0651806875741, 42.297915849541816]]]}, "properties": {"priority": 66.39492797851562, "priority_class": "Medium"}}, {"type": "Feature", "geometry": {"type": "Polygon", "coordinates": [[[-71.06353064572723, 42.297915849541816], [-71.06353064572723, 42.29625754850506], [-71.06188060388035, 42.29625754850506], [-71.06188060388035, 42.297915849541816], [-71.06353064572723, 42.297915849541816]]]}, "properties": {"priority": 67.30018615722656, "priority_class": "Medium"}}, {"type": "Feature", "geometry": {"type": "Polygon", "coordinates": [[[-71.06188060388035, 42.297915849541816], [-71.06188060388035, 42.29625754850506], [-71.06023056203348, 42.29625754850506], [-71.06023056203348, 42.297915849541816], [-71.06188060388035, 42.297915849541816]]]}, "properties": {"priority": 67.84646606445312, "priority_class": "Medium"}}, {"type": "Feature", "geometry": {"type": "Polygon", "coordinates": [[[-71.06023056203348, 42.297915849541816], [-71.06023056203348, 42.29625754850506], [-71.0585805201866, 42.29625754850506], [-71.0585805201866, 42.297915849541816], [-71.06023056203348, 42.297915849541816]]]}, "properties": {"priority": 70.07711029052734, "priority_class": "High"}}, {"type": "Feature", "geometry": {"type": "Polygon", "coordinates": [[[-71.0585805201866, 42.297915849541816], [-71.0585805201866, 42.29625754850506], [-71.05693047833972, 42.29625754850506], [-71.05693047833972, 42.297915849541816], [-71.0585805201866, 42.297915849541816]]]}, "properties": {"priority": 70.18621063232422, "priority_class": "High"}}, {"type": "Feature", "geometry": {"type": "Polygon", "coordinates": [[[-71.06683072942099, 42.29625754850506], [-71.06683072942099, 42.294599247468305], [-71.0651806875741, 42.294599247468305], [-71.0651806875741, 42.29625754850506], [-71.06683072942099, 42.29625754850506]]]}, "properties": {"priority": 62.188331604003906, "priority_class": "Medium"}}, {"type": "Feature", "geometry": {"type": "Polygon", "coordinates": [[[-71.0651806875741, 42.29625754850506], [-71.0651806875741, 42.294599247468305], [-71.06353064572723, 42.294599247468305], [-71.06353064572723, 42.29625754850506], [-71.0651806875741, 42.29625754850506]]]}, "properties": {"priority": 62.023563385009766, "priority_class": "Medium"}}, {"type": "Feature", "geometry": {"type": "Polygon", "coordinates": [[[-71.06353064572723, 42.29625754850506], [-71.06353064572723, 42.294599247468305], [-71.06188060388035, 42.294599247468305], [-71.06188060388035, 42.29625754850506], [-71.06353064572723, 42.29625754850506]]]}, "properties": {"priority": 67.20071411132812, "priority_class": "Medium"}}, {"type": "Feature", "geometry": {"type": "Polygon", "coordinates": [[[-71.06188060388035, 42.29625754850506], [-71.06188060388035, 42.294599247468305], [-71.06023056203348, 42.294599247468305], [-71.06023056203348, 42.29625754850506], [-71.06188060388035, 42.29625754850506]]]}, "properties": {"priority": 69.13349914550781, "priority_class": "Medium"}}, {"type": "Feature", "geometry": {"type": "Polygon", "coordinates": [[[-71.06023056203348, 42.29625754850506], [-71.06023056203348, 42.294599247468305], [-71.0585805201866, 42.294599247468305], [-71.0585805201866, 42.29625754850506], [-71.06023056203348, 42.29625754850506]]]}, "properties": {"priority": 69.95860290527344, "priority_class": "Medium"}}, {"type": "Feature", "geometry": {"type": "Polygon", "coordinates": [[[-71.0585805201866, 42.29625754850506], [-71.0585805201866, 42.294599247468305], [-71.05693047833972, 42.294599247468305], [-71.05693047833972, 42.29625754850506], [-71.0585805201866, 42.29625754850506]]]}, "properties": {"priority": 70.3968505859375, "priority_class": "High"}}, {"type": "Feature", "geometry": {"type": "Polygon", "coordinates": [[[-71.06683072942099, 42.294599247468305], [-71.06683072942099, 42.29294094643154], [-71.0651806875741, 42.29294094643154], [-71.0651806875741, 42.294599247468305], [-71.06683072942099, 42.294599247468305]]]}, "properties": {"priority": 65.93109130859375, "priority_class": "Medium"}}, {"type": "Feature", "geometry": {"type": "Polygon", "coordinates": [[[-71.0651806875741, 42.294599247468305], [-71.0651806875741, 42.29294094643154], [-71.06353064572723, 42.29294094643154], [-71.06353064572723, 42.294599247468305], [-71.0651806875741, 42.294599247468305]]]}, "properties": {"priority": 65.4447021484375, "priority_class": "Medium"}}, {"type": "Feature", "geometry": {"type": "Polygon", "coordinates": [[[-71.06353064572723, 42.294599247468305], [-71.06353064572723, 42.29294094643154], [-71.06188060388035, 42.29294094643154], [-71.06188060388035, 42.294599247468305], [-71.06353064572723, 42.294599247468305]]]}, "properties": {"priority": 69.49055480957031, "priority_class": "Medium"}}, {"type": "Feature", "geometry": {"type": "Polygon", "coordinates": [[[-71.06188060388035, 42.294599247468305], [-71.06188060388035, 42.29294094643154], [-71.06023056203348, 42.29294094643154], [-71.06023056203348, 42.294599247468305], [-71.06188060388035, 42.294599247468305]]]}, "properties": {"priority": 69.98246002197266, "priority_class": "Medium"}}, {"type": "Feature", "geometry": {"type": "Polygon", "coordinates": [[[-71.06023056203348, 42.294599247468305], [-71.06023056203348, 42.29294094643154], [-71.0585805201866, 42.29294094643154], [-71.0585805201866, 42.294599247468305], [-71.06023056203348, 42.294599247468305]]]}, "properties": {"priority": 69.22120666503906, "priority_class": "Medium"}}, {"type": "Feature", "geometry": {"type": "Polygon", "coordinates": [[[-71.0585805201866, 42.294599247468305], [-71.0585805201866, 42.29294094643154], [-71.05693047833972, 42.29294094643154], [-71.05693047833972, 42.294599247468305], [-71.0585805201866, 42.294599247468305]]]}, "properties": {"priority": 66.62096405029297, "priority_class": "Medium"}}, {"type": "Feature", "geometry": {"type": "Polygon", "coordinates": [[[-71.06683072942099, 42.29294094643154], [-71.06683072942099, 42.29128264539479], [-71.0651806875741, 42.29128264539479], [-71.0651806875741, 42.29294094643154], [-71.06683072942099, 42.29294094643154]]]}, "properties": {"priority": 68.72020721435547, "priority_class": "Medium"}}, {"type": "Feature", "geometry": {"type": "Polygon", "coordinates": [[[-71.0651806875741, 42.29294094643154], [-71.0651806875741, 42.29128264539479], [-71.06353064572723, 42.29128264539479], [-71.06353064572723, 42.29294094643154], [-71.0651806875741, 42.29294094643154]]]}, "properties": {"priority": 69.45154571533203, "priority_class": "Medium"}}, {"type": "Feature", "geometry": {"type": "Polygon", "coordinates": [[[-71.06353064572723, 42.29294094643154], [-71.06353064572723, 42.29128264539479], [-71.06188060388035, 42.29128264539479], [-71.06188060388035, 42.29294094643154], [-71.06353064572723, 42.29294094643154]]]}, "properties": {"priority": 72.6075439453125, "priority_class": "High"}}, {"type": "Feature", "geometry": {"type": "Polygon", "coordinates": [[[-71.06188060388035, 42.29294094643154], [-71.06188060388035, 42.29128264539479], [-71.06023056203348, 42.29128264539479], [-71.06023056203348, 42.29294094643154], [-71.06188060388035, 42.29294094643154]]]}, "properties": {"priority": 71.56365203857422, "priority_class": "High"}}, {"type": "Feature", "geometry": {"type": "Polygon", "coordinates": [[[-71.06023056203348, 42.29294094643154], [-71.06023056203348, 42.29128264539479], [-71.0585805201866, 42.29128264539479], [-71.0585805201866, 42.29294094643154], [-71.06023056203348, 42.29294094643154]]]}, "properties": {"priority": 69.04495239257812, "priority_class": "Medium"}}, {"type": "Feature", "geometry": {"type": "Polygon", "coordinates": [[[-71.0585805201866, 42.29294094643154], [-71.0585805201866, 42.29128264539479], [-71.05693047833972, 42.29128264539479], [-71.05693047833972, 42.29294094643154], [-71.0585805201866, 42.29294094643154]]]}, "properties": {"priority": 65.41173553466797, "priority_class": "Medium"}}, {"type": "Feature", "geometry": {"type": "Polygon", "coordinates": [[[-71.06683072942099, 42.29128264539479], [-71.06683072942099, 42.28962434435803], [-71.0651806875741, 42.28962434435803], [-71.0651806875741, 42.29128264539479], [-71.06683072942099, 42.29128264539479]]]}, "properties": {"priority": 71.43510437011719, "priority_class": "High"}}, {"type": "Feature", "geometry": {"type": "Polygon", "coordinates": [[[-71.0651806875741, 42.29128264539479], [-71.0651806875741, 42.28962434435803], [-71.06353064572723, 42.28962434435803], [-71.06353064572723, 42.29128264539479], [-71.0651806875741, 42.29128264539479]]]}, "properties": {"priority": 71.05806732177734, "priority_class": "High"}}, {"type": "Feature", "geometry": {"type": "Polygon", "coordinates": [[[-71.06353064572723, 42.29128264539479], [-71.06353064572723, 42.28962434435803], [-71.06188060388035, 42.28962434435803], [-71.06188060388035, 42.29128264539479], [-71.06353064572723, 42.29128264539479]]]}, "properties": {"priority": 72.6255874633789, "priority_class": "High"}}, {"type": "Feature", "geometry": {"type": "Polygon", "coordinates": [[[-71.06188060388035, 42.29128264539479], [-71.06188060388035, 42.28962434435803], [-71.06023056203348, 42.28962434435803], [-71.06023056203348, 42.29128264539479], [-71.06188060388035, 42.29128264539479]]]}, "properties": {"priority": 71.23648834228516, "priority_class": "High"}}, {"type": "Feature", "geometry": {"type": "Polygon", "coordinates": [[[-71.06023056203348, 42.29128264539479], [-71.06023056203348, 42.28962434435803], [-71.0585805201866, 42.28962434435803], [-71.0585805201866, 42.29128264539479], [-71.06023056203348, 42.29128264539479]]]}, "properties": {"priority": 69.38790130615234, "priority_class": "Medium"}}, {"type": "Feature", "geometry": {"type": "Polygon", "coordinates": [[[-71.0585805201866, 42.29128264539479], [-71.0585805201866, 42.28962434435803], [-71.05693047833972, 42.28962434435803], [-71.05693047833972, 42.29128264539479], [-71.0585805201866, 42.29128264539479]]]}, "properties": {"priority": 65.97899627685547, "priority_class": "Medium"}}, {"type": "Feature", "geometry": {"type": "Polygon", "coordinates": [[[-71.06683072942099, 42.28962434435803], [-71.06683072942099, 42.28796604332127], [-71.0651806875741, 42.28796604332127], [-71.0651806875741, 42.28962434435803], [-71.06683072942099, 42.28962434435803]]]}, "properties": {"priority": 69.33092498779297, "priority_class": "Medium"}}, {"type": "Feature", "geometry": {"type": "Polygon", "coordinates": [[[-71.0651806875741, 42.28962434435803], [-71.0651806875741, 42.28796604332127], [-71.06353064572723, 42.28796604332127], [-71.06353064572723, 42.28962434435803], [-71.0651806875741, 42.28962434435803]]]}, "properties": {"priority": 74.36636352539062, "priority_class": "High"}}, {"type": "Feature", "geometry": {"type": "Polygon", "coordinates": [[[-71.06353064572723, 42.28962434435803], [-71.06353064572723, 42.28796604332127], [-71.06188060388035, 42.28796604332127], [-71.06188060388035, 42.28962434435803], [-71.06353064572723, 42.28962434435803]]]}, "properties": {"priority": 70.64763641357422, "priority_class": "High"}}, {"type": "Feature", "geometry": {"type": "Polygon", "coordinates": [[[-71.06188060388035, 42.28962434435803], [-71.06188060388035, 42.28796604332127], [-71.06023056203348, 42.28796604332127], [-71.06023056203348, 42.28962434435803], [-71.06188060388035, 42.28962434435803]]]}, "properties": {"priority": 67.1588363647461, "priority_class": "Medium"}}, {"type": "Feature", "geometry": {"type": "Polygon", "coordinates": [[[-71.06023056203348, 42.28962434435803], [-71.06023056203348, 42.28796604332127], [-71.0585805201866, 42.28796604332127], [-71.0585805201866, 42.28962434435803], [-71.06023056203348, 42.28962434435803]]]}, "properties": {"priority": 66.48778533935547, "priority_class": "Medium"}}, {"type": "Feature", "geometry": {"type": "Polygon", "coordinates": [[[-71.0585805201866, 42.28962434435803], [-71.0585805201866, 42.28796604332127], [-71.05693047833972, 42.28796604332127], [-71.05693047833972, 42.28962434435803], [-71.0585805201866, 42.28962434435803]]]}, "properties": {"priority": 65.60775756835938, "priority_class": "Medium"}}, {"type": "Feature", "geometry": {"type": "Polygon", "coordinates": [[[-71.06683072942099, 42.28796604332127], [-71.06683072942099, 42.286307742284514], [-71.0651806875741, 42.286307742284514], [-71.0651806875741, 42.28796604332127], [-71.06683072942099, 42.28796604332127]]]}, "properties": {"priority": 58.65369415283203, "priority_class": "Medium"}}, {"type": "Feature", "geometry": {"type": "Polygon", "coordinates": [[[-71.0651806875741, 42.28796604332127], [-71.0651806875741, 42.286307742284514], [-71.06353064572723, 42.286307742284514], [-71.06353064572723, 42.28796604332127], [-71.0651806875741, 42.28796604332127]]]}, "properties": {"priority": 66.49452209472656, "priority_class": "Medium"}}, {"type": "Feature", "geometry": {"type": "Polygon", "coordinates": [[[-71.06353064572723, 42.28796604332127], [-71.06353064572723, 42.286307742284514], [-71.06188060388035, 42.286307742284514], [-71.06188060388035, 42.28796604332127], [-71.06353064572723, 42.28796604332127]]]}, "properties": {"priority": 64.12835693359375, "priority_class": "Medium"}}, {"type": "Feature", "geometry": {"type": "Polygon", "coordinates": [[[-71.06188060388035, 42.28796604332127], [-71.06188060388035, 42.286307742284514], [-71.06023056203348, 42.286307742284514], [-71.06023056203348, 42.28796604332127], [-71.06188060388035, 42.28796604332127]]]}, "properties": {"priority": 61.779930114746094, "priority_class": "Medium"}}, {"type": "Feature", "geometry": {"type": "Polygon", "coordinates": [[[-71.06023056203348, 42.28796604332127], [-71.06023056203348, 42.286307742284514], [-71.0585805201866, 42.286307742284514], [-71.0585805201866, 42.28796604332127], [-71.06023056203348, 42.28796604332127]]]}, "properties": {"priority": 62.7202262878418, "priority_class": "Medium"}}, {"type": "Feature", "geometry": {"type": "Polygon", "coordinates": [[[-71.0585805201866, 42.28796604332127], [-71.0585805201866, 42.286307742284514], [-71.05693047833972, 42.286307742284514], [-71.05693047833972, 42.28796604332127], [-71.0585805201866, 42.28796604332127]]]}, "properties": {"priority": 66.0445327758789, "priority_class": "Medium"}}, {"type": "Feature", "geometry": {"type": "Polygon", "coordinates": [[[-71.06683072942099, 42.286307742284514], [-71.06683072942099, 42.28464944124776], [-71.0651806875741, 42.28464944124776], [-71.0651806875741, 42.286307742284514], [-71.06683072942099, 42.286307742284514]]]}, "properties": {"priority": 59.31745910644531, "priority_class": "Medium"}}, {"type": "Feature", "geometry": {"type": "Polygon", "coordinates": [[[-71.0651806875741, 42.286307742284514], [-71.0651806875741, 42.28464944124776], [-71.06353064572723, 42.28464944124776], [-71.06353064572723, 42.286307742284514], [-71.0651806875741, 42.286307742284514]]]}, "properties": {"priority": 64.10337829589844, "priority_class": "Medium"}}, {"type": "Feature", "geometry": {"type": "Polygon", "coordinates": [[[-71.06353064572723, 42.286307742284514], [-71.06353064572723, 42.28464944124776], [-71.06188060388035, 42.28464944124776], [-71.06188060388035, 42.286307742284514], [-71.06353064572723, 42.286307742284514]]]}, "properties": {"priority": 60.546016693115234, "priority_class": "Medium"}}, {"type": "Feature", "geometry": {"type": "Polygon", "coordinates": [[[-71.06188060388035, 42.286307742284514], [-71.06188060388035, 42.28464944124776], [-71.06023056203348, 42.28464944124776], [-71.06023056203348, 42.286307742284514], [-71.06188060388035, 42.286307742284514]]]}, "properties": {"priority": 58.766563415527344, "priority_class": "Medium"}}, {"type": "Feature", "geometry": {"type": "Polygon", "coordinates": [[[-71.06023056203348, 42.286307742284514], [-71.06023056203348, 42.28464944124776], [-71.0585805201866, 42.28464944124776], [-71.0585805201866, 42.286307742284514], [-71.06023056203348, 42.286307742284514]]]}, "properties": {"priority": 62.217010498046875, "priority_class": "Medium"}}, {"type": "Feature", "geometry": {"type": "Polygon", "coordinates": [[[-71.0585805201866, 42.286307742284514], [-71.0585805201866, 42.28464944124776], [-71.05693047833972, 42.28464944124776], [-71.05693047833972, 42.286307742284514], [-71.0585805201866, 42.286307742284514]]]}, "properties": {"priority": 64.8976058959961, "priority_class": "Medium"}}, {"type": "Feature", "geometry": {"type": "Polygon", "coordinates": [[[-71.06683072942099, 42.28464944124776], [-71.06683072942099, 42.282991140210996], [-71.0651806875741, 42.282991140210996], [-71.0651806875741, 42.28464944124776], [-71.06683072942099, 42.28464944124776]]]}, "properties": {"priority": 62.1490592956543, "priority_class": "Medium"}}, {"type": "Feature", "geometry": {"type": "Polygon", "coordinates": [[[-71.0651806875741, 42.28464944124776], [-71.0651806875741, 42.282991140210996], [-71.06353064572723, 42.282991140210996], [-71.06353064572723, 42.28464944124776], [-71.0651806875741, 42.28464944124776]]]}, "properties": {"priority": 63.59227752685547, "priority_class": "Medium"}}, {"type": "Feature", "geometry": {"type": "Polygon", "coordinates": [[[-71.06353064572723, 42.28464944124776], [-71.06353064572723, 42.282991140210996], [-71.06188060388035, 42.282991140210996], [-71.06188060388035, 42.28464944124776], [-71.06353064572723, 42.28464944124776]]]}, "properties": {"priority": 59.98192596435547, "priority_class": "Medium"}}, {"type": "Feature", "geometry": {"type": "Polygon", "coordinates": [[[-71.06188060388035, 42.28464944124776], [-71.06188060388035, 42.282991140210996], [-71.06023056203348, 42.282991140210996], [-71.06023056203348, 42.28464944124776], [-71.06188060388035, 42.28464944124776]]]}, "properties": {"priority": 59.424686431884766, "priority_class": "Medium"}}, {"type": "Feature", "geometry": {"type": "Polygon", "coordinates": [[[-71.06023056203348, 42.28464944124776], [-71.06023056203348, 42.282991140210996], [-71.0585805201866, 42.282991140210996], [-71.0585805201866, 42.28464944124776], [-71.06023056203348, 42.28464944124776]]]}, "properties": {"priority": 62.55764389038086, "priority_class": "Medium"}}, {"type": "Feature", "geometry": {"type": "Polygon", "coordinates": [[[-71.0585805201866, 42.28464944124776], [-71.0585805201866, 42.282991140210996], [-71.05693047833972, 42.282991140210996], [-71.05693047833972, 42.28464944124776], [-71.0585805201866, 42.28464944124776]]]}, "properties": {"priority": 64.97199249267578, "priority_class": "Medium"}}, {"type": "Feature", "geometry": {"type": "Polygon", "coordinates": [[[-71.06683072942099, 42.282991140210996], [-71.06683072942099, 42.28133283917424], [-71.0651806875741, 42.28133283917424], [-71.0651806875741, 42.282991140210996], [-71.06683072942099, 42.282991140210996]]]}, "properties": {"priority": 61.34469985961914, "priority_class": "Medium"}}, {"type": "Feature", "geometry": {"type": "Polygon", "coordinates": [[[-71.0651806875741, 42.282991140210996], [-71.0651806875741, 42.28133283917424], [-71.06353064572723, 42.28133283917424], [-71.06353064572723, 42.282991140210996], [-71.0651806875741, 42.282991140210996]]]}, "properties": {"priority": 61.48543930053711, "priority_class": "Medium"}}, {"type": "Feature", "geometry": {"type": "Polygon", "coordinates": [[[-71.06353064572723, 42.282991140210996], [-71.06353064572723, 42.28133283917424], [-71.06188060388035, 42.28133283917424], [-71.06188060388035, 42.282991140210996], [-71.06353064572723, 42.282991140210996]]]}, "properties": {"priority": 59.26262283325195, "priority_class": "Medium"}}, {"type": "Feature", "geometry": {"type": "Polygon", "coordinates": [[[-71.06188060388035, 42.282991140210996], [-71.06188060388035, 42.28133283917424], [-71.06023056203348, 42.28133283917424], [-71.06023056203348, 42.282991140210996], [-71.06188060388035, 42.282991140210996]]]}, "properties": {"priority": 59.46576690673828, "priority_class": "Medium"}}, {"type": "Feature", "geometry": {"type": "Polygon", "coordinates": [[[-71.06023056203348, 42.282991140210996], [-71.06023056203348, 42.28133283917424], [-71.0585805201866, 42.28133283917424], [-71.0585805201866, 42.282991140210996], [-71.06023056203348, 42.282991140210996]]]}, "properties": {"priority": 60.95448303222656, "priority_class": "Medium"}}, {"type": "Feature", "geometry": {"type": "Polygon", "coordinates": [[[-71.0585805201866, 42.282991140210996], [-71.0585805201866, 42.28133283917424], [-71.05693047833972, 42.28133283917424], [-71.05693047833972, 42.282991140210996], [-71.0585805201866, 42.282991140210996]]]}, "properties": {"priority": 61.64674758911133, "priority_class": "Medium"}}, {"type": "Feature", "geometry": {"type": "Polygon", "coordinates": [[[-71.06683072942099, 42.28133283917424], [-71.06683072942099, 42.27967453813748], [-71.0651806875741, 42.27967453813748], [-71.0651806875741, 42.28133283917424], [-71.06683072942099, 42.28133283917424]]]}, "properties": {"priority": 63.095909118652344, "priority_class": "Medium"}}, {"type": "Feature", "geometry": {"type": "Polygon", "coordinates": [[[-71.0651806875741, 42.28133283917424], [-71.0651806875741, 42.27967453813748], [-71.06353064572723, 42.27967453813748], [-71.06353064572723, 42.28133283917424], [-71.0651806875741, 42.28133283917424]]]}, "properties": {"priority": 61.084686279296875, "priority_class": "Medium"}}, {"type": "Feature", "geometry": {"type": "Polygon", "coordinates": [[[-71.06353064572723, 42.28133283917424], [-71.06353064572723, 42.27967453813748], [-71.06188060388035, 42.27967453813748], [-71.06188060388035, 42.28133283917424], [-71.06353064572723, 42.28133283917424]]]}, "properties": {"priority": 58.425350189208984, "priority_class": "Medium"}}, {"type": "Feature", "geometry": {"type": "Polygon", "coordinates": [[[-71.06188060388035, 42.28133283917424], [-71.06188060388035, 42.27967453813748], [-71.06023056203348, 42.27967453813748], [-71.06023056203348, 42.28133283917424], [-71.06188060388035, 42.28133283917424]]]}, "properties": {"priority": 56.8148078918457, "priority_class": "Medium"}}, {"type": "Feature", "geometry": {"type": "Polygon", "coordinates": [[[-71.06023056203348, 42.28133283917424], [-71.06023056203348, 42.27967453813748], [-71.0585805201866, 42.27967453813748], [-71.0585805201866, 42.28133283917424], [-71.06023056203348, 42.28133283917424]]]}, "properties": {"priority": 55.42179489135742, "priority_class": "Medium"}}, {"type": "Feature", "geometry": {"type": "Polygon", "coordinates": [[[-71.0585805201866, 42.28133283917424], [-71.0585805201866, 42.27967453813748], [-71.05693047833972, 42.27967453813748], [-71.05693047833972, 42.28133283917424], [-71.0585805201866, 42.28133283917424]]]}, "properties": {"priority": 52.11505889892578, "priority_class": "Medium"}}, {"type": "Feature", "geometry": {"type": "Polygon", "coordinates": [[[-71.06683072942099, 42.27967453813748], [-71.06683072942099, 42.27801623710072], [-71.0651806875741, 42.27801623710072], [-71.0651806875741, 42.27967453813748], [-71.06683072942099, 42.27967453813748]]]}, "properties": {"priority": 61.44987487792969, "priority_class": "Medium"}}, {"type": "Feature", "geometry": {"type": "Polygon", "coordinates": [[[-71.0651806875741, 42.27967453813748], [-71.0651806875741, 42.27801623710072], [-71.06353064572723, 42.27801623710072], [-71.06353064572723, 42.27967453813748], [-71.0651806875741, 42.27967453813748]]]}, "properties": {"priority": 54.89080047607422, "priority_class": "Medium"}}, {"type": "Feature", "geometry": {"type": "Polygon", "coordinates": [[[-71.06353064572723, 42.27967453813748], [-71.06353064572723, 42.27801623710072], [-71.06188060388035, 42.27801623710072], [-71.06188060388035, 42.27967453813748], [-71.06353064572723, 42.27967453813748]]]}, "properties": {"priority": 46.799339294433594, "priority_class": "Medium"}}, {"type": "Feature", "geometry": {"type": "Polygon", "coordinates": [[[-71.06188060388035, 42.27967453813748], [-71.06188060388035, 42.27801623710072], [-71.06023056203348, 42.27801623710072], [-71.06023056203348, 42.27967453813748], [-71.06188060388035, 42.27967453813748]]]}, "properties": {"priority": 49.709449768066406, "priority_class": "Medium"}}, {"type": "Feature", "geometry": {"type": "Polygon", "coordinates": [[[-71.06023056203348, 42.27967453813748], [-71.06023056203348, 42.27801623710072], [-71.0585805201866, 42.27801623710072], [-71.0585805201866, 42.27967453813748], [-71.06023056203348, 42.27967453813748]]]}, "properties": {"priority": 47.60625076293945, "priority_class": "Medium"}}, {"type": "Feature", "geometry": {"type": "Polygon", "coordinates": [[[-71.0585805201866, 42.27967453813748], [-71.0585805201866, 42.27801623710072], [-71.05693047833972, 42.27801623710072], [-71.05693047833972, 42.27967453813748], [-71.0585805201866, 42.27967453813748]]]}, "properties": {"priority": 42.946083068847656, "priority_class": "Medium"}}, {"type": "Feature", "geometry": {"type": "Polygon", "coordinates": [[[-71.06683072942099, 42.27801623710072], [-71.06683072942099, 42.27635793606397], [-71.0651806875741, 42.27635793606397], [-71.0651806875741, 42.27801623710072], [-71.06683072942099, 42.27801623710072]]]}, "properties": {"priority": 55.291961669921875, "priority_class": "Medium"}}, {"type": "Feature", "geometry": {"type": "Polygon", "coordinates": [[[-71.0651806875741, 42.27801623710072], [-71.0651806875741, 42.27635793606397], [-71.06353064572723, 42.27635793606397], [-71.06353064572723, 42.27801623710072], [-71.0651806875741, 42.27801623710072]]]}, "properties": {"priority": 48.65678405761719, "priority_class": "Medium"}}, {"type": "Feature", "geometry": {"type": "Polygon", "coordinates": [[[-71.06353064572723, 42.27801623710072], [-71.06353064572723, 42.27635793606397], [-71.06188060388035, 42.27635793606397], [-71.06188060388035, 42.27801623710072], [-71.06353064572723, 42.27801623710072]]]}, "properties": {"priority": 39.121944427490234, "priority_class": "Watch"}}, {"type": "Feature", "geometry": {"type": "Polygon", "coordinates": [[[-71.06188060388035, 42.27801623710072], [-71.06188060388035, 42.27635793606397], [-71.06023056203348, 42.27635793606397], [-71.06023056203348, 42.27801623710072], [-71.06188060388035, 42.27801623710072]]]}, "properties": {"priority": 44.226356506347656, "priority_class": "Medium"}}, {"type": "Feature", "geometry": {"type": "Polygon", "coordinates": [[[-71.06023056203348, 42.27801623710072], [-71.06023056203348, 42.27635793606397], [-71.0585805201866, 42.27635793606397], [-71.0585805201866, 42.27801623710072], [-71.06023056203348, 42.27801623710072]]]}, "properties": {"priority": 43.22858810424805, "priority_class": "Medium"}}, {"type": "Feature", "geometry": {"type": "Polygon", "coordinates": [[[-71.0585805201866, 42.27801623710072], [-71.0585805201866, 42.27635793606397], [-71.05693047833972, 42.27635793606397], [-71.05693047833972, 42.27801623710072], [-71.0585805201866, 42.27801623710072]]]}, "properties": {"priority": 41.902488708496094, "priority_class": "Medium"}}, {"type": "Feature", "geometry": {"type": "Polygon", "coordinates": [[[-71.06683072942099, 42.27635793606397], [-71.06683072942099, 42.274699635027204], [-71.0651806875741, 42.274699635027204], [-71.0651806875741, 42.27635793606397], [-71.06683072942099, 42.27635793606397]]]}, "properties": {"priority": 48.22596740722656, "priority_class": "Medium"}}, {"type": "Feature", "geometry": {"type": "Polygon", "coordinates": [[[-71.0651806875741, 42.27635793606397], [-71.0651806875741, 42.274699635027204], [-71.06353064572723, 42.274699635027204], [-71.06353064572723, 42.27635793606397], [-71.0651806875741, 42.27635793606397]]]}, "properties": {"priority": 43.12273406982422, "priority_class": "Medium"}}, {"type": "Feature", "geometry": {"type": "Polygon", "coordinates": [[[-71.06353064572723, 42.27635793606397], [-71.06353064572723, 42.274699635027204], [-71.06188060388035, 42.274699635027204], [-71.06188060388035, 42.27635793606397], [-71.06353064572723, 42.27635793606397]]]}, "properties": {"priority": 43.1590576171875, "priority_class": "Medium"}}, {"type": "Feature", "geometry": {"type": "Polygon", "coordinates": [[[-71.06188060388035, 42.27635793606397], [-71.06188060388035, 42.274699635027204], [-71.06023056203348, 42.274699635027204], [-71.06023056203348, 42.27635793606397], [-71.06188060388035, 42.27635793606397]]]}, "properties": {"priority": 43.17352294921875, "priority_class": "Medium"}}, {"type": "Feature", "geometry": {"type": "Polygon", "coordinates": [[[-71.06023056203348, 42.27635793606397], [-71.06023056203348, 42.274699635027204], [-71.0585805201866, 42.274699635027204], [-71.0585805201866, 42.27635793606397], [-71.06023056203348, 42.27635793606397]]]}, "properties": {"priority": 40.16300964355469, "priority_class": "Medium"}}, {"type": "Feature", "geometry": {"type": "Polygon", "coordinates": [[[-71.0585805201866, 42.27635793606397], [-71.0585805201866, 42.274699635027204], [-71.05693047833972, 42.274699635027204], [-71.05693047833972, 42.27635793606397], [-71.0585805201866, 42.27635793606397]]]}, "properties": {"priority": 37.874420166015625, "priority_class": "Watch"}}, {"type": "Feature", "geometry": {"type": "Polygon", "coordinates": [[[-71.06848077126786, 42.274699635027204], [-71.06848077126786, 42.27304133399045], [-71.06683072942099, 42.27304133399045], [-71.06683072942099, 42.274699635027204], [-71.06848077126786, 42.274699635027204]]]}, "properties": {"priority": 66.83168029785156, "priority_class": "Medium"}}, {"type": "Feature", "geometry": {"type": "Polygon", "coordinates": [[[-71.06683072942099, 42.274699635027204], [-71.06683072942099, 42.27304133399045], [-71.0651806875741, 42.27304133399045], [-71.0651806875741, 42.274699635027204], [-71.06683072942099, 42.274699635027204]]]}, "properties": {"priority": 60.738224029541016, "priority_class": "Medium"}}, {"type": "Feature", "geometry": {"type": "Polygon", "coordinates": [[[-71.0651806875741, 42.274699635027204], [-71.0651806875741, 42.27304133399045], [-71.06353064572723, 42.27304133399045], [-71.06353064572723, 42.274699635027204], [-71.0651806875741, 42.274699635027204]]]}, "properties": {"priority": 52.88079833984375, "priority_class": "Medium"}}, {"type": "Feature", "geometry": {"type": "Polygon", "coordinates": [[[-71.06353064572723, 42.274699635027204], [-71.06353064572723, 42.27304133399045], [-71.06188060388035, 42.27304133399045], [-71.06188060388035, 42.274699635027204], [-71.06353064572723, 42.274699635027204]]]}, "properties": {"priority": 47.30506896972656, "priority_class": "Medium"}}, {"type": "Feature", "geometry": {"type": "Polygon", "coordinates": [[[-71.06188060388035, 42.274699635027204], [-71.06188060388035, 42.27304133399045], [-71.06023056203348, 42.27304133399045], [-71.06023056203348, 42.274699635027204], [-71.06188060388035, 42.274699635027204]]]}, "properties": {"priority": 40.56755447387695, "priority_class": "Medium"}}, {"type": "Feature", "geometry": {"type": "Polygon", "coordinates": [[[-71.06023056203348, 42.274699635027204], [-71.06023056203348, 42.27304133399045], [-71.0585805201866, 42.27304133399045], [-71.0585805201866, 42.274699635027204], [-71.06023056203348, 42.274699635027204]]]}, "properties": {"priority": 36.505592346191406, "priority_class": "Watch"}}, {"type": "Feature", "geometry": {"type": "Polygon", "coordinates": [[[-71.0585805201866, 42.274699635027204], [-71.0585805201866, 42.27304133399045], [-71.05693047833972, 42.27304133399045], [-71.05693047833972, 42.274699635027204], [-71.0585805201866, 42.274699635027204]]]}, "properties": {"priority": 34.277000427246094, "priority_class": "Watch"}}, {"type": "Feature", "geometry": {"type": "Polygon", "coordinates": [[[-71.06848077126786, 42.27304133399045], [-71.06848077126786, 42.27138303295369], [-71.06683072942099, 42.27138303295369], [-71.06683072942099, 42.27304133399045], [-71.06848077126786, 42.27304133399045]]]}, "properties": {"priority": 65.75454711914062, "priority_class": "Medium"}}, {"type": "Feature", "geometry": {"type": "Polygon", "coordinates": [[[-71.06683072942099, 42.27304133399045], [-71.06683072942099, 42.27138303295369], [-71.0651806875741, 42.27138303295369], [-71.0651806875741, 42.27304133399045], [-71.06683072942099, 42.27304133399045]]]}, "properties": {"priority": 60.1534423828125, "priority_class": "Medium"}}, {"type": "Feature", "geometry": {"type": "Polygon", "coordinates": [[[-71.0651806875741, 42.27304133399045], [-71.0651806875741, 42.27138303295369], [-71.06353064572723, 42.27138303295369], [-71.06353064572723, 42.27304133399045], [-71.0651806875741, 42.27304133399045]]]}, "properties": {"priority": 54.09294509887695, "priority_class": "Medium"}}, {"type": "Feature", "geometry": {"type": "Polygon", "coordinates": [[[-71.06353064572723, 42.27304133399045], [-71.06353064572723, 42.27138303295369], [-71.06188060388035, 42.27138303295369], [-71.06188060388035, 42.27304133399045], [-71.06353064572723, 42.27304133399045]]]}, "properties": {"priority": 45.26838684082031, "priority_class": "Medium"}}, {"type": "Feature", "geometry": {"type": "Polygon", "coordinates": [[[-71.06188060388035, 42.27304133399045], [-71.06188060388035, 42.27138303295369], [-71.06023056203348, 42.27138303295369], [-71.06023056203348, 42.27304133399045], [-71.06188060388035, 42.27304133399045]]]}, "properties": {"priority": 36.409114837646484, "priority_class": "Watch"}}, {"type": "Feature", "geometry": {"type": "Polygon", "coordinates": [[[-71.06023056203348, 42.27304133399045], [-71.06023056203348, 42.27138303295369], [-71.0585805201866, 42.27138303295369], [-71.0585805201866, 42.27304133399045], [-71.06023056203348, 42.27304133399045]]]}, "properties": {"priority": 34.12208938598633, "priority_class": "Watch"}}, {"type": "Feature", "geometry": {"type": "Polygon", "coordinates": [[[-71.0585805201866, 42.27304133399045], [-71.0585805201866, 42.27138303295369], [-71.05693047833972, 42.27138303295369], [-71.05693047833972, 42.27304133399045], [-71.0585805201866, 42.27304133399045]]]}, "properties": {"priority": 33.79180145263672, "priority_class": "Watch"}}, {"type": "Feature", "geometry": {"type": "Polygon", "coordinates": [[[-71.0651806875741, 42.27138303295369], [-71.0651806875741, 42.26972473191693], [-71.06353064572723, 42.26972473191693], [-71.06353064572723, 42.27138303295369], [-71.0651806875741, 42.27138303295369]]]}, "properties": {"priority": 44.883853912353516, "priority_class": "Medium"}}, {"type": "Feature", "geometry": {"type": "Polygon", "coordinates": [[[-71.06353064572723, 42.27138303295369], [-71.06353064572723, 42.26972473191693], [-71.06188060388035, 42.26972473191693], [-71.06188060388035, 42.27138303295369], [-71.06353064572723, 42.27138303295369]]]}, "properties": {"priority": 40.90441131591797, "priority_class": "Medium"}}, {"type": "Feature", "geometry": {"type": "Polygon", "coordinates": [[[-71.06188060388035, 42.27138303295369], [-71.06188060388035, 42.26972473191693], [-71.06023056203348, 42.26972473191693], [-71.06023056203348, 42.27138303295369], [-71.06188060388035, 42.27138303295369]]]}, "properties": {"priority": 34.993927001953125, "priority_class": "Watch"}}, {"type": "Feature", "geometry": {"type": "Polygon", "coordinates": [[[-71.06023056203348, 42.27138303295369], [-71.06023056203348, 42.26972473191693], [-71.0585805201866, 42.26972473191693], [-71.0585805201866, 42.27138303295369], [-71.06023056203348, 42.27138303295369]]]}, "properties": {"priority": 32.29114532470703, "priority_class": "Watch"}}, {"type": "Feature", "geometry": {"type": "Polygon", "coordinates": [[[-71.0651806875741, 42.26972473191693], [-71.0651806875741, 42.268066430880175], [-71.06353064572723, 42.268066430880175], [-71.06353064572723, 42.26972473191693], [-71.0651806875741, 42.26972473191693]]]}, "properties": {"priority": 33.573333740234375, "priority_class": "Watch"}}, {"type": "Feature", "geometry": {"type": "Polygon", "coordinates": [[[-71.06353064572723, 42.26972473191693], [-71.06353064572723, 42.268066430880175], [-71.06188060388035, 42.268066430880175], [-71.06188060388035, 42.26972473191693], [-71.06353064572723, 42.26972473191693]]]}, "properties": {"priority": 32.1353874206543, "priority_class": "Watch"}}, {"type": "Feature", "geometry": {"type": "Polygon", "coordinates": [[[-71.06188060388035, 42.26972473191693], [-71.06188060388035, 42.268066430880175], [-71.06023056203348, 42.268066430880175], [-71.06023056203348, 42.26972473191693], [-71.06188060388035, 42.26972473191693]]]}, "properties": {"priority": 31.252107620239258, "priority_class": "Watch"}}]}