{"type": "FeatureCollection", "name": "Low Cooling Access Zones", "features": [{"type": "Feature", "geometry": {"type": "Polygon", "coordinates": [[[-71.00082905554595, 42.3974139117473], [-71.00082905554595, 42.395755610710545], [-70.99917901369906, 42.395755610710545], [-70.99917901369906, 42.3974139117473], [-71.00082905554595, 42.3974139117473]]]}, "properties": {"cooling_access": 33.944061279296875, "access_class": "Low"}}, {"type": "Feature", "geometry": {"type": "Polygon", "coordinates": [[[-70.99917901369906, 42.3974139117473], [-70.99917901369906, 42.395755610710545], [-70.99752897185219, 42.395755610710545], [-70.99752897185219, 42.3974139117473], [-70.99917901369906, 42.3974139117473]]]}, "properties": {"cooling_access": 33.17412567138672, "access_class": "Low"}}, {"type": "Feature", "geometry": {"type": "Polygon", "coordinates": [[[-71.01402939032096, 42.395755610710545], [-71.01402939032096, 42.39409730967379], [-71.01237934847407, 42.39409730967379], [-71.01237934847407, 42.395755610710545], [-71.01402939032096, 42.395755610710545]]]}, "properties": {"cooling_access": 30.066417694091797, "access_class": "Low"}}, {"type": "Feature", "geometry": {"type": "Polygon", "coordinates": [[[-71.01237934847407, 42.395755610710545], [-71.01237934847407, 42.39409730967379], [-71.0107293066272, 42.39409730967379], [-71.0107293066272, 42.395755610710545], [-71.01237934847407, 42.395755610710545]]]}, "properties": {"cooling_access": 29.70370864868164, "access_class": "Low"}}, {"type": "Feature", "geometry": {"type": "Polygon", "coordinates": [[[-71.0107293066272, 42.395755610710545], [-71.0107293066272, 42.39409730967379], [-71.00907926478033, 42.39409730967379], [-71.00907926478033, 42.395755610710545], [-71.0107293066272, 42.395755610710545]]]}, "properties": {"cooling_access": 31.758359909057617, "access_class": "Low"}}, {"type": "Feature", "geometry": {"type": "Polygon", "coordinates": [[[-71.0041291392397, 42.395755610710545], [-71.0041291392397, 42.39409730967379], [-71.00247909739282, 42.39409730967379], [-71.00247909739282, 42.395755610710545], [-71.0041291392397, 42.395755610710545]]]}, "properties": {"cooling_access": 32.32140350341797, "access_class": "Low"}}, {"type": "Feature", "geometry": {"type": "Polygon", "coordinates": [[[-71.00247909739282, 42.395755610710545], [-71.00247909739282, 42.39409730967379], [-71.00082905554595, 42.39409730967379], [-71.00082905554595, 42.395755610710545], [-71.00247909739282, 42.395755610710545]]]}, "properties": {"cooling_access": 31.824848175048828, "access_class": "Low"}}, {"type": "Feature", "geometry": {"type": "Polygon", "coordinates": [[[-71.00082905554595, 42.395755610710545], [-71.00082905554595, 42.39409730967379], [-70.99917901369906, 42.39409730967379], [-70.99917901369906, 42.395755610710545], [-71.00082905554595, 42.395755610710545]]]}, "properties": {"cooling_access": 31.902677536010742, "access_class": "Low"}}, {"type": "Feature", "geometry": {"type": "Polygon", "coordinates": [[[-70.99917901369906, 42.395755610710545], [-70.99917901369906, 42.39409730967379], [-70.99752897185219, 42.39409730967379], [-70.99752897185219, 42.395755610710545], [-70.99917901369906, 42.395755610710545]]]}, "properties": {"cooling_access": 30.61228370666504, "access_class": "Low"}}, {"type": "Feature", "geometry": {"type": "Polygon", "coordinates": [[[-70.99752897185219, 42.395755610710545], [-70.99752897185219, 42.39409730967379], [-70.99587893000532, 42.39409730967379], [-70.99587893000532, 42.395755610710545], [-70.99752897185219, 42.395755610710545]]]}, "properties": {"cooling_access": 30.277433395385742, "access_class": "Low"}}, {"type": "Feature", "geometry": {"type": "Polygon", "coordinates": [[[-71.01567943216783, 42.39409730967379], [-71.01567943216783, 42.39243900863703], [-71.01402939032096, 42.39243900863703], [-71.01402939032096, 42.39409730967379], [-71.01567943216783, 42.39409730967379]]]}, "properties": {"cooling_access": 29.212602615356445, "access_class": "Low"}}, {"type": "Feature", "geometry": {"type": "Polygon", "coordinates": [[[-71.01402939032096, 42.39409730967379], [-71.01402939032096, 42.39243900863703], [-71.01237934847407, 42.39243900863703], [-71.01237934847407, 42.39409730967379], [-71.01402939032096, 42.39409730967379]]]}, "properties": {"cooling_access": 26.96624183654785, "access_class": "Low"}}, {"type": "Feature", "geometry": {"type": "Polygon", "coordinates": [[[-71.01237934847407, 42.39409730967379], [-71.01237934847407, 42.39243900863703], [-71.0107293066272, 42.39243900863703], [-71.0107293066272, 42.39409730967379], [-71.01237934847407, 42.39409730967379]]]}, "properties": {"cooling_access": 28.853607177734375, "access_class": "Low"}}, {"type": "Feature", "geometry": {"type": "Polygon", "coordinates": [[[-71.0107293066272, 42.39409730967379], [-71.0107293066272, 42.39243900863703], [-71.00907926478033, 42.39243900863703], [-71.00907926478033, 42.39409730967379], [-71.0107293066272, 42.39409730967379]]]}, "properties": {"cooling_access": 29.913753509521484, "access_class": "Low"}}, {"type": "Feature", "geometry": {"type": "Polygon", "coordinates": [[[-71.00907926478033, 42.39409730967379], [-71.00907926478033, 42.39243900863703], [-71.00742922293345, 42.39243900863703], [-71.00742922293345, 42.39409730967379], [-71.00907926478033, 42.39409730967379]]]}, "properties": {"cooling_access": 30.7321720123291, "access_class": "Low"}}, {"type": "Feature", "geometry": {"type": "Polygon", "coordinates": [[[-71.00742922293345, 42.39409730967379], [-71.00742922293345, 42.39243900863703], [-71.00577918108657, 42.39243900863703], [-71.00577918108657, 42.39409730967379], [-71.00742922293345, 42.39409730967379]]]}, "properties": {"cooling_access": 31.29051971435547, "access_class": "Low"}}, {"type": "Feature", "geometry": {"type": "Polygon", "coordinates": [[[-71.00577918108657, 42.39409730967379], [-71.00577918108657, 42.39243900863703], [-71.0041291392397, 42.39243900863703], [-71.0041291392397, 42.39409730967379], [-71.00577918108657, 42.39409730967379]]]}, "properties": {"cooling_access": 31.145862579345703, "access_class": "Low"}}, {"type": "Feature", "geometry": {"type": "Polygon", "coordinates": [[[-71.0041291392397, 42.39409730967379], [-71.0041291392397, 42.39243900863703], [-71.00247909739282, 42.39243900863703], [-71.00247909739282, 42.39409730967379], [-71.0041291392397, 42.39409730967379]]]}, "properties": {"cooling_access": 30.263973236083984, "access_class": "Low"}}, {"type": "Feature", "geometry": {"type": "Polygon", "coordinates": [[[-71.00247909739282, 42.39409730967379], [-71.00247909739282, 42.39243900863703], [-71.00082905554595, 42.39243900863703], [-71.00082905554595, 42.39409730967379], [-71.00247909739282, 42.39409730967379]]]}, "properties": {"cooling_access": 29.767993927001953, "access_class": "Low"}}, {"type": "Feature", "geometry": {"type": "Polygon", "coordinates": [[[-71.00082905554595, 42.39409730967379], [-71.00082905554595, 42.39243900863703], [-70.99917901369906, 42.39243900863703], [-70.99917901369906, 42.39409730967379], [-71.00082905554595, 42.39409730967379]]]}, "properties": {"cooling_access": 29.63998031616211, "access_class": "Low"}}, {"type": "Feature", "geometry": {"type": "Polygon", "coordinates": [[[-70.99917901369906, 42.39409730967379], [-70.99917901369906, 42.39243900863703], [-70.99752897185219, 42.39243900863703], [-70.99752897185219, 42.39409730967379], [-70.99917901369906, 42.39409730967379]]]}, "properties": {"cooling_access": 28.655344009399414, "access_class": "Low"}}, {"type": "Feature", "geometry": {"type": "Polygon", "coordinates": [[[-70.99752897185219, 42.39409730967379], [-70.99752897185219, 42.39243900863703], [-70.99587893000532, 42.39243900863703], [-70.99587893000532, 42.39409730967379], [-70.99752897185219, 42.39409730967379]]]}, "properties": {"cooling_access": 28.16902732849121, "access_class": "Low"}}, {"type": "Feature", "geometry": {"type": "Polygon", "coordinates": [[[-70.99587893000532, 42.39409730967379], [-70.99587893000532, 42.39243900863703], [-70.99422888815845, 42.39243900863703], [-70.99422888815845, 42.39409730967379], [-70.99587893000532, 42.39409730967379]]]}, "properties": {"cooling_access": 27.471101760864258, "access_class": "Low"}}, {"type": "Feature", "geometry": {"type": "Polygon", "coordinates": [[[-71.01567943216783, 42.39243900863703], [-71.01567943216783, 42.39078070760027], [-71.01402939032096, 42.39078070760027], [-71.01402939032096, 42.39243900863703], [-71.01567943216783, 42.39243900863703]]]}, "properties": {"cooling_access": 27.038053512573242, "access_class": "Low"}}, {"type": "Feature", "geometry": {"type": "Polygon", "coordinates": [[[-71.01402939032096, 42.39243900863703], [-71.01402939032096, 42.39078070760027], [-71.01237934847407, 42.39078070760027], [-71.01237934847407, 42.39243900863703], [-71.01402939032096, 42.39243900863703]]]}, "properties": {"cooling_access": 25.884174346923828, "access_class": "Low"}}, {"type": "Feature", "geometry": {"type": "Polygon", "coordinates": [[[-71.01237934847407, 42.39243900863703], [-71.01237934847407, 42.39078070760027], [-71.0107293066272, 42.39078070760027], [-71.0107293066272, 42.39243900863703], [-71.01237934847407, 42.39243900863703]]]}, "properties": {"cooling_access": 27.118295669555664, "access_class": "Low"}}, {"type": "Feature", "geometry": {"type": "Polygon", "coordinates": [[[-71.0107293066272, 42.39243900863703], [-71.0107293066272, 42.39078070760027], [-71.00907926478033, 42.39078070760027], [-71.00907926478033, 42.39243900863703], [-71.0107293066272, 42.39243900863703]]]}, "properties": {"cooling_access": 28.034517288208008, "access_class": "Low"}}, {"type": "Feature", "geometry": {"type": "Polygon", "coordinates": [[[-71.00907926478033, 42.39243900863703], [-71.00907926478033, 42.39078070760027], [-71.00742922293345, 42.39078070760027], [-71.00742922293345, 42.39243900863703], [-71.00907926478033, 42.39243900863703]]]}, "properties": {"cooling_access": 28.897506713867188, "access_class": "Low"}}, {"type": "Feature", "geometry": {"type": "Polygon", "coordinates": [[[-71.00742922293345, 42.39243900863703], [-71.00742922293345, 42.39078070760027], [-71.00577918108657, 42.39078070760027], [-71.00577918108657, 42.39243900863703], [-71.00742922293345, 42.39243900863703]]]}, "properties": {"cooling_access": 29.485002517700195, "access_class": "Low"}}, {"type": "Feature", "geometry": {"type": "Polygon", "coordinates": [[[-71.00577918108657, 42.39243900863703], [-71.00577918108657, 42.39078070760027], [-71.0041291392397, 42.39078070760027], [-71.0041291392397, 42.39243900863703], [-71.00577918108657, 42.39243900863703]]]}, "properties": {"cooling_access": 29.232152938842773, "access_class": "Low"}}, {"type": "Feature", "geometry": {"type": "Polygon", "coordinates": [[[-71.0041291392397, 42.39243900863703], [-71.0041291392397, 42.39078070760027], [-71.00247909739282, 42.39078070760027], [-71.00247909739282, 42.39243900863703], [-71.0041291392397, 42.39243900863703]]]}, "properties": {"cooling_access": 28.298049926757812, "access_class": "Low"}}, {"type": "Feature", "geometry": {"type": "Polygon", "coordinates": [[[-71.00247909739282, 42.39243900863703], [-71.00247909739282, 42.39078070760027], [-71.00082905554595, 42.39078070760027], [-71.00082905554595, 42.39243900863703], [-71.00247909739282, 42.39243900863703]]]}, "properties": {"cooling_access": 27.90627098083496, "access_class": "Low"}}, {"type": "Feature", "geometry": {"type": "Polygon", "coordinates": [[[-71.00082905554595, 42.39243900863703], [-71.00082905554595, 42.39078070760027], [-70.99917901369906, 42.39078070760027], [-70.99917901369906, 42.39243900863703], [-71.00082905554595, 42.39243900863703]]]}, "properties": {"cooling_access": 27.43704605102539, "access_class": "Low"}}, {"type": "Feature", "geometry": {"type": "Polygon", "coordinates": [[[-70.99917901369906, 42.39243900863703], [-70.99917901369906, 42.39078070760027], [-70.99752897185219, 42.39078070760027], [-70.99752897185219, 42.39243900863703], [-70.99917901369906, 42.39243900863703]]]}, "properties": {"cooling_access": 26.392152786254883, "access_class": "Low"}}, {"type": "Feature", "geometry": {"type": "Polygon", "coordinates": [[[-70.99752897185219, 42.39243900863703], [-70.99752897185219, 42.39078070760027], [-70.99587893000532, 42.39078070760027], [-70.99587893000532, 42.39243900863703], [-70.99752897185219, 42.39243900863703]]]}, "properties": {"cooling_access": 26.02158546447754, "access_class": "Low"}}, {"type": "Feature", "geometry": {"type": "Polygon", "coordinates": [[[-70.99587893000532, 42.39243900863703], [-70.99587893000532, 42.39078070760027], [-70.99422888815845, 42.39078070760027], [-70.99422888815845, 42.39243900863703], [-70.99587893000532, 42.39243900863703]]]}, "properties": {"cooling_access": 25.56535530090332, "access_class": "Low"}}, {"type": "Feature", "geometry": {"type": "Polygon", "coordinates": [[[-70.99422888815845, 42.39243900863703], [-70.99422888815845, 42.39078070760027], [-70.99257884631156, 42.39078070760027], [-70.99257884631156, 42.39243900863703], [-70.99422888815845, 42.39243900863703]]]}, "properties": {"cooling_access": 24.801240921020508, "access_class": "Low"}}, {"type": "Feature", "geometry": {"type": "Polygon", "coordinates": [[[-70.99257884631156, 42.39243900863703], [-70.99257884631156, 42.39078070760027], [-70.99092880446469, 42.39078070760027], [-70.99092880446469, 42.39243900863703], [-70.99257884631156, 42.39243900863703]]]}, "properties": {"cooling_access": 23.403030395507812, "access_class": "Low"}}, {"type": "Feature", "geometry": {"type": "Polygon", "coordinates": [[[-70.99092880446469, 42.39243900863703], [-70.99092880446469, 42.39078070760027], [-70.98927876261781, 42.39078070760027], [-70.98927876261781, 42.39243900863703], [-70.99092880446469, 42.39243900863703]]]}, "properties": {"cooling_access": 23.218873977661133, "access_class": "Low"}}, {"type": "Feature", "geometry": {"type": "Polygon", "coordinates": [[[-70.98927876261781, 42.39243900863703], [-70.98927876261781, 42.39078070760027], [-70.98762872077094, 42.39078070760027], [-70.98762872077094, 42.39243900863703], [-70.98927876261781, 42.39243900863703]]]}, "properties": {"cooling_access": 22.819150924682617, "access_class": "Low"}}, {"type": "Feature", "geometry": {"type": "Polygon", "coordinates": [[[-71.07508093865536, 42.39078070760027], [-71.07508093865536, 42.389122406563516], [-71.07343089680849, 42.389122406563516], [-71.07343089680849, 42.39078070760027], [-71.07508093865536, 42.39078070760027]]]}, "properties": {"cooling_access": 32.77782440185547, "access_class": "Low"}}, {"type": "Feature", "geometry": {"type": "Polygon", "coordinates": [[[-71.0173294740147, 42.39078070760027], [-71.0173294740147, 42.389122406563516], [-71.01567943216783, 42.389122406563516], [-71.01567943216783, 42.39078070760027], [-71.0173294740147, 42.39078070760027]]]}, "properties": {"cooling_access": 25.09312629699707, "access_class": "Low"}}, {"type": "Feature", "geometry": {"type": "Polygon", "coordinates": [[[-71.01567943216783, 42.39078070760027], [-71.01567943216783, 42.389122406563516], [-71.01402939032096, 42.389122406563516], [-71.01402939032096, 42.39078070760027], [-71.01567943216783, 42.39078070760027]]]}, "properties": {"cooling_access": 24.241920471191406, "access_class": "Low"}}, {"type": "Feature", "geometry": {"type": "Polygon", "coordinates": [[[-71.01402939032096, 42.39078070760027], [-71.01402939032096, 42.389122406563516], [-71.01237934847407, 42.389122406563516], [-71.01237934847407, 42.39078070760027], [-71.01402939032096, 42.39078070760027]]]}, "properties": {"cooling_access": 24.25177764892578, "access_class": "Low"}}, {"type": "Feature", "geometry": {"type": "Polygon", "coordinates": [[[-71.01237934847407, 42.39078070760027], [-71.01237934847407, 42.389122406563516], [-71.0107293066272, 42.389122406563516], [-71.0107293066272, 42.39078070760027], [-71.01237934847407, 42.39078070760027]]]}, "properties": {"cooling_access": 24.74578857421875, "access_class": "Low"}}, {"type": "Feature", "geometry": {"type": "Polygon", "coordinates": [[[-71.0107293066272, 42.39078070760027], [-71.0107293066272, 42.389122406563516], [-71.00907926478033, 42.389122406563516], [-71.00907926478033, 42.39078070760027], [-71.0107293066272, 42.39078070760027]]]}, "properties": {"cooling_access": 25.942575454711914, "access_class": "Low"}}, {"type": "Feature", "geometry": {"type": "Polygon", "coordinates": [[[-71.00907926478033, 42.39078070760027], [-71.00907926478033, 42.389122406563516], [-71.00742922293345, 42.389122406563516], [-71.00742922293345, 42.39078070760027], [-71.00907926478033, 42.39078070760027]]]}, "properties": {"cooling_access": 26.944950103759766, "access_class": "Low"}}, {"type": "Feature", "geometry": {"type": "Polygon", "coordinates": [[[-71.00742922293345, 42.39078070760027], [-71.00742922293345, 42.389122406563516], [-71.00577918108657, 42.389122406563516], [-71.00577918108657, 42.39078070760027], [-71.00742922293345, 42.39078070760027]]]}, "properties": {"cooling_access": 27.4754695892334, "access_class": "Low"}}, {"type": "Feature", "geometry": {"type": "Polygon", "coordinates": [[[-71.00577918108657, 42.39078070760027], [-71.00577918108657, 42.389122406563516], [-71.0041291392397, 42.389122406563516], [-71.0041291392397, 42.39078070760027], [-71.00577918108657, 42.39078070760027]]]}, "properties": {"cooling_access": 27.269798278808594, "access_class": "Low"}}, {"type": "Feature", "geometry": {"type": "Polygon", "coordinates": [[[-71.0041291392397, 42.39078070760027], [-71.0041291392397, 42.389122406563516], [-71.00247909739282, 42.389122406563516], [-71.00247909739282, 42.39078070760027], [-71.0041291392397, 42.39078070760027]]]}, "properties": {"cooling_access": 26.610733032226562, "access_class": "Low"}}, {"type": "Feature", "geometry": {"type": "Polygon", "coordinates": [[[-71.00247909739282, 42.39078070760027], [-71.00247909739282, 42.389122406563516], [-71.00082905554595, 42.389122406563516], [-71.00082905554595, 42.39078070760027], [-71.00247909739282, 42.39078070760027]]]}, "properties": {"cooling_access": 26.09003257751465, "access_class": "Low"}}, {"type": "Feature", "geometry": {"type": "Polygon", "coordinates": [[[-71.00082905554595, 42.39078070760027], [-71.00082905554595, 42.389122406563516], [-70.99917901369906, 42.389122406563516], [-70.99917901369906, 42.39078070760027], [-71.00082905554595, 42.39078070760027]]]}, "properties": {"cooling_access": 25.56068229675293, "access_class": "Low"}}, {"type": "Feature", "geometry": {"type": "Polygon", "coordinates": [[[-70.99917901369906, 42.39078070760027], [-70.99917901369906, 42.389122406563516], [-70.99752897185219, 42.389122406563516], [-70.99752897185219, 42.39078070760027], [-70.99917901369906, 42.39078070760027]]]}, "properties": {"cooling_access": 24.580249786376953, "access_class": "Low"}}, {"type": "Feature", "geometry": {"type": "Polygon", "coordinates": [[[-70.99752897185219, 42.39078070760027], [-70.99752897185219, 42.389122406563516], [-70.99587893000532, 42.389122406563516], [-70.99587893000532, 42.39078070760027], [-70.99752897185219, 42.39078070760027]]]}, "properties": {"cooling_access": 23.60763168334961, "access_class": "Low"}}, {"type": "Feature", "geometry": {"type": "Polygon", "coordinates": [[[-70.99587893000532, 42.39078070760027], [-70.99587893000532, 42.389122406563516], [-70.99422888815845, 42.389122406563516], [-70.99422888815845, 42.39078070760027], [-70.99587893000532, 42.39078070760027]]]}, "properties": {"cooling_access": 23.354782104492188, "access_class": "Low"}}, {"type": "Feature", "geometry": {"type": "Polygon", "coordinates": [[[-70.99422888815845, 42.39078070760027], [-70.99422888815845, 42.389122406563516], [-70.99257884631156, 42.389122406563516], [-70.99257884631156, 42.39078070760027], [-70.99422888815845, 42.39078070760027]]]}, "properties": {"cooling_access": 22.995628356933594, "access_class": "Low"}}, {"type": "Feature", "geometry": {"type": "Polygon", "coordinates": [[[-70.99257884631156, 42.39078070760027], [-70.99257884631156, 42.389122406563516], [-70.99092880446469, 42.389122406563516], [-70.99092880446469, 42.39078070760027], [-70.99257884631156, 42.39078070760027]]]}, "properties": {"cooling_access": 22.154035568237305, "access_class": "Low"}}, {"type": "Feature", "geometry": {"type": "Polygon", "coordinates": [[[-70.99092880446469, 42.39078070760027], [-70.99092880446469, 42.389122406563516], [-70.98927876261781, 42.389122406563516], [-70.98927876261781, 42.39078070760027], [-70.99092880446469, 42.39078070760027]]]}, "properties": {"cooling_access": 21.482688903808594, "access_class": "Low"}}, {"type": "Feature", "geometry": {"type": "Polygon", "coordinates": [[[-70.98927876261781, 42.39078070760027], [-70.98927876261781, 42.389122406563516], [-70.98762872077094, 42.389122406563516], [-70.98762872077094, 42.39078070760027], [-70.98927876261781, 42.39078070760027]]]}, "properties": {"cooling_access": 20.9265193939209, "access_class": "Low"}}, {"type": "Feature", "geometry": {"type": "Polygon", "coordinates": [[[-71.07508093865536, 42.389122406563516], [-71.07508093865536, 42.38746410552675], [-71.07343089680849, 42.38746410552675], [-71.07343089680849, 42.389122406563516], [-71.07508093865536, 42.389122406563516]]]}, "properties": {"cooling_access": 31.008750915527344, "access_class": "Low"}}, {"type": "Feature", "geometry": {"type": "Polygon", "coordinates": [[[-71.0173294740147, 42.389122406563516], [-71.0173294740147, 42.38746410552675], [-71.01567943216783, 42.38746410552675], [-71.01567943216783, 42.389122406563516], [-71.0173294740147, 42.389122406563516]]]}, "properties": {"cooling_access": 24.376232147216797, "access_class": "Low"}}, {"type": "Feature", "geometry": {"type": "Polygon", "coordinates": [[[-71.01567943216783, 42.389122406563516], [-71.01567943216783, 42.38746410552675], [-71.01402939032096, 42.38746410552675], [-71.01402939032096, 42.389122406563516], [-71.01567943216783, 42.389122406563516]]]}, "properties": {"cooling_access": 21.553564071655273, "access_class": "Low"}}, {"type": "Feature", "geometry": {"type": "Polygon", "coordinates": [[[-71.01402939032096, 42.389122406563516], [-71.01402939032096, 42.38746410552675], [-71.01237934847407, 42.38746410552675], [-71.01237934847407, 42.389122406563516], [-71.01402939032096, 42.389122406563516]]]}, "properties": {"cooling_access": 22.205467224121094, "access_class": "Low"}}, {"type": "Feature", "geometry": {"type": "Polygon", "coordinates": [[[-71.01237934847407, 42.389122406563516], [-71.01237934847407, 42.38746410552675], [-71.0107293066272, 42.38746410552675], [-71.0107293066272, 42.389122406563516], [-71.01237934847407, 42.389122406563516]]]}, "properties": {"cooling_access": 22.96307945251465, "access_class": "Low"}}, {"type": "Feature", "geometry": {"type": "Polygon", "coordinates": [[[-71.0107293066272, 42.389122406563516], [-71.0107293066272, 42.38746410552675], [-71.00907926478033, 42.38746410552675], [-71.00907926478033, 42.389122406563516], [-71.0107293066272, 42.389122406563516]]]}, "properties": {"cooling_access": 24.04755401611328, "access_class": "Low"}}, {"type": "Feature", "geometry": {"type": "Polygon", "coordinates": [[[-71.00907926478033, 42.389122406563516], [-71.00907926478033, 42.38746410552675], [-71.00742922293345, 42.38746410552675], [-71.00742922293345, 42.389122406563516], [-71.00907926478033, 42.389122406563516]]]}, "properties": {"cooling_access": 24.841976165771484, "access_class": "Low"}}, {"type": "Feature", "geometry": {"type": "Polygon", "coordinates": [[[-71.00742922293345, 42.389122406563516], [-71.00742922293345, 42.38746410552675], [-71.00577918108657, 42.38746410552675], [-71.00577918108657, 42.389122406563516], [-71.00742922293345, 42.389122406563516]]]}, "properties": {"cooling_access": 25.332529067993164, "access_class": "Low"}}, {"type": "Feature", "geometry": {"type": "Polygon", "coordinates": [[[-71.00577918108657, 42.389122406563516], [-71.00577918108657, 42.38746410552675], [-71.0041291392397, 42.38746410552675], [-71.0041291392397, 42.389122406563516], [-71.00577918108657, 42.389122406563516]]]}, "properties": {"cooling_access": 25.11293601989746, "access_class": "Low"}}, {"type": "Feature", "geometry": {"type": "Polygon", "coordinates": [[[-71.0041291392397, 42.389122406563516], [-71.0041291392397, 42.38746410552675], [-71.00247909739282, 42.38746410552675], [-71.00247909739282, 42.389122406563516], [-71.0041291392397, 42.389122406563516]]]}, "properties": {"cooling_access": 24.636640548706055, "access_class": "Low"}}, {"type": "Feature", "geometry": {"type": "Polygon", "coordinates": [[[-71.00247909739282, 42.389122406563516], [-71.00247909739282, 42.38746410552675], [-71.00082905554595, 42.38746410552675], [-71.00082905554595, 42.389122406563516], [-71.00247909739282, 42.389122406563516]]]}, "properties": {"cooling_access": 24.20892333984375, "access_class": "Low"}}, {"type": "Feature", "geometry": {"type": "Polygon", "coordinates": [[[-71.00082905554595, 42.389122406563516], [-71.00082905554595, 42.38746410552675], [-70.99917901369906, 42.38746410552675], [-70.99917901369906, 42.389122406563516], [-71.00082905554595, 42.389122406563516]]]}, "properties": {"cooling_access": 23.613685607910156, "access_class": "Low"}}, {"type": "Feature", "geometry": {"type": "Polygon", "coordinates": [[[-70.99917901369906, 42.389122406563516], [-70.99917901369906, 42.38746410552675], [-70.99752897185219, 42.38746410552675], [-70.99752897185219, 42.389122406563516], [-70.99917901369906, 42.389122406563516]]]}, "properties": {"cooling_access": 22.79880142211914, "access_class": "Low"}}, {"type": "Feature", "geometry": {"type": "Polygon", "coordinates": [[[-70.99752897185219, 42.389122406563516], [-70.99752897185219, 42.38746410552675], [-70.99587893000532, 42.38746410552675], [-70.99587893000532, 42.389122406563516], [-70.99752897185219, 42.389122406563516]]]}, "properties": {"cooling_access": 21.61574935913086, "access_class": "Low"}}, {"type": "Feature", "geometry": {"type": "Polygon", "coordinates": [[[-70.99587893000532, 42.389122406563516], [-70.99587893000532, 42.38746410552675], [-70.99422888815845, 42.38746410552675], [-70.99422888815845, 42.389122406563516], [-70.99587893000532, 42.389122406563516]]]}, "properties": {"cooling_access": 21.110048294067383, "access_class": "Low"}}, {"type": "Feature", "geometry": {"type": "Polygon", "coordinates": [[[-70.99422888815845, 42.389122406563516], [-70.99422888815845, 42.38746410552675], [-70.99257884631156, 42.38746410552675], [-70.99257884631156, 42.389122406563516], [-70.99422888815845, 42.389122406563516]]]}, "properties": {"cooling_access": 21.257081985473633, "access_class": "Low"}}, {"type": "Feature", "geometry": {"type": "Polygon", "coordinates": [[[-70.99257884631156, 42.389122406563516], [-70.99257884631156, 42.38746410552675], [-70.99092880446469, 42.38746410552675], [-70.99092880446469, 42.389122406563516], [-70.99257884631156, 42.389122406563516]]]}, "properties": {"cooling_access": 20.35144805908203, "access_class": "Low"}}, {"type": "Feature", "geometry": {"type": "Polygon", "coordinates": [[[-70.99092880446469, 42.389122406563516], [-70.99092880446469, 42.38746410552675], [-70.98927876261781, 42.38746410552675], [-70.98927876261781, 42.389122406563516], [-70.99092880446469, 42.389122406563516]]]}, "properties": {"cooling_access": 19.534748077392578, "access_class": "Very Low"}}, {"type": "Feature", "geometry": {"type": "Polygon", "coordinates": [[[-70.98927876261781, 42.389122406563516], [-70.98927876261781, 42.38746410552675], [-70.98762872077094, 42.38746410552675], [-70.98762872077094, 42.389122406563516], [-70.98927876261781, 42.389122406563516]]]}, "properties": {"cooling_access": 18.986230850219727, "access_class": "Very Low"}}, {"type": "Feature", "geometry": {"type": "Polygon", "coordinates": [[[-71.07673098050223, 42.38746410552675], [-71.07673098050223, 42.38580580449], [-71.07508093865536, 42.38580580449], [-71.07508093865536, 42.38746410552675], [-71.07673098050223, 42.38746410552675]]]}, "properties": {"cooling_access": 30.937253952026367, "access_class": "Low"}}, {"type": "Feature", "geometry": {"type": "Polygon", "coordinates": [[[-71.07508093865536, 42.38746410552675], [-71.07508093865536, 42.38580580449], [-71.07343089680849, 42.38580580449], [-71.07343089680849, 42.38746410552675], [-71.07508093865536, 42.38746410552675]]]}, "properties": {"cooling_access": 29.670255661010742, "access_class": "Low"}}, {"type": "Feature", "geometry": {"type": "Polygon", "coordinates": [[[-71.07343089680849, 42.38746410552675], [-71.07343089680849, 42.38580580449], [-71.0717808549616, 42.38580580449], [-71.0717808549616, 42.38746410552675], [-71.07343089680849, 42.38746410552675]]]}, "properties": {"cooling_access": 27.06208610534668, "access_class": "Low"}}, {"type": "Feature", "geometry": {"type": "Polygon", "coordinates": [[[-71.0717808549616, 42.38746410552675], [-71.0717808549616, 42.38580580449], [-71.07013081311473, 42.38580580449], [-71.07013081311473, 42.38746410552675], [-71.0717808549616, 42.38746410552675]]]}, "properties": {"cooling_access": 26.97555160522461, "access_class": "Low"}}, {"type": "Feature", "geometry": {"type": "Polygon", "coordinates": [[[-71.01897951586157, 42.38746410552675], [-71.01897951586157, 42.38580580449], [-71.0173294740147, 42.38580580449], [-71.0173294740147, 42.38746410552675], [-71.01897951586157, 42.38746410552675]]]}, "properties": {"cooling_access": 22.7932071685791, "access_class": "Low"}}, {"type": "Feature", "geometry": {"type": "Polygon", "coordinates": [[[-71.0173294740147, 42.38746410552675], [-71.0173294740147, 42.38580580449], [-71.01567943216783, 42.38580580449], [-71.01567943216783, 42.38746410552675], [-71.0173294740147, 42.38746410552675]]]}, "properties": {"cooling_access": 21.406009674072266, "access_class": "Low"}}, {"type": "Feature", "geometry": {"type": "Polygon", "coordinates": [[[-71.01567943216783, 42.38746410552675], [-71.01567943216783, 42.38580580449], [-71.01402939032096, 42.38580580449], [-71.01402939032096, 42.38746410552675], [-71.01567943216783, 42.38746410552675]]]}, "properties": {"cooling_access": 20.570240020751953, "access_class": "Low"}}, {"type": "Feature", "geometry": {"type": "Polygon", "coordinates": [[[-71.01402939032096, 42.38746410552675], [-71.01402939032096, 42.38580580449], [-71.01237934847407, 42.38580580449], [-71.01237934847407, 42.38746410552675], [-71.01402939032096, 42.38746410552675]]]}, "properties": {"cooling_access": 20.324254989624023, "access_class": "Low"}}, {"type": "Feature", "geometry": {"type": "Polygon", "coordinates": [[[-71.01237934847407, 42.38746410552675], [-71.01237934847407, 42.38580580449], [-71.0107293066272, 42.38580580449], [-71.0107293066272, 42.38746410552675], [-71.01237934847407, 42.38746410552675]]]}, "properties": {"cooling_access": 21.298004150390625, "access_class": "Low"}}, {"type": "Feature", "geometry": {"type": "Polygon", "coordinates": [[[-71.0107293066272, 42.38746410552675], [-71.0107293066272, 42.38580580449], [-71.00907926478033, 42.38580580449], [-71.00907926478033, 42.38746410552675], [-71.0107293066272, 42.38746410552675]]]}, "properties": {"cooling_access": 22.001874923706055, "access_class": "Low"}}, {"type": "Feature", "geometry": {"type": "Polygon", "coordinates": [[[-71.00907926478033, 42.38746410552675], [-71.00907926478033, 42.38580580449], [-71.00742922293345, 42.38580580449], [-71.00742922293345, 42.38746410552675], [-71.00907926478033, 42.38746410552675]]]}, "properties": {"cooling_access": 22.544870376586914, "access_class": "Low"}}, {"type": "Feature", "geometry": {"type": "Polygon", "coordinates": [[[-71.00742922293345, 42.38746410552675], [-71.00742922293345, 42.38580580449], [-71.00577918108657, 42.38580580449], [-71.00577918108657, 42.38746410552675], [-71.00742922293345, 42.38746410552675]]]}, "properties": {"cooling_access": 23.040828704833984, "access_class": "Low"}}, {"type": "Feature", "geometry": {"type": "Polygon", "coordinates": [[[-71.00577918108657, 42.38746410552675], [-71.00577918108657, 42.38580580449], [-71.0041291392397, 42.38580580449], [-71.0041291392397, 42.38746410552675], [-71.00577918108657, 42.38746410552675]]]}, "properties": {"cooling_access": 22.9880428314209, "access_class": "Low"}}, {"type": "Feature", "geometry": {"type": "Polygon", "coordinates": [[[-71.0041291392397, 42.38746410552675], [-71.0041291392397, 42.38580580449], [-71.00247909739282, 42.38580580449], [-71.00247909739282, 42.38746410552675], [-71.0041291392397, 42.38746410552675]]]}, "properties": {"cooling_access": 22.64974021911621, "access_class": "Low"}}, {"type": "Feature", "geometry": {"type": "Polygon", "coordinates": [[[-71.00247909739282, 42.38746410552675], [-71.00247909739282, 42.38580580449], [-71.00082905554595, 42.38580580449], [-71.00082905554595, 42.38746410552675], [-71.00247909739282, 42.38746410552675]]]}, "properties": {"cooling_access": 22.19288444519043, "access_class": "Low"}}, {"type": "Feature", "geometry": {"type": "Polygon", "coordinates": [[[-71.00082905554595, 42.38746410552675], [-71.00082905554595, 42.38580580449], [-70.99917901369906, 42.38580580449], [-70.99917901369906, 42.38746410552675], [-71.00082905554595, 42.38746410552675]]]}, "properties": {"cooling_access": 21.372041702270508, "access_class": "Low"}}, {"type": "Feature", "geometry": {"type": "Polygon", "coordinates": [[[-70.99917901369906, 42.38746410552675], [-70.99917901369906, 42.38580580449], [-70.99752897185219, 42.38580580449], [-70.99752897185219, 42.38746410552675], [-70.99917901369906, 42.38746410552675]]]}, "properties": {"cooling_access": 20.620861053466797, "access_class": "Low"}}, {"type": "Feature", "geometry": {"type": "Polygon", "coordinates": [[[-70.99752897185219, 42.38746410552675], [-70.99752897185219, 42.38580580449], [-70.99587893000532, 42.38580580449], [-70.99587893000532, 42.38746410552675], [-70.99752897185219, 42.38746410552675]]]}, "properties": {"cooling_access": 19.795164108276367, "access_class": "Very Low"}}, {"type": "Feature", "geometry": {"type": "Polygon", "coordinates": [[[-70.99587893000532, 42.38746410552675], [-70.99587893000532, 42.38580580449], [-70.99422888815845, 42.38580580449], [-70.99422888815845, 42.38746410552675], [-70.99587893000532, 42.38746410552675]]]}, "properties": {"cooling_access": 18.884218215942383, "access_class": "Very Low"}}, {"type": "Feature", "geometry": {"type": "Polygon", "coordinates": [[[-70.99422888815845, 42.38746410552675], [-70.99422888815845, 42.38580580449], [-70.99257884631156, 42.38580580449], [-70.99257884631156, 42.38746410552675], [-70.99422888815845, 42.38746410552675]]]}, "properties": {"cooling_access": 19.13190269470215, "access_class": "Very Low"}}, {"type": "Feature", "geometry": {"type": "Polygon", "coordinates": [[[-71.0783810223491, 42.38580580449], [-71.0783810223491, 42.384147503453235], [-71.07673098050223, 42.384147503453235], [-71.07673098050223, 42.38580580449], [-71.0783810223491, 42.38580580449]]]}, "properties": {"cooling_access": 29.79498863220215, "access_class": "Low"}}, {"type": "Feature", "geometry": {"type": "Polygon", "coordinates": [[[-71.07673098050223, 42.38580580449], [-71.07673098050223, 42.384147503453235], [-71.07508093865536, 42.384147503453235], [-71.07508093865536, 42.38580580449], [-71.07673098050223, 42.38580580449]]]}, "properties": {"cooling_access": 28.990251541137695, "access_class": "Low"}}, {"type": "Feature", "geometry": {"type": "Polygon", "coordinates": [[[-71.07508093865536, 42.38580580449], [-71.07508093865536, 42.384147503453235], [-71.07343089680849, 42.384147503453235], [-71.07343089680849, 42.38580580449], [-71.07508093865536, 42.38580580449]]]}, "properties": {"cooling_access": 27.994281768798828, "access_class": "Low"}}, {"type": "Feature", "geometry": {"type": "Polygon", "coordinates": [[[-71.07343089680849, 42.38580580449], [-71.07343089680849, 42.384147503453235], [-71.0717808549616, 42.384147503453235], [-71.0717808549616, 42.38580580449], [-71.07343089680849, 42.38580580449]]]}, "properties": {"cooling_access": 26.64957618713379, "access_class": "Low"}}, {"type": "Feature", "geometry": {"type": "Polygon", "coordinates": [[[-71.0717808549616, 42.38580580449], [-71.0717808549616, 42.384147503453235], [-71.07013081311473, 42.384147503453235], [-71.07013081311473, 42.38580580449], [-71.0717808549616, 42.38580580449]]]}, "properties": {"cooling_access": 24.421842575073242, "access_class": "Low"}}, {"type": "Feature", "geometry": {"type": "Polygon", "coordinates": [[[-71.07013081311473, 42.38580580449], [-71.07013081311473, 42.384147503453235], [-71.06848077126786, 42.384147503453235], [-71.06848077126786, 42.38580580449], [-71.07013081311473, 42.38580580449]]]}, "properties": {"cooling_access": 23.616031646728516, "access_class": "Low"}}, {"type": "Feature", "geometry": {"type": "Polygon", "coordinates": [[[-71.06848077126786, 42.38580580449], [-71.06848077126786, 42.384147503453235], [-71.06683072942099, 42.384147503453235], [-71.06683072942099, 42.38580580449], [-71.06848077126786, 42.38580580449]]]}, "properties": {"cooling_access": 24.05155372619629, "access_class": "Low"}}, {"type": "Feature", "geometry": {"type": "Polygon", "coordinates": [[[-71.06683072942099, 42.38580580449], [-71.06683072942099, 42.384147503453235], [-71.0651806875741, 42.384147503453235], [-71.0651806875741, 42.38580580449], [-71.06683072942099, 42.38580580449]]]}, "properties": {"cooling_access": 25.450170516967773, "access_class": "Low"}}, {"type": "Feature", "geometry": {"type": "Polygon", "coordinates": [[[-71.0651806875741, 42.38580580449], [-71.0651806875741, 42.384147503453235], [-71.06353064572723, 42.384147503453235], [-71.06353064572723, 42.38580580449], [-71.0651806875741, 42.38580580449]]]}, "properties": {"cooling_access": 27.208221435546875, "access_class": "Low"}}, {"type": "Feature", "geometry": {"type": "Polygon", "coordinates": [[[-71.06188060388035, 42.38580580449], [-71.06188060388035, 42.384147503453235], [-71.06023056203348, 42.384147503453235], [-71.06023056203348, 42.38580580449], [-71.06188060388035, 42.38580580449]]]}, "properties": {"cooling_access": 29.340473175048828, "access_class": "Low"}}, {"type": "Feature", "geometry": {"type": "Polygon", "coordinates": [[[-71.0239296414022, 42.38580580449], [-71.0239296414022, 42.384147503453235], [-71.02227959955533, 42.384147503453235], [-71.02227959955533, 42.38580580449], [-71.0239296414022, 42.38580580449]]]}, "properties": {"cooling_access": 24.595359802246094, "access_class": "Low"}}, {"type": "Feature", "geometry": {"type": "Polygon", "coordinates": [[[-71.02227959955533, 42.38580580449], [-71.02227959955533, 42.384147503453235], [-71.02062955770846, 42.384147503453235], [-71.02062955770846, 42.38580580449], [-71.02227959955533, 42.38580580449]]]}, "properties": {"cooling_access": 23.32549476623535, "access_class": "Low"}}, {"type": "Feature", "geometry": {"type": "Polygon", "coordinates": [[[-71.02062955770846, 42.38580580449], [-71.02062955770846, 42.384147503453235], [-71.01897951586157, 42.384147503453235], [-71.01897951586157, 42.38580580449], [-71.02062955770846, 42.38580580449]]]}, "properties": {"cooling_access": 22.19622039794922, "access_class": "Low"}}, {"type": "Feature", "geometry": {"type": "Polygon", "coordinates": [[[-71.01897951586157, 42.38580580449], [-71.01897951586157, 42.384147503453235], [-71.0173294740147, 42.384147503453235], [-71.0173294740147, 42.38580580449], [-71.01897951586157, 42.38580580449]]]}, "properties": {"cooling_access": 19.96308708190918, "access_class": "Very Low"}}, {"type": "Feature", "geometry": {"type": "Polygon", "coordinates": [[[-71.0173294740147, 42.38580580449], [-71.0173294740147, 42.384147503453235], [-71.01567943216783, 42.384147503453235], [-71.01567943216783, 42.38580580449], [-71.0173294740147, 42.38580580449]]]}, "properties": {"cooling_access": 19.2348575592041, "access_class": "Very Low"}}, {"type": "Feature", "geometry": {"type": "Polygon", "coordinates": [[[-71.01567943216783, 42.38580580449], [-71.01567943216783, 42.384147503453235], [-71.01402939032096, 42.384147503453235], [-71.01402939032096, 42.38580580449], [-71.01567943216783, 42.38580580449]]]}, "properties": {"cooling_access": 18.628162384033203, "access_class": "Very Low"}}, {"type": "Feature", "geometry": {"type": "Polygon", "coordinates": [[[-71.01402939032096, 42.38580580449], [-71.01402939032096, 42.384147503453235], [-71.01237934847407, 42.384147503453235], [-71.01237934847407, 42.38580580449], [-71.01402939032096, 42.38580580449]]]}, "properties": {"cooling_access": 18.539066314697266, "access_class": "Very Low"}}, {"type": "Feature", "geometry": {"type": "Polygon", "coordinates": [[[-71.01237934847407, 42.38580580449], [-71.01237934847407, 42.384147503453235], [-71.0107293066272, 42.384147503453235], [-71.0107293066272, 42.38580580449], [-71.01237934847407, 42.38580580449]]]}, "properties": {"cooling_access": 19.225860595703125, "access_class": "Very Low"}}, {"type": "Feature", "geometry": {"type": "Polygon", "coordinates": [[[-71.0107293066272, 42.38580580449], [-71.0107293066272, 42.384147503453235], [-71.00907926478033, 42.384147503453235], [-71.00907926478033, 42.38580580449], [-71.0107293066272, 42.38580580449]]]}, "properties": {"cooling_access": 19.20938491821289, "access_class": "Very Low"}}, {"type": "Feature", "geometry": {"type": "Polygon", "coordinates": [[[-71.00907926478033, 42.38580580449], [-71.00907926478033, 42.384147503453235], [-71.00742922293345, 42.384147503453235], [-71.00742922293345, 42.38580580449], [-71.00907926478033, 42.38580580449]]]}, "properties": {"cooling_access": 19.177518844604492, "access_class": "Very Low"}}, {"type": "Feature", "geometry": {"type": "Polygon", "coordinates": [[[-71.00742922293345, 42.38580580449], [-71.00742922293345, 42.384147503453235], [-71.00577918108657, 42.384147503453235], [-71.00577918108657, 42.38580580449], [-71.00742922293345, 42.38580580449]]]}, "properties": {"cooling_access": 19.7080020904541, "access_class": "Very Low"}}, {"type": "Feature", "geometry": {"type": "Polygon", "coordinates": [[[-71.00577918108657, 42.38580580449], [-71.00577918108657, 42.384147503453235], [-71.0041291392397, 42.384147503453235], [-71.0041291392397, 42.38580580449], [-71.00577918108657, 42.38580580449]]]}, "properties": {"cooling_access": 20.055374145507812, "access_class": "Low"}}, {"type": "Feature", "geometry": {"type": "Polygon", "coordinates": [[[-71.0041291392397, 42.38580580449], [-71.0041291392397, 42.384147503453235], [-71.00247909739282, 42.384147503453235], [-71.00247909739282, 42.38580580449], [-71.0041291392397, 42.38580580449]]]}, "properties": {"cooling_access": 20.023162841796875, "access_class": "Low"}}, {"type": "Feature", "geometry": {"type": "Polygon", "coordinates": [[[-71.00247909739282, 42.38580580449], [-71.00247909739282, 42.384147503453235], [-71.00082905554595, 42.384147503453235], [-71.00082905554595, 42.38580580449], [-71.00247909739282, 42.38580580449]]]}, "properties": {"cooling_access": 19.812179565429688, "access_class": "Very Low"}}, {"type": "Feature", "geometry": {"type": "Polygon", "coordinates": [[[-71.00082905554595, 42.38580580449], [-71.00082905554595, 42.384147503453235], [-70.99917901369906, 42.384147503453235], [-70.99917901369906, 42.38580580449], [-71.00082905554595, 42.38580580449]]]}, "properties": {"cooling_access": 19.42453956604004, "access_class": "Very Low"}}, {"type": "Feature", "geometry": {"type": "Polygon", "coordinates": [[[-70.99917901369906, 42.38580580449], [-70.99917901369906, 42.384147503453235], [-70.99752897185219, 42.384147503453235], [-70.99752897185219, 42.38580580449], [-70.99917901369906, 42.38580580449]]]}, "properties": {"cooling_access": 18.355741500854492, "access_class": "Very Low"}}, {"type": "Feature", "geometry": {"type": "Polygon", "coordinates": [[[-70.99752897185219, 42.38580580449], [-70.99752897185219, 42.384147503453235], [-70.99587893000532, 42.384147503453235], [-70.99587893000532, 42.38580580449], [-70.99752897185219, 42.38580580449]]]}, "properties": {"cooling_access": 17.31199836730957, "access_class": "Very Low"}}, {"type": "Feature", "geometry": {"type": "Polygon", "coordinates": [[[-71.08003106419599, 42.384147503453235], [-71.08003106419599, 42.38248920241648], [-71.0783810223491, 42.38248920241648], [-71.0783810223491, 42.384147503453235], [-71.08003106419599, 42.384147503453235]]]}, "properties": {"cooling_access": 27.674680709838867, "access_class": "Low"}}, {"type": "Feature", "geometry": {"type": "Polygon", "coordinates": [[[-71.0783810223491, 42.384147503453235], [-71.0783810223491, 42.38248920241648], [-71.07673098050223, 42.38248920241648], [-71.07673098050223, 42.384147503453235], [-71.0783810223491, 42.384147503453235]]]}, "properties": {"cooling_access": 27.891870498657227, "access_class": "Low"}}, {"type": "Feature", "geometry": {"type": "Polygon", "coordinates": [[[-71.07673098050223, 42.384147503453235], [-71.07673098050223, 42.38248920241648], [-71.07508093865536, 42.38248920241648], [-71.07508093865536, 42.384147503453235], [-71.07673098050223, 42.384147503453235]]]}, "properties": {"cooling_access": 27.05143165588379, "access_class": "Low"}}, {"type": "Feature", "geometry": {"type": "Polygon", "coordinates": [[[-71.07508093865536, 42.384147503453235], [-71.07508093865536, 42.38248920241648], [-71.07343089680849, 42.38248920241648], [-71.07343089680849, 42.384147503453235], [-71.07508093865536, 42.384147503453235]]]}, "properties": {"cooling_access": 26.232675552368164, "access_class": "Low"}}, {"type": "Feature", "geometry": {"type": "Polygon", "coordinates": [[[-71.07343089680849, 42.384147503453235], [-71.07343089680849, 42.38248920241648], [-71.0717808549616, 42.38248920241648], [-71.0717808549616, 42.384147503453235], [-71.07343089680849, 42.384147503453235]]]}, "properties": {"cooling_access": 24.954065322875977, "access_class": "Low"}}, {"type": "Feature", "geometry": {"type": "Polygon", "coordinates": [[[-71.0717808549616, 42.384147503453235], [-71.0717808549616, 42.38248920241648], [-71.07013081311473, 42.38248920241648], [-71.07013081311473, 42.384147503453235], [-71.0717808549616, 42.384147503453235]]]}, "properties": {"cooling_access": 23.934545516967773, "access_class": "Low"}}, {"type": "Feature", "geometry": {"type": "Polygon", "coordinates": [[[-71.07013081311473, 42.384147503453235], [-71.07013081311473, 42.38248920241648], [-71.06848077126786, 42.38248920241648], [-71.06848077126786, 42.384147503453235], [-71.07013081311473, 42.384147503453235]]]}, "properties": {"cooling_access": 22.09674644470215, "access_class": "Low"}}, {"type": "Feature", "geometry": {"type": "Polygon", "coordinates": [[[-71.06848077126786, 42.384147503453235], [-71.06848077126786, 42.38248920241648], [-71.06683072942099, 42.38248920241648], [-71.06683072942099, 42.384147503453235], [-71.06848077126786, 42.384147503453235]]]}, "properties": {"cooling_access": 21.386201858520508, "access_class": "Low"}}, {"type": "Feature", "geometry": {"type": "Polygon", "coordinates": [[[-71.06683072942099, 42.384147503453235], [-71.06683072942099, 42.38248920241648], [-71.0651806875741, 42.38248920241648], [-71.0651806875741, 42.384147503453235], [-71.06683072942099, 42.384147503453235]]]}, "properties": {"cooling_access": 22.974458694458008, "access_class": "Low"}}, {"type": "Feature", "geometry": {"type": "Polygon", "coordinates": [[[-71.0651806875741, 42.384147503453235], [-71.0651806875741, 42.38248920241648], [-71.06353064572723, 42.38248920241648], [-71.06353064572723, 42.384147503453235], [-71.0651806875741, 42.384147503453235]]]}, "properties": {"cooling_access": 23.63858413696289, "access_class": "Low"}}, {"type": "Feature", "geometry": {"type": "Polygon", "coordinates": [[[-71.06353064572723, 42.384147503453235], [-71.06353064572723, 42.38248920241648], [-71.06188060388035, 42.38248920241648], [-71.06188060388035, 42.384147503453235], [-71.06353064572723, 42.384147503453235]]]}, "properties": {"cooling_access": 24.57455062866211, "access_class": "Low"}}, {"type": "Feature", "geometry": {"type": "Polygon", "coordinates": [[[-71.06188060388035, 42.384147503453235], [-71.06188060388035, 42.38248920241648], [-71.06023056203348, 42.38248920241648], [-71.06023056203348, 42.384147503453235], [-71.06188060388035, 42.384147503453235]]]}, "properties": {"cooling_access": 25.5682430267334, "access_class": "Low"}}, {"type": "Feature", "geometry": {"type": "Polygon", "coordinates": [[[-71.06023056203348, 42.384147503453235], [-71.06023056203348, 42.38248920241648], [-71.0585805201866, 42.38248920241648], [-71.0585805201866, 42.384147503453235], [-71.06023056203348, 42.384147503453235]]]}, "properties": {"cooling_access": 25.30257797241211, "access_class": "Low"}}, {"type": "Feature", "geometry": {"type": "Polygon", "coordinates": [[[-71.0585805201866, 42.384147503453235], [-71.0585805201866, 42.38248920241648], [-71.05693047833972, 42.38248920241648], [-71.05693047833972, 42.384147503453235], [-71.0585805201866, 42.384147503453235]]]}, "properties": {"cooling_access": 24.75401496887207, "access_class": "Low"}}, {"type": "Feature", "geometry": {"type": "Polygon", "coordinates": [[[-71.05693047833972, 42.384147503453235], [-71.05693047833972, 42.38248920241648], [-71.05528043649285, 42.38248920241648], [-71.05528043649285, 42.384147503453235], [-71.05693047833972, 42.384147503453235]]]}, "properties": {"cooling_access": 23.71533966064453, "access_class": "Low"}}, {"type": "Feature", "geometry": {"type": "Polygon", "coordinates": [[[-71.05528043649285, 42.384147503453235], [-71.05528043649285, 42.38248920241648], [-71.05363039464598, 42.38248920241648], [-71.05363039464598, 42.384147503453235], [-71.05528043649285, 42.384147503453235]]]}, "properties": {"cooling_access": 22.061464309692383, "access_class": "Low"}}, {"type": "Feature", "geometry": {"type": "Polygon", "coordinates": [[[-71.05363039464598, 42.384147503453235], [-71.05363039464598, 42.38248920241648], [-71.05198035279909, 42.38248920241648], [-71.05198035279909, 42.384147503453235], [-71.05363039464598, 42.384147503453235]]]}, "properties": {"cooling_access": 22.137611389160156, "access_class": "Low"}}, {"type": "Feature", "geometry": {"type": "Polygon", "coordinates": [[[-71.05198035279909, 42.384147503453235], [-71.05198035279909, 42.38248920241648], [-71.05033031095222, 42.38248920241648], [-71.05033031095222, 42.384147503453235], [-71.05198035279909, 42.384147503453235]]]}, "properties": {"cooling_access": 22.02106475830078, "access_class": "Low"}}, {"type": "Feature", "geometry": {"type": "Polygon", "coordinates": [[[-71.05033031095222, 42.384147503453235], [-71.05033031095222, 42.38248920241648], [-71.04868026910535, 42.38248920241648], [-71.04868026910535, 42.384147503453235], [-71.05033031095222, 42.384147503453235]]]}, "properties": {"cooling_access": 21.777599334716797, "access_class": "Low"}}, {"type": "Feature", "geometry": {"type": "Polygon", "coordinates": [[[-71.04043005987097, 42.384147503453235], [-71.04043005987097, 42.38248920241648], [-71.03878001802408, 42.38248920241648], [-71.03878001802408, 42.384147503453235], [-71.04043005987097, 42.384147503453235]]]}, "properties": {"cooling_access": 21.808860778808594, "access_class": "Low"}}, {"type": "Feature", "geometry": {"type": "Polygon", "coordinates": [[[-71.03878001802408, 42.384147503453235], [-71.03878001802408, 42.38248920241648], [-71.03712997617721, 42.38248920241648], [-71.03712997617721, 42.384147503453235], [-71.03878001802408, 42.384147503453235]]]}, "properties": {"cooling_access": 22.694011688232422, "access_class": "Low"}}, {"type": "Feature", "geometry": {"type": "Polygon", "coordinates": [[[-71.03712997617721, 42.384147503453235], [-71.03712997617721, 42.38248920241648], [-71.03547993433034, 42.38248920241648], [-71.03547993433034, 42.384147503453235], [-71.03712997617721, 42.384147503453235]]]}, "properties": {"cooling_access": 24.917448043823242, "access_class": "Low"}}, {"type": "Feature", "geometry": {"type": "Polygon", "coordinates": [[[-71.03547993433034, 42.384147503453235], [-71.03547993433034, 42.38248920241648], [-71.03382989248347, 42.38248920241648], [-71.03382989248347, 42.384147503453235], [-71.03547993433034, 42.384147503453235]]]}, "properties": {"cooling_access": 26.11185073852539, "access_class": "Low"}}, {"type": "Feature", "geometry": {"type": "Polygon", "coordinates": [[[-71.03052980878971, 42.384147503453235], [-71.03052980878971, 42.38248920241648], [-71.02887976694284, 42.38248920241648], [-71.02887976694284, 42.384147503453235], [-71.03052980878971, 42.384147503453235]]]}, "properties": {"cooling_access": 23.60882568359375, "access_class": "Low"}}, {"type": "Feature", "geometry": {"type": "Polygon", "coordinates": [[[-71.02722972509596, 42.384147503453235], [-71.02722972509596, 42.38248920241648], [-71.02557968324908, 42.38248920241648], [-71.02557968324908, 42.384147503453235], [-71.02722972509596, 42.384147503453235]]]}, "properties": {"cooling_access": 23.83468246459961, "access_class": "Low"}}, {"type": "Feature", "geometry": {"type": "Polygon", "coordinates": [[[-71.02557968324908, 42.384147503453235], [-71.02557968324908, 42.38248920241648], [-71.0239296414022, 42.38248920241648], [-71.0239296414022, 42.384147503453235], [-71.02557968324908, 42.384147503453235]]]}, "properties": {"cooling_access": 23.593812942504883, "access_class": "Low"}}, {"type": "Feature", "geometry": {"type": "Polygon", "coordinates": [[[-71.0239296414022, 42.384147503453235], [-71.0239296414022, 42.38248920241648], [-71.02227959955533, 42.38248920241648], [-71.02227959955533, 42.384147503453235], [-71.0239296414022, 42.384147503453235]]]}, "properties": {"cooling_access": 22.936962127685547, "access_class": "Low"}}, {"type": "Feature", "geometry": {"type": "Polygon", "coordinates": [[[-71.02227959955533, 42.384147503453235], [-71.02227959955533, 42.38248920241648], [-71.02062955770846, 42.38248920241648], [-71.02062955770846, 42.384147503453235], [-71.02227959955533, 42.384147503453235]]]}, "properties": {"cooling_access": 21.492389678955078, "access_class": "Low"}}, {"type": "Feature", "geometry": {"type": "Polygon", "coordinates": [[[-71.02062955770846, 42.384147503453235], [-71.02062955770846, 42.38248920241648], [-71.01897951586157, 42.38248920241648], [-71.01897951586157, 42.384147503453235], [-71.02062955770846, 42.384147503453235]]]}, "properties": {"cooling_access": 20.116195678710938, "access_class": "Low"}}, {"type": "Feature", "geometry": {"type": "Polygon", "coordinates": [[[-71.01897951586157, 42.384147503453235], [-71.01897951586157, 42.38248920241648], [-71.0173294740147, 42.38248920241648], [-71.0173294740147, 42.384147503453235], [-71.01897951586157, 42.384147503453235]]]}, "properties": {"cooling_access": 18.995378494262695, "access_class": "Very Low"}}, {"type": "Feature", "geometry": {"type": "Polygon", "coordinates": [[[-71.0173294740147, 42.384147503453235], [-71.0173294740147, 42.38248920241648], [-71.01567943216783, 42.38248920241648], [-71.01567943216783, 42.384147503453235], [-71.0173294740147, 42.384147503453235]]]}, "properties": {"cooling_access": 17.209909439086914, "access_class": "Very Low"}}, {"type": "Feature", "geometry": {"type": "Polygon", "coordinates": [[[-71.01567943216783, 42.384147503453235], [-71.01567943216783, 42.38248920241648], [-71.01402939032096, 42.38248920241648], [-71.01402939032096, 42.384147503453235], [-71.01567943216783, 42.384147503453235]]]}, "properties": {"cooling_access": 16.551416397094727, "access_class": "Very Low"}}, {"type": "Feature", "geometry": {"type": "Polygon", "coordinates": [[[-71.01402939032096, 42.384147503453235], [-71.01402939032096, 42.38248920241648], [-71.01237934847407, 42.38248920241648], [-71.01237934847407, 42.384147503453235], [-71.01402939032096, 42.384147503453235]]]}, "properties": {"cooling_access": 16.343048095703125, "access_class": "Very Low"}}, {"type": "Feature", "geometry": {"type": "Polygon", "coordinates": [[[-71.01237934847407, 42.384147503453235], [-71.01237934847407, 42.38248920241648], [-71.0107293066272, 42.38248920241648], [-71.0107293066272, 42.384147503453235], [-71.01237934847407, 42.384147503453235]]]}, "properties": {"cooling_access": 16.3568172454834, "access_class": "Very Low"}}, {"type": "Feature", "geometry": {"type": "Polygon", "coordinates": [[[-71.00247909739282, 42.384147503453235], [-71.00247909739282, 42.38248920241648], [-71.00082905554595, 42.38248920241648], [-71.00082905554595, 42.384147503453235], [-71.00247909739282, 42.384147503453235]]]}, "properties": {"cooling_access": 16.14907455444336, "access_class": "Very Low"}}, {"type": "Feature", "geometry": {"type": "Polygon", "coordinates": [[[-71.00082905554595, 42.384147503453235], [-71.00082905554595, 42.38248920241648], [-70.99917901369906, 42.38248920241648], [-70.99917901369906, 42.384147503453235], [-71.00082905554595, 42.384147503453235]]]}, "properties": {"cooling_access": 16.732080459594727, "access_class": "Very Low"}}, {"type": "Feature", "geometry": {"type": "Polygon", "coordinates": [[[-70.99917901369906, 42.384147503453235], [-70.99917901369906, 42.38248920241648], [-70.99752897185219, 42.38248920241648], [-70.99752897185219, 42.384147503453235], [-70.99917901369906, 42.384147503453235]]]}, "properties": {"cooling_access": 16.189632415771484, "access_class": "Very Low"}}, {"type": "Feature", "geometry": {"type": "Polygon", "coordinates": [[[-70.99752897185219, 42.384147503453235], [-70.99752897185219, 42.38248920241648], [-70.99587893000532, 42.38248920241648], [-70.99587893000532, 42.384147503453235], [-70.99752897185219, 42.384147503453235]]]}, "properties": {"cooling_access": 14.70357608795166, "access_class": "Very Low"}}, {"type": "Feature", "geometry": {"type": "Polygon", "coordinates": [[[-71.08003106419599, 42.38248920241648], [-71.08003106419599, 42.380830901379724], [-71.0783810223491, 42.380830901379724], [-71.0783810223491, 42.38248920241648], [-71.08003106419599, 42.38248920241648]]]}, "properties": {"cooling_access": 25.995529174804688, "access_class": "Low"}}, {"type": "Feature", "geometry": {"type": "Polygon", "coordinates": [[[-71.0783810223491, 42.38248920241648], [-71.0783810223491, 42.380830901379724], [-71.07673098050223, 42.380830901379724], [-71.07673098050223, 42.38248920241648], [-71.0783810223491, 42.38248920241648]]]}, "properties": {"cooling_access": 25.91008758544922, "access_class": "Low"}}, {"type": "Feature", "geometry": {"type": "Polygon", "coordinates": [[[-71.07673098050223, 42.38248920241648], [-71.07673098050223, 42.380830901379724], [-71.07508093865536, 42.380830901379724], [-71.07508093865536, 42.38248920241648], [-71.07673098050223, 42.38248920241648]]]}, "properties": {"cooling_access": 25.15036392211914, "access_class": "Low"}}, {"type": "Feature", "geometry": {"type": "Polygon", "coordinates": [[[-71.07508093865536, 42.38248920241648], [-71.07508093865536, 42.380830901379724], [-71.07343089680849, 42.380830901379724], [-71.07343089680849, 42.38248920241648], [-71.07508093865536, 42.38248920241648]]]}, "properties": {"cooling_access": 24.351957321166992, "access_class": "Low"}}, {"type": "Feature", "geometry": {"type": "Polygon", "coordinates": [[[-71.07343089680849, 42.38248920241648], [-71.07343089680849, 42.380830901379724], [-71.0717808549616, 42.380830901379724], [-71.0717808549616, 42.38248920241648], [-71.07343089680849, 42.38248920241648]]]}, "properties": {"cooling_access": 23.460935592651367, "access_class": "Low"}}, {"type": "Feature", "geometry": {"type": "Polygon", "coordinates": [[[-71.0717808549616, 42.38248920241648], [-71.0717808549616, 42.380830901379724], [-71.07013081311473, 42.380830901379724], [-71.07013081311473, 42.38248920241648], [-71.0717808549616, 42.38248920241648]]]}, "properties": {"cooling_access": 22.175905227661133, "access_class": "Low"}}, {"type": "Feature", "geometry": {"type": "Polygon", "coordinates": [[[-71.07013081311473, 42.38248920241648], [-71.07013081311473, 42.380830901379724], [-71.06848077126786, 42.380830901379724], [-71.06848077126786, 42.38248920241648], [-71.07013081311473, 42.38248920241648]]]}, "properties": {"cooling_access": 21.387239456176758, "access_class": "Low"}}, {"type": "Feature", "geometry": {"type": "Polygon", "coordinates": [[[-71.06848077126786, 42.38248920241648], [-71.06848077126786, 42.380830901379724], [-71.06683072942099, 42.380830901379724], [-71.06683072942099, 42.38248920241648], [-71.06848077126786, 42.38248920241648]]]}, "properties": {"cooling_access": 20.102035522460938, "access_class": "Low"}}, {"type": "Feature", "geometry": {"type": "Polygon", "coordinates": [[[-71.06683072942099, 42.38248920241648], [-71.06683072942099, 42.380830901379724], [-71.0651806875741, 42.380830901379724], [-71.0651806875741, 42.38248920241648], [-71.06683072942099, 42.38248920241648]]]}, "properties": {"cooling_access": 20.91908073425293, "access_class": "Low"}}, {"type": "Feature", "geometry": {"type": "Polygon", "coordinates": [[[-71.0651806875741, 42.38248920241648], [-71.0651806875741, 42.380830901379724], [-71.06353064572723, 42.380830901379724], [-71.06353064572723, 42.38248920241648], [-71.0651806875741, 42.38248920241648]]]}, "properties": {"cooling_access": 20.946643829345703, "access_class": "Low"}}, {"type": "Feature", "geometry": {"type": "Polygon", "coordinates": [[[-71.06353064572723, 42.38248920241648], [-71.06353064572723, 42.380830901379724], [-71.06188060388035, 42.380830901379724], [-71.06188060388035, 42.38248920241648], [-71.06353064572723, 42.38248920241648]]]}, "properties": {"cooling_access": 21.522220611572266, "access_class": "Low"}}, {"type": "Feature", "geometry": {"type": "Polygon", "coordinates": [[[-71.06188060388035, 42.38248920241648], [-71.06188060388035, 42.380830901379724], [-71.06023056203348, 42.380830901379724], [-71.06023056203348, 42.38248920241648], [-71.06188060388035, 42.38248920241648]]]}, "properties": {"cooling_access": 22.18327522277832, "access_class": "Low"}}, {"type": "Feature", "geometry": {"type": "Polygon", "coordinates": [[[-71.06023056203348, 42.38248920241648], [-71.06023056203348, 42.380830901379724], [-71.0585805201866, 42.380830901379724], [-71.0585805201866, 42.38248920241648], [-71.06023056203348, 42.38248920241648]]]}, "properties": {"cooling_access": 21.61170768737793, "access_class": "Low"}}, {"type": "Feature", "geometry": {"type": "Polygon", "coordinates": [[[-71.0585805201866, 42.38248920241648], [-71.0585805201866, 42.380830901379724], [-71.05693047833972, 42.380830901379724], [-71.05693047833972, 42.38248920241648], [-71.0585805201866, 42.38248920241648]]]}, "properties": {"cooling_access": 21.890764236450195, "access_class": "Low"}}, {"type": "Feature", "geometry": {"type": "Polygon", "coordinates": [[[-71.05693047833972, 42.38248920241648], [-71.05693047833972, 42.380830901379724], [-71.05528043649285, 42.380830901379724], [-71.05528043649285, 42.38248920241648], [-71.05693047833972, 42.38248920241648]]]}, "properties": {"cooling_access": 21.398597717285156, "access_class": "Low"}}, {"type": "Feature", "geometry": {"type": "Polygon", "coordinates": [[[-71.05528043649285, 42.38248920241648], [-71.05528043649285, 42.380830901379724], [-71.05363039464598, 42.380830901379724], [-71.05363039464598, 42.38248920241648], [-71.05528043649285, 42.38248920241648]]]}, "properties": {"cooling_access": 20.060041427612305, "access_class": "Low"}}, {"type": "Feature", "geometry": {"type": "Polygon", "coordinates": [[[-71.05363039464598, 42.38248920241648], [-71.05363039464598, 42.380830901379724], [-71.05198035279909, 42.380830901379724], [-71.05198035279909, 42.38248920241648], [-71.05363039464598, 42.38248920241648]]]}, "properties": {"cooling_access": 19.2424373626709, "access_class": "Very Low"}}, {"type": "Feature", "geometry": {"type": "Polygon", "coordinates": [[[-71.05198035279909, 42.38248920241648], [-71.05198035279909, 42.380830901379724], [-71.05033031095222, 42.380830901379724], [-71.05033031095222, 42.38248920241648], [-71.05198035279909, 42.38248920241648]]]}, "properties": {"cooling_access": 19.088254928588867, "access_class": "Very Low"}}, {"type": "Feature", "geometry": {"type": "Polygon", "coordinates": [[[-71.04208010171784, 42.38248920241648], [-71.04208010171784, 42.380830901379724], [-71.04043005987097, 42.380830901379724], [-71.04043005987097, 42.38248920241648], [-71.04208010171784, 42.38248920241648]]]}, "properties": {"cooling_access": 18.088895797729492, "access_class": "Very Low"}}, {"type": "Feature", "geometry": {"type": "Polygon", "coordinates": [[[-71.04043005987097, 42.38248920241648], [-71.04043005987097, 42.380830901379724], [-71.03878001802408, 42.380830901379724], [-71.03878001802408, 42.38248920241648], [-71.04043005987097, 42.38248920241648]]]}, "properties": {"cooling_access": 18.28840446472168, "access_class": "Very Low"}}, {"type": "Feature", "geometry": {"type": "Polygon", "coordinates": [[[-71.03878001802408, 42.38248920241648], [-71.03878001802408, 42.380830901379724], [-71.03712997617721, 42.380830901379724], [-71.03712997617721, 42.38248920241648], [-71.03878001802408, 42.38248920241648]]]}, "properties": {"cooling_access": 20.898611068725586, "access_class": "Low"}}, {"type": "Feature", "geometry": {"type": "Polygon", "coordinates": [[[-71.03712997617721, 42.38248920241648], [-71.03712997617721, 42.380830901379724], [-71.03547993433034, 42.380830901379724], [-71.03547993433034, 42.38248920241648], [-71.03712997617721, 42.38248920241648]]]}, "properties": {"cooling_access": 22.34853744506836, "access_class": "Low"}}, {"type": "Feature", "geometry": {"type": "Polygon", "coordinates": [[[-71.03547993433034, 42.38248920241648], [-71.03547993433034, 42.380830901379724], [-71.03382989248347, 42.380830901379724], [-71.03382989248347, 42.38248920241648], [-71.03547993433034, 42.38248920241648]]]}, "properties": {"cooling_access": 23.3576602935791, "access_class": "Low"}}, {"type": "Feature", "geometry": {"type": "Polygon", "coordinates": [[[-71.03382989248347, 42.38248920241648], [-71.03382989248347, 42.380830901379724], [-71.03217985063658, 42.380830901379724], [-71.03217985063658, 42.38248920241648], [-71.03382989248347, 42.38248920241648]]]}, "properties": {"cooling_access": 21.676189422607422, "access_class": "Low"}}, {"type": "Feature", "geometry": {"type": "Polygon", "coordinates": [[[-71.03217985063658, 42.38248920241648], [-71.03217985063658, 42.380830901379724], [-71.03052980878971, 42.380830901379724], [-71.03052980878971, 42.38248920241648], [-71.03217985063658, 42.38248920241648]]]}, "properties": {"cooling_access": 19.84963035583496, "access_class": "Very Low"}}, {"type": "Feature", "geometry": {"type": "Polygon", "coordinates": [[[-71.03052980878971, 42.38248920241648], [-71.03052980878971, 42.380830901379724], [-71.02887976694284, 42.380830901379724], [-71.02887976694284, 42.38248920241648], [-71.03052980878971, 42.38248920241648]]]}, "properties": {"cooling_access": 20.65390396118164, "access_class": "Low"}}, {"type": "Feature", "geometry": {"type": "Polygon", "coordinates": [[[-71.02887976694284, 42.38248920241648], [-71.02887976694284, 42.380830901379724], [-71.02722972509596, 42.380830901379724], [-71.02722972509596, 42.38248920241648], [-71.02887976694284, 42.38248920241648]]]}, "properties": {"cooling_access": 21.80122947692871, "access_class": "Low"}}, {"type": "Feature", "geometry": {"type": "Polygon", "coordinates": [[[-71.02722972509596, 42.38248920241648], [-71.02722972509596, 42.380830901379724], [-71.02557968324908, 42.380830901379724], [-71.02557968324908, 42.38248920241648], [-71.02722972509596, 42.38248920241648]]]}, "properties": {"cooling_access": 21.07782745361328, "access_class": "Low"}}, {"type": "Feature", "geometry": {"type": "Polygon", "coordinates": [[[-71.02557968324908, 42.38248920241648], [-71.02557968324908, 42.380830901379724], [-71.0239296414022, 42.380830901379724], [-71.0239296414022, 42.38248920241648], [-71.02557968324908, 42.38248920241648]]]}, "properties": {"cooling_access": 21.222152709960938, "access_class": "Low"}}, {"type": "Feature", "geometry": {"type": "Polygon", "coordinates": [[[-71.0239296414022, 42.38248920241648], [-71.0239296414022, 42.380830901379724], [-71.02227959955533, 42.380830901379724], [-71.02227959955533, 42.38248920241648], [-71.0239296414022, 42.38248920241648]]]}, "properties": {"cooling_access": 20.961008071899414, "access_class": "Low"}}, {"type": "Feature", "geometry": {"type": "Polygon", "coordinates": [[[-71.02227959955533, 42.38248920241648], [-71.02227959955533, 42.380830901379724], [-71.02062955770846, 42.380830901379724], [-71.02062955770846, 42.38248920241648], [-71.02227959955533, 42.38248920241648]]]}, "properties": {"cooling_access": 20.21852684020996, "access_class": "Low"}}, {"type": "Feature", "geometry": {"type": "Polygon", "coordinates": [[[-71.02062955770846, 42.38248920241648], [-71.02062955770846, 42.380830901379724], [-71.01897951586157, 42.380830901379724], [-71.01897951586157, 42.38248920241648], [-71.02062955770846, 42.38248920241648]]]}, "properties": {"cooling_access": 18.91087532043457, "access_class": "Very Low"}}, {"type": "Feature", "geometry": {"type": "Polygon", "coordinates": [[[-71.01897951586157, 42.38248920241648], [-71.01897951586157, 42.380830901379724], [-71.0173294740147, 42.380830901379724], [-71.0173294740147, 42.38248920241648], [-71.01897951586157, 42.38248920241648]]]}, "properties": {"cooling_access": 17.30671501159668, "access_class": "Very Low"}}, {"type": "Feature", "geometry": {"type": "Polygon", "coordinates": [[[-71.0173294740147, 42.38248920241648], [-71.0173294740147, 42.380830901379724], [-71.01567943216783, 42.380830901379724], [-71.01567943216783, 42.38248920241648], [-71.0173294740147, 42.38248920241648]]]}, "properties": {"cooling_access": 15.811763763427734, "access_class": "Very Low"}}, {"type": "Feature", "geometry": {"type": "Polygon", "coordinates": [[[-71.01567943216783, 42.38248920241648], [-71.01567943216783, 42.380830901379724], [-71.01402939032096, 42.380830901379724], [-71.01402939032096, 42.38248920241648], [-71.01567943216783, 42.38248920241648]]]}, "properties": {"cooling_access": 14.170376777648926, "access_class": "Very Low"}}, {"type": "Feature", "geometry": {"type": "Polygon", "coordinates": [[[-71.01402939032096, 42.38248920241648], [-71.01402939032096, 42.380830901379724], [-71.01237934847407, 42.380830901379724], [-71.01237934847407, 42.38248920241648], [-71.01402939032096, 42.38248920241648]]]}, "properties": {"cooling_access": 13.755768775939941, "access_class": "Very Low"}}, {"type": "Feature", "geometry": {"type": "Polygon", "coordinates": [[[-71.01237934847407, 42.38248920241648], [-71.01237934847407, 42.380830901379724], [-71.0107293066272, 42.380830901379724], [-71.0107293066272, 42.38248920241648], [-71.01237934847407, 42.38248920241648]]]}, "properties": {"cooling_access": 12.562491416931152, "access_class": "Very Low"}}, {"type": "Feature", "geometry": {"type": "Polygon", "coordinates": [[[-70.99917901369906, 42.38248920241648], [-70.99917901369906, 42.380830901379724], [-70.99752897185219, 42.380830901379724], [-70.99752897185219, 42.38248920241648], [-70.99917901369906, 42.38248920241648]]]}, "properties": {"cooling_access": 12.82534122467041, "access_class": "Very Low"}}, {"type": "Feature", "geometry": {"type": "Polygon", "coordinates": [[[-71.07508093865536, 42.380830901379724], [-71.07508093865536, 42.37917260034296], [-71.07343089680849, 42.37917260034296], [-71.07343089680849, 42.380830901379724], [-71.07508093865536, 42.380830901379724]]]}, "properties": {"cooling_access": 22.472211837768555, "access_class": "Low"}}, {"type": "Feature", "geometry": {"type": "Polygon", "coordinates": [[[-71.07343089680849, 42.380830901379724], [-71.07343089680849, 42.37917260034296], [-71.0717808549616, 42.37917260034296], [-71.0717808549616, 42.380830901379724], [-71.07343089680849, 42.380830901379724]]]}, "properties": {"cooling_access": 21.694185256958008, "access_class": "Low"}}, {"type": "Feature", "geometry": {"type": "Polygon", "coordinates": [[[-71.0717808549616, 42.380830901379724], [-71.0717808549616, 42.37917260034296], [-71.07013081311473, 42.37917260034296], [-71.07013081311473, 42.380830901379724], [-71.0717808549616, 42.380830901379724]]]}, "properties": {"cooling_access": 20.814014434814453, "access_class": "Low"}}, {"type": "Feature", "geometry": {"type": "Polygon", "coordinates": [[[-71.07013081311473, 42.380830901379724], [-71.07013081311473, 42.37917260034296], [-71.06848077126786, 42.37917260034296], [-71.06848077126786, 42.380830901379724], [-71.07013081311473, 42.380830901379724]]]}, "properties": {"cooling_access": 19.647459030151367, "access_class": "Very Low"}}, {"type": "Feature", "geometry": {"type": "Polygon", "coordinates": [[[-71.06848077126786, 42.380830901379724], [-71.06848077126786, 42.37917260034296], [-71.06683072942099, 42.37917260034296], [-71.06683072942099, 42.380830901379724], [-71.06848077126786, 42.380830901379724]]]}, "properties": {"cooling_access": 18.688758850097656, "access_class": "Very Low"}}, {"type": "Feature", "geometry": {"type": "Polygon", "coordinates": [[[-71.06683072942099, 42.380830901379724], [-71.06683072942099, 42.37917260034296], [-71.0651806875741, 42.37917260034296], [-71.0651806875741, 42.380830901379724], [-71.06683072942099, 42.380830901379724]]]}, "properties": {"cooling_access": 18.809730529785156, "access_class": "Very Low"}}, {"type": "Feature", "geometry": {"type": "Polygon", "coordinates": [[[-71.0651806875741, 42.380830901379724], [-71.0651806875741, 42.37917260034296], [-71.06353064572723, 42.37917260034296], [-71.06353064572723, 42.380830901379724], [-71.0651806875741, 42.380830901379724]]]}, "properties": {"cooling_access": 18.717172622680664, "access_class": "Very Low"}}, {"type": "Feature", "geometry": {"type": "Polygon", "coordinates": [[[-71.06353064572723, 42.380830901379724], [-71.06353064572723, 42.37917260034296], [-71.06188060388035, 42.37917260034296], [-71.06188060388035, 42.380830901379724], [-71.06353064572723, 42.380830901379724]]]}, "properties": {"cooling_access": 19.34818458557129, "access_class": "Very Low"}}, {"type": "Feature", "geometry": {"type": "Polygon", "coordinates": [[[-71.06188060388035, 42.380830901379724], [-71.06188060388035, 42.37917260034296], [-71.06023056203348, 42.37917260034296], [-71.06023056203348, 42.380830901379724], [-71.06188060388035, 42.380830901379724]]]}, "properties": {"cooling_access": 19.87100601196289, "access_class": "Very Low"}}, {"type": "Feature", "geometry": {"type": "Polygon", "coordinates": [[[-71.06023056203348, 42.380830901379724], [-71.06023056203348, 42.37917260034296], [-71.0585805201866, 42.37917260034296], [-71.0585805201866, 42.380830901379724], [-71.06023056203348, 42.380830901379724]]]}, "properties": {"cooling_access": 19.011098861694336, "access_class": "Very Low"}}, {"type": "Feature", "geometry": {"type": "Polygon", "coordinates": [[[-71.0585805201866, 42.380830901379724], [-71.0585805201866, 42.37917260034296], [-71.05693047833972, 42.37917260034296], [-71.05693047833972, 42.380830901379724], [-71.0585805201866, 42.380830901379724]]]}, "properties": {"cooling_access": 19.163936614990234, "access_class": "Very Low"}}, {"type": "Feature", "geometry": {"type": "Polygon", "coordinates": [[[-71.05693047833972, 42.380830901379724], [-71.05693047833972, 42.37917260034296], [-71.05528043649285, 42.37917260034296], [-71.05528043649285, 42.380830901379724], [-71.05693047833972, 42.380830901379724]]]}, "properties": {"cooling_access": 19.097719192504883, "access_class": "Very Low"}}, {"type": "Feature", "geometry": {"type": "Polygon", "coordinates": [[[-71.05528043649285, 42.380830901379724], [-71.05528043649285, 42.37917260034296], [-71.05363039464598, 42.37917260034296], [-71.05363039464598, 42.380830901379724], [-71.05528043649285, 42.380830901379724]]]}, "properties": {"cooling_access": 18.43576431274414, "access_class": "Very Low"}}, {"type": "Feature", "geometry": {"type": "Polygon", "coordinates": [[[-71.05363039464598, 42.380830901379724], [-71.05363039464598, 42.37917260034296], [-71.05198035279909, 42.37917260034296], [-71.05198035279909, 42.380830901379724], [-71.05363039464598, 42.380830901379724]]]}, "properties": {"cooling_access": 16.929210662841797, "access_class": "Very Low"}}, {"type": "Feature", "geometry": {"type": "Polygon", "coordinates": [[[-71.04868026910535, 42.380830901379724], [-71.04868026910535, 42.37917260034296], [-71.04703022725847, 42.37917260034296], [-71.04703022725847, 42.380830901379724], [-71.04868026910535, 42.380830901379724]]]}, "properties": {"cooling_access": 16.725770950317383, "access_class": "Very Low"}}, {"type": "Feature", "geometry": {"type": "Polygon", "coordinates": [[[-71.04208010171784, 42.380830901379724], [-71.04208010171784, 42.37917260034296], [-71.04043005987097, 42.37917260034296], [-71.04043005987097, 42.380830901379724], [-71.04208010171784, 42.380830901379724]]]}, "properties": {"cooling_access": 14.746970176696777, "access_class": "Very Low"}}, {"type": "Feature", "geometry": {"type": "Polygon", "coordinates": [[[-71.04043005987097, 42.380830901379724], [-71.04043005987097, 42.37917260034296], [-71.03878001802408, 42.37917260034296], [-71.03878001802408, 42.380830901379724], [-71.04043005987097, 42.380830901379724]]]}, "properties": {"cooling_access": 17.717578887939453, "access_class": "Very Low"}}, {"type": "Feature", "geometry": {"type": "Polygon", "coordinates": [[[-71.03878001802408, 42.380830901379724], [-71.03878001802408, 42.37917260034296], [-71.03712997617721, 42.37917260034296], [-71.03712997617721, 42.380830901379724], [-71.03878001802408, 42.380830901379724]]]}, "properties": {"cooling_access": 19.599855422973633, "access_class": "Very Low"}}, {"type": "Feature", "geometry": {"type": "Polygon", "coordinates": [[[-71.03712997617721, 42.380830901379724], [-71.03712997617721, 42.37917260034296], [-71.03547993433034, 42.37917260034296], [-71.03547993433034, 42.380830901379724], [-71.03712997617721, 42.380830901379724]]]}, "properties": {"cooling_access": 20.537534713745117, "access_class": "Low"}}, {"type": "Feature", "geometry": {"type": "Polygon", "coordinates": [[[-71.03547993433034, 42.380830901379724], [-71.03547993433034, 42.37917260034296], [-71.03382989248347, 42.37917260034296], [-71.03382989248347, 42.380830901379724], [-71.03547993433034, 42.380830901379724]]]}, "properties": {"cooling_access": 21.270933151245117, "access_class": "Low"}}, {"type": "Feature", "geometry": {"type": "Polygon", "coordinates": [[[-71.03382989248347, 42.380830901379724], [-71.03382989248347, 42.37917260034296], [-71.03217985063658, 42.37917260034296], [-71.03217985063658, 42.380830901379724], [-71.03382989248347, 42.380830901379724]]]}, "properties": {"cooling_access": 20.37629508972168, "access_class": "Low"}}, {"type": "Feature", "geometry": {"type": "Polygon", "coordinates": [[[-71.03217985063658, 42.380830901379724], [-71.03217985063658, 42.37917260034296], [-71.03052980878971, 42.37917260034296], [-71.03052980878971, 42.380830901379724], [-71.03217985063658, 42.380830901379724]]]}, "properties": {"cooling_access": 18.4245548248291, "access_class": "Very Low"}}, {"type": "Feature", "geometry": {"type": "Polygon", "coordinates": [[[-71.03052980878971, 42.380830901379724], [-71.03052980878971, 42.37917260034296], [-71.02887976694284, 42.37917260034296], [-71.02887976694284, 42.380830901379724], [-71.03052980878971, 42.380830901379724]]]}, "properties": {"cooling_access": 18.343551635742188, "access_class": "Very Low"}}, {"type": "Feature", "geometry": {"type": "Polygon", "coordinates": [[[-71.02887976694284, 42.380830901379724], [-71.02887976694284, 42.37917260034296], [-71.02722972509596, 42.37917260034296], [-71.02722972509596, 42.380830901379724], [-71.02887976694284, 42.380830901379724]]]}, "properties": {"cooling_access": 19.345348358154297, "access_class": "Very Low"}}, {"type": "Feature", "geometry": {"type": "Polygon", "coordinates": [[[-71.02722972509596, 42.380830901379724], [-71.02722972509596, 42.37917260034296], [-71.02557968324908, 42.37917260034296], [-71.02557968324908, 42.380830901379724], [-71.02722972509596, 42.380830901379724]]]}, "properties": {"cooling_access": 18.606916427612305, "access_class": "Very Low"}}, {"type": "Feature", "geometry": {"type": "Polygon", "coordinates": [[[-71.02557968324908, 42.380830901379724], [-71.02557968324908, 42.37917260034296], [-71.0239296414022, 42.37917260034296], [-71.0239296414022, 42.380830901379724], [-71.02557968324908, 42.380830901379724]]]}, "properties": {"cooling_access": 19.11075210571289, "access_class": "Very Low"}}, {"type": "Feature", "geometry": {"type": "Polygon", "coordinates": [[[-71.0239296414022, 42.380830901379724], [-71.0239296414022, 42.37917260034296], [-71.02227959955533, 42.37917260034296], [-71.02227959955533, 42.380830901379724], [-71.0239296414022, 42.380830901379724]]]}, "properties": {"cooling_access": 19.12156867980957, "access_class": "Very Low"}}, {"type": "Feature", "geometry": {"type": "Polygon", "coordinates": [[[-71.02227959955533, 42.380830901379724], [-71.02227959955533, 42.37917260034296], [-71.02062955770846, 42.37917260034296], [-71.02062955770846, 42.380830901379724], [-71.02227959955533, 42.380830901379724]]]}, "properties": {"cooling_access": 18.446983337402344, "access_class": "Very Low"}}, {"type": "Feature", "geometry": {"type": "Polygon", "coordinates": [[[-71.02062955770846, 42.380830901379724], [-71.02062955770846, 42.37917260034296], [-71.01897951586157, 42.37917260034296], [-71.01897951586157, 42.380830901379724], [-71.02062955770846, 42.380830901379724]]]}, "properties": {"cooling_access": 17.622753143310547, "access_class": "Very Low"}}, {"type": "Feature", "geometry": {"type": "Polygon", "coordinates": [[[-71.01897951586157, 42.380830901379724], [-71.01897951586157, 42.37917260034296], [-71.0173294740147, 42.37917260034296], [-71.0173294740147, 42.380830901379724], [-71.01897951586157, 42.380830901379724]]]}, "properties": {"cooling_access": 15.875665664672852, "access_class": "Very Low"}}, {"type": "Feature", "geometry": {"type": "Polygon", "coordinates": [[[-71.0173294740147, 42.380830901379724], [-71.0173294740147, 42.37917260034296], [-71.01567943216783, 42.37917260034296], [-71.01567943216783, 42.380830901379724], [-71.0173294740147, 42.380830901379724]]]}, "properties": {"cooling_access": 13.701210975646973, "access_class": "Very Low"}}, {"type": "Feature", "geometry": {"type": "Polygon", "coordinates": [[[-71.01567943216783, 42.380830901379724], [-71.01567943216783, 42.37917260034296], [-71.01402939032096, 42.37917260034296], [-71.01402939032096, 42.380830901379724], [-71.01567943216783, 42.380830901379724]]]}, "properties": {"cooling_access": 11.776091575622559, "access_class": "Very Low"}}, {"type": "Feature", "geometry": {"type": "Polygon", "coordinates": [[[-71.07508093865536, 42.37917260034296], [-71.07508093865536, 42.377514299306206], [-71.07343089680849, 42.377514299306206], [-71.07343089680849, 42.37917260034296], [-71.07508093865536, 42.37917260034296]]]}, "properties": {"cooling_access": 20.556119918823242, "access_class": "Low"}}, {"type": "Feature", "geometry": {"type": "Polygon", "coordinates": [[[-71.07343089680849, 42.37917260034296], [-71.07343089680849, 42.377514299306206], [-71.0717808549616, 42.377514299306206], [-71.0717808549616, 42.37917260034296], [-71.07343089680849, 42.37917260034296]]]}, "properties": {"cooling_access": 19.684263229370117, "access_class": "Very Low"}}, {"type": "Feature", "geometry": {"type": "Polygon", "coordinates": [[[-71.0717808549616, 42.37917260034296], [-71.0717808549616, 42.377514299306206], [-71.07013081311473, 42.377514299306206], [-71.07013081311473, 42.37917260034296], [-71.0717808549616, 42.37917260034296]]]}, "properties": {"cooling_access": 18.962858200073242, "access_class": "Very Low"}}, {"type": "Feature", "geometry": {"type": "Polygon", "coordinates": [[[-71.07013081311473, 42.37917260034296], [-71.07013081311473, 42.377514299306206], [-71.06848077126786, 42.377514299306206], [-71.06848077126786, 42.37917260034296], [-71.07013081311473, 42.37917260034296]]]}, "properties": {"cooling_access": 18.200355529785156, "access_class": "Very Low"}}, {"type": "Feature", "geometry": {"type": "Polygon", "coordinates": [[[-71.06848077126786, 42.37917260034296], [-71.06848077126786, 42.377514299306206], [-71.06683072942099, 42.377514299306206], [-71.06683072942099, 42.37917260034296], [-71.06848077126786, 42.37917260034296]]]}, "properties": {"cooling_access": 17.023130416870117, "access_class": "Very Low"}}, {"type": "Feature", "geometry": {"type": "Polygon", "coordinates": [[[-71.06683072942099, 42.37917260034296], [-71.06683072942099, 42.377514299306206], [-71.0651806875741, 42.377514299306206], [-71.0651806875741, 42.37917260034296], [-71.06683072942099, 42.37917260034296]]]}, "properties": {"cooling_access": 16.779254913330078, "access_class": "Very Low"}}, {"type": "Feature", "geometry": {"type": "Polygon", "coordinates": [[[-71.0651806875741, 42.37917260034296], [-71.0651806875741, 42.377514299306206], [-71.06353064572723, 42.377514299306206], [-71.06353064572723, 42.37917260034296], [-71.0651806875741, 42.37917260034296]]]}, "properties": {"cooling_access": 16.82830810546875, "access_class": "Very Low"}}, {"type": "Feature", "geometry": {"type": "Polygon", "coordinates": [[[-71.06353064572723, 42.37917260034296], [-71.06353064572723, 42.377514299306206], [-71.06188060388035, 42.377514299306206], [-71.06188060388035, 42.37917260034296], [-71.06353064572723, 42.37917260034296]]]}, "properties": {"cooling_access": 17.467683792114258, "access_class": "Very Low"}}, {"type": "Feature", "geometry": {"type": "Polygon", "coordinates": [[[-71.06188060388035, 42.37917260034296], [-71.06188060388035, 42.377514299306206], [-71.06023056203348, 42.377514299306206], [-71.06023056203348, 42.37917260034296], [-71.06188060388035, 42.37917260034296]]]}, "properties": {"cooling_access": 17.886642456054688, "access_class": "Very Low"}}, {"type": "Feature", "geometry": {"type": "Polygon", "coordinates": [[[-71.06023056203348, 42.37917260034296], [-71.06023056203348, 42.377514299306206], [-71.0585805201866, 42.377514299306206], [-71.0585805201866, 42.37917260034296], [-71.06023056203348, 42.37917260034296]]]}, "properties": {"cooling_access": 17.11784553527832, "access_class": "Very Low"}}, {"type": "Feature", "geometry": {"type": "Polygon", "coordinates": [[[-71.0585805201866, 42.37917260034296], [-71.0585805201866, 42.377514299306206], [-71.05693047833972, 42.377514299306206], [-71.05693047833972, 42.37917260034296], [-71.0585805201866, 42.37917260034296]]]}, "properties": {"cooling_access": 16.723251342773438, "access_class": "Very Low"}}, {"type": "Feature", "geometry": {"type": "Polygon", "coordinates": [[[-71.05693047833972, 42.37917260034296], [-71.05693047833972, 42.377514299306206], [-71.05528043649285, 42.377514299306206], [-71.05528043649285, 42.37917260034296], [-71.05693047833972, 42.37917260034296]]]}, "properties": {"cooling_access": 16.63303565979004, "access_class": "Very Low"}}, {"type": "Feature", "geometry": {"type": "Polygon", "coordinates": [[[-71.05528043649285, 42.37917260034296], [-71.05528043649285, 42.377514299306206], [-71.05363039464598, 42.377514299306206], [-71.05363039464598, 42.37917260034296], [-71.05528043649285, 42.37917260034296]]]}, "properties": {"cooling_access": 16.207870483398438, "access_class": "Very Low"}}, {"type": "Feature", "geometry": {"type": "Polygon", "coordinates": [[[-71.05363039464598, 42.37917260034296], [-71.05363039464598, 42.377514299306206], [-71.05198035279909, 42.377514299306206], [-71.05198035279909, 42.37917260034296], [-71.05363039464598, 42.37917260034296]]]}, "properties": {"cooling_access": 15.07474136352539, "access_class": "Very Low"}}, {"type": "Feature", "geometry": {"type": "Polygon", "coordinates": [[[-71.05198035279909, 42.37917260034296], [-71.05198035279909, 42.377514299306206], [-71.05033031095222, 42.377514299306206], [-71.05033031095222, 42.37917260034296], [-71.05198035279909, 42.37917260034296]]]}, "properties": {"cooling_access": 14.826422691345215, "access_class": "Very Low"}}, {"type": "Feature", "geometry": {"type": "Polygon", "coordinates": [[[-71.05033031095222, 42.37917260034296], [-71.05033031095222, 42.377514299306206], [-71.04868026910535, 42.377514299306206], [-71.04868026910535, 42.37917260034296], [-71.05033031095222, 42.37917260034296]]]}, "properties": {"cooling_access": 14.273780822753906, "access_class": "Very Low"}}, {"type": "Feature", "geometry": {"type": "Polygon", "coordinates": [[[-71.04208010171784, 42.37917260034296], [-71.04208010171784, 42.377514299306206], [-71.04043005987097, 42.377514299306206], [-71.04043005987097, 42.37917260034296], [-71.04208010171784, 42.37917260034296]]]}, "properties": {"cooling_access": 13.847515106201172, "access_class": "Very Low"}}, {"type": "Feature", "geometry": {"type": "Polygon", "coordinates": [[[-71.04043005987097, 42.37917260034296], [-71.04043005987097, 42.377514299306206], [-71.03878001802408, 42.377514299306206], [-71.03878001802408, 42.37917260034296], [-71.04043005987097, 42.37917260034296]]]}, "properties": {"cooling_access": 16.733537673950195, "access_class": "Very Low"}}, {"type": "Feature", "geometry": {"type": "Polygon", "coordinates": [[[-71.03878001802408, 42.37917260034296], [-71.03878001802408, 42.377514299306206], [-71.03712997617721, 42.377514299306206], [-71.03712997617721, 42.37917260034296], [-71.03878001802408, 42.37917260034296]]]}, "properties": {"cooling_access": 17.95644187927246, "access_class": "Very Low"}}, {"type": "Feature", "geometry": {"type": "Polygon", "coordinates": [[[-71.03712997617721, 42.37917260034296], [-71.03712997617721, 42.377514299306206], [-71.03547993433034, 42.377514299306206], [-71.03547993433034, 42.37917260034296], [-71.03712997617721, 42.37917260034296]]]}, "properties": {"cooling_access": 18.71572494506836, "access_class": "Very Low"}}, {"type": "Feature", "geometry": {"type": "Polygon", "coordinates": [[[-71.03547993433034, 42.37917260034296], [-71.03547993433034, 42.377514299306206], [-71.03382989248347, 42.377514299306206], [-71.03382989248347, 42.37917260034296], [-71.03547993433034, 42.37917260034296]]]}, "properties": {"cooling_access": 19.357126235961914, "access_class": "Very Low"}}, {"type": "Feature", "geometry": {"type": "Polygon", "coordinates": [[[-71.03382989248347, 42.37917260034296], [-71.03382989248347, 42.377514299306206], [-71.03217985063658, 42.377514299306206], [-71.03217985063658, 42.37917260034296], [-71.03382989248347, 42.37917260034296]]]}, "properties": {"cooling_access": 18.65097427368164, "access_class": "Very Low"}}, {"type": "Feature", "geometry": {"type": "Polygon", "coordinates": [[[-71.03217985063658, 42.37917260034296], [-71.03217985063658, 42.377514299306206], [-71.03052980878971, 42.377514299306206], [-71.03052980878971, 42.37917260034296], [-71.03217985063658, 42.37917260034296]]]}, "properties": {"cooling_access": 17.73324203491211, "access_class": "Very Low"}}, {"type": "Feature", "geometry": {"type": "Polygon", "coordinates": [[[-71.03052980878971, 42.37917260034296], [-71.03052980878971, 42.377514299306206], [-71.02887976694284, 42.377514299306206], [-71.02887976694284, 42.37917260034296], [-71.03052980878971, 42.37917260034296]]]}, "properties": {"cooling_access": 16.546619415283203, "access_class": "Very Low"}}, {"type": "Feature", "geometry": {"type": "Polygon", "coordinates": [[[-71.02887976694284, 42.37917260034296], [-71.02887976694284, 42.377514299306206], [-71.02722972509596, 42.377514299306206], [-71.02722972509596, 42.37917260034296], [-71.02887976694284, 42.37917260034296]]]}, "properties": {"cooling_access": 17.288942337036133, "access_class": "Very Low"}}, {"type": "Feature", "geometry": {"type": "Polygon", "coordinates": [[[-71.02722972509596, 42.37917260034296], [-71.02722972509596, 42.377514299306206], [-71.02557968324908, 42.377514299306206], [-71.02557968324908, 42.37917260034296], [-71.02722972509596, 42.37917260034296]]]}, "properties": {"cooling_access": 16.573707580566406, "access_class": "Very Low"}}, {"type": "Feature", "geometry": {"type": "Polygon", "coordinates": [[[-71.02557968324908, 42.37917260034296], [-71.02557968324908, 42.377514299306206], [-71.0239296414022, 42.377514299306206], [-71.0239296414022, 42.37917260034296], [-71.02557968324908, 42.37917260034296]]]}, "properties": {"cooling_access": 17.13604736328125, "access_class": "Very Low"}}, {"type": "Feature", "geometry": {"type": "Polygon", "coordinates": [[[-71.0239296414022, 42.37917260034296], [-71.0239296414022, 42.377514299306206], [-71.02227959955533, 42.377514299306206], [-71.02227959955533, 42.37917260034296], [-71.0239296414022, 42.37917260034296]]]}, "properties": {"cooling_access": 17.210712432861328, "access_class": "Very Low"}}, {"type": "Feature", "geometry": {"type": "Polygon", "coordinates": [[[-71.02227959955533, 42.37917260034296], [-71.02227959955533, 42.377514299306206], [-71.02062955770846, 42.377514299306206], [-71.02062955770846, 42.37917260034296], [-71.02227959955533, 42.37917260034296]]]}, "properties": {"cooling_access": 16.545900344848633, "access_class": "Very Low"}}, {"type": "Feature", "geometry": {"type": "Polygon", "coordinates": [[[-71.02062955770846, 42.37917260034296], [-71.02062955770846, 42.377514299306206], [-71.01897951586157, 42.377514299306206], [-71.01897951586157, 42.37917260034296], [-71.02062955770846, 42.37917260034296]]]}, "properties": {"cooling_access": 15.417000770568848, "access_class": "Very Low"}}, {"type": "Feature", "geometry": {"type": "Polygon", "coordinates": [[[-71.00742922293345, 42.37917260034296], [-71.00742922293345, 42.377514299306206], [-71.00577918108657, 42.377514299306206], [-71.00577918108657, 42.37917260034296], [-71.00742922293345, 42.37917260034296]]]}, "properties": {"cooling_access": 6.179035663604736, "access_class": "Very Low"}}, {"type": "Feature", "geometry": {"type": "Polygon", "coordinates": [[[-71.00577918108657, 42.37917260034296], [-71.00577918108657, 42.377514299306206], [-71.0041291392397, 42.377514299306206], [-71.0041291392397, 42.37917260034296], [-71.00577918108657, 42.37917260034296]]]}, "properties": {"cooling_access": 6.148857593536377, "access_class": "Very Low"}}, {"type": "Feature", "geometry": {"type": "Polygon", "coordinates": [[[-71.0041291392397, 42.37917260034296], [-71.0041291392397, 42.377514299306206], [-71.00247909739282, 42.377514299306206], [-71.00247909739282, 42.37917260034296], [-71.0041291392397, 42.37917260034296]]]}, "properties": {"cooling_access": 5.5842766761779785, "access_class": "Very Low"}}, {"type": "Feature", "geometry": {"type": "Polygon", "coordinates": [[[-71.00247909739282, 42.37917260034296], [-71.00247909739282, 42.377514299306206], [-71.00082905554595, 42.377514299306206], [-71.00082905554595, 42.37917260034296], [-71.00247909739282, 42.37917260034296]]]}, "properties": {"cooling_access": 5.356251239776611, "access_class": "Very Low"}}, {"type": "Feature", "geometry": {"type": "Polygon", "coordinates": [[[-71.07343089680849, 42.377514299306206], [-71.07343089680849, 42.37585599826945], [-71.0717808549616, 42.37585599826945], [-71.0717808549616, 42.377514299306206], [-71.07343089680849, 42.377514299306206]]]}, "properties": {"cooling_access": 17.692480087280273, "access_class": "Very Low"}}, {"type": "Feature", "geometry": {"type": "Polygon", "coordinates": [[[-71.0717808549616, 42.377514299306206], [-71.0717808549616, 42.37585599826945], [-71.07013081311473, 42.37585599826945], [-71.07013081311473, 42.377514299306206], [-71.0717808549616, 42.377514299306206]]]}, "properties": {"cooling_access": 17.142282485961914, "access_class": "Very Low"}}, {"type": "Feature", "geometry": {"type": "Polygon", "coordinates": [[[-71.07013081311473, 42.377514299306206], [-71.07013081311473, 42.37585599826945], [-71.06848077126786, 42.37585599826945], [-71.06848077126786, 42.377514299306206], [-71.07013081311473, 42.377514299306206]]]}, "properties": {"cooling_access": 16.244468688964844, "access_class": "Very Low"}}, {"type": "Feature", "geometry": {"type": "Polygon", "coordinates": [[[-71.06848077126786, 42.377514299306206], [-71.06848077126786, 42.37585599826945], [-71.06683072942099, 42.37585599826945], [-71.06683072942099, 42.377514299306206], [-71.06848077126786, 42.377514299306206]]]}, "properties": {"cooling_access": 15.432223320007324, "access_class": "Very Low"}}, {"type": "Feature", "geometry": {"type": "Polygon", "coordinates": [[[-71.06683072942099, 42.377514299306206], [-71.06683072942099, 42.37585599826945], [-71.0651806875741, 42.37585599826945], [-71.0651806875741, 42.377514299306206], [-71.06683072942099, 42.377514299306206]]]}, "properties": {"cooling_access": 14.873496055603027, "access_class": "Very Low"}}, {"type": "Feature", "geometry": {"type": "Polygon", "coordinates": [[[-71.0651806875741, 42.377514299306206], [-71.0651806875741, 42.37585599826945], [-71.06353064572723, 42.37585599826945], [-71.06353064572723, 42.377514299306206], [-71.0651806875741, 42.377514299306206]]]}, "properties": {"cooling_access": 15.08830451965332, "access_class": "Very Low"}}, {"type": "Feature", "geometry": {"type": "Polygon", "coordinates": [[[-71.06353064572723, 42.377514299306206], [-71.06353064572723, 42.37585599826945], [-71.06188060388035, 42.37585599826945], [-71.06188060388035, 42.377514299306206], [-71.06353064572723, 42.377514299306206]]]}, "properties": {"cooling_access": 15.538605690002441, "access_class": "Very Low"}}, {"type": "Feature", "geometry": {"type": "Polygon", "coordinates": [[[-71.06188060388035, 42.377514299306206], [-71.06188060388035, 42.37585599826945], [-71.06023056203348, 42.37585599826945], [-71.06023056203348, 42.377514299306206], [-71.06188060388035, 42.377514299306206]]]}, "properties": {"cooling_access": 15.909473419189453, "access_class": "Very Low"}}, {"type": "Feature", "geometry": {"type": "Polygon", "coordinates": [[[-71.06023056203348, 42.377514299306206], [-71.06023056203348, 42.37585599826945], [-71.0585805201866, 42.37585599826945], [-71.0585805201866, 42.377514299306206], [-71.06023056203348, 42.377514299306206]]]}, "properties": {"cooling_access": 15.242152214050293, "access_class": "Very Low"}}, {"type": "Feature", "geometry": {"type": "Polygon", "coordinates": [[[-71.0585805201866, 42.377514299306206], [-71.0585805201866, 42.37585599826945], [-71.05693047833972, 42.37585599826945], [-71.05693047833972, 42.377514299306206], [-71.0585805201866, 42.377514299306206]]]}, "properties": {"cooling_access": 14.627118110656738, "access_class": "Very Low"}}, {"type": "Feature", "geometry": {"type": "Polygon", "coordinates": [[[-71.05693047833972, 42.377514299306206], [-71.05693047833972, 42.37585599826945], [-71.05528043649285, 42.37585599826945], [-71.05528043649285, 42.377514299306206], [-71.05693047833972, 42.377514299306206]]]}, "properties": {"cooling_access": 14.382898330688477, "access_class": "Very Low"}}, {"type": "Feature", "geometry": {"type": "Polygon", "coordinates": [[[-71.05528043649285, 42.377514299306206], [-71.05528043649285, 42.37585599826945], [-71.05363039464598, 42.37585599826945], [-71.05363039464598, 42.377514299306206], [-71.05528043649285, 42.377514299306206]]]}, "properties": {"cooling_access": 14.028085708618164, "access_class": "Very Low"}}, {"type": "Feature", "geometry": {"type": "Polygon", "coordinates": [[[-71.05363039464598, 42.377514299306206], [-71.05363039464598, 42.37585599826945], [-71.05198035279909, 42.37585599826945], [-71.05198035279909, 42.377514299306206], [-71.05363039464598, 42.377514299306206]]]}, "properties": {"cooling_access": 13.215597152709961, "access_class": "Very Low"}}, {"type": "Feature", "geometry": {"type": "Polygon", "coordinates": [[[-71.05198035279909, 42.377514299306206], [-71.05198035279909, 42.37585599826945], [-71.05033031095222, 42.37585599826945], [-71.05033031095222, 42.377514299306206], [-71.05198035279909, 42.377514299306206]]]}, "properties": {"cooling_access": 12.406543731689453, "access_class": "Very Low"}}, {"type": "Feature", "geometry": {"type": "Polygon", "coordinates": [[[-71.04043005987097, 42.377514299306206], [-71.04043005987097, 42.37585599826945], [-71.03878001802408, 42.37585599826945], [-71.03878001802408, 42.377514299306206], [-71.04043005987097, 42.377514299306206]]]}, "properties": {"cooling_access": 14.643192291259766, "access_class": "Very Low"}}, {"type": "Feature", "geometry": {"type": "Polygon", "coordinates": [[[-71.03878001802408, 42.377514299306206], [-71.03878001802408, 42.37585599826945], [-71.03712997617721, 42.37585599826945], [-71.03712997617721, 42.377514299306206], [-71.03878001802408, 42.377514299306206]]]}, "properties": {"cooling_access": 16.06438446044922, "access_class": "Very Low"}}, {"type": "Feature", "geometry": {"type": "Polygon", "coordinates": [[[-71.03712997617721, 42.377514299306206], [-71.03712997617721, 42.37585599826945], [-71.03547993433034, 42.37585599826945], [-71.03547993433034, 42.377514299306206], [-71.03712997617721, 42.377514299306206]]]}, "properties": {"cooling_access": 16.903738021850586, "access_class": "Very Low"}}, {"type": "Feature", "geometry": {"type": "Polygon", "coordinates": [[[-71.03547993433034, 42.377514299306206], [-71.03547993433034, 42.37585599826945], [-71.03382989248347, 42.37585599826945], [-71.03382989248347, 42.377514299306206], [-71.03547993433034, 42.377514299306206]]]}, "properties": {"cooling_access": 17.510238647460938, "access_class": "Very Low"}}, {"type": "Feature", "geometry": {"type": "Polygon", "coordinates": [[[-71.03382989248347, 42.377514299306206], [-71.03382989248347, 42.37585599826945], [-71.03217985063658, 42.37585599826945], [-71.03217985063658, 42.377514299306206], [-71.03382989248347, 42.377514299306206]]]}, "properties": {"cooling_access": 16.816041946411133, "access_class": "Very Low"}}, {"type": "Feature", "geometry": {"type": "Polygon", "coordinates": [[[-71.03217985063658, 42.377514299306206], [-71.03217985063658, 42.37585599826945], [-71.03052980878971, 42.37585599826945], [-71.03052980878971, 42.377514299306206], [-71.03217985063658, 42.377514299306206]]]}, "properties": {"cooling_access": 15.807768821716309, "access_class": "Very Low"}}, {"type": "Feature", "geometry": {"type": "Polygon", "coordinates": [[[-71.03052980878971, 42.377514299306206], [-71.03052980878971, 42.37585599826945], [-71.02887976694284, 42.37585599826945], [-71.02887976694284, 42.377514299306206], [-71.03052980878971, 42.377514299306206]]]}, "properties": {"cooling_access": 14.894207954406738, "access_class": "Very Low"}}, {"type": "Feature", "geometry": {"type": "Polygon", "coordinates": [[[-71.02887976694284, 42.377514299306206], [-71.02887976694284, 42.37585599826945], [-71.02722972509596, 42.37585599826945], [-71.02722972509596, 42.377514299306206], [-71.02887976694284, 42.377514299306206]]]}, "properties": {"cooling_access": 15.250422477722168, "access_class": "Very Low"}}, {"type": "Feature", "geometry": {"type": "Polygon", "coordinates": [[[-71.02722972509596, 42.377514299306206], [-71.02722972509596, 42.37585599826945], [-71.02557968324908, 42.37585599826945], [-71.02557968324908, 42.377514299306206], [-71.02722972509596, 42.377514299306206]]]}, "properties": {"cooling_access": 14.617718696594238, "access_class": "Very Low"}}, {"type": "Feature", "geometry": {"type": "Polygon", "coordinates": [[[-71.02557968324908, 42.377514299306206], [-71.02557968324908, 42.37585599826945], [-71.0239296414022, 42.37585599826945], [-71.0239296414022, 42.377514299306206], [-71.02557968324908, 42.377514299306206]]]}, "properties": {"cooling_access": 15.219926834106445, "access_class": "Very Low"}}, {"type": "Feature", "geometry": {"type": "Polygon", "coordinates": [[[-71.0239296414022, 42.377514299306206], [-71.0239296414022, 42.37585599826945], [-71.02227959955533, 42.37585599826945], [-71.02227959955533, 42.377514299306206], [-71.0239296414022, 42.377514299306206]]]}, "properties": {"cooling_access": 15.202377319335938, "access_class": "Very Low"}}, {"type": "Feature", "geometry": {"type": "Polygon", "coordinates": [[[-71.02227959955533, 42.377514299306206], [-71.02227959955533, 42.37585599826945], [-71.02062955770846, 42.37585599826945], [-71.02062955770846, 42.377514299306206], [-71.02227959955533, 42.377514299306206]]]}, "properties": {"cooling_access": 14.489476203918457, "access_class": "Very Low"}}, {"type": "Feature", "geometry": {"type": "Polygon", "coordinates": [[[-71.02062955770846, 42.377514299306206], [-71.02062955770846, 42.37585599826945], [-71.01897951586157, 42.37585599826945], [-71.01897951586157, 42.377514299306206], [-71.02062955770846, 42.377514299306206]]]}, "properties": {"cooling_access": 13.476236343383789, "access_class": "Very Low"}}, {"type": "Feature", "geometry": {"type": "Polygon", "coordinates": [[[-71.00907926478033, 42.377514299306206], [-71.00907926478033, 42.37585599826945], [-71.00742922293345, 42.37585599826945], [-71.00742922293345, 42.377514299306206], [-71.00907926478033, 42.377514299306206]]]}, "properties": {"cooling_access": 4.796720027923584, "access_class": "Very Low"}}, {"type": "Feature", "geometry": {"type": "Polygon", "coordinates": [[[-71.00742922293345, 42.377514299306206], [-71.00742922293345, 42.37585599826945], [-71.00577918108657, 42.37585599826945], [-71.00577918108657, 42.377514299306206], [-71.00742922293345, 42.377514299306206]]]}, "properties": {"cooling_access": 6.607662677764893, "access_class": "Very Low"}}, {"type": "Feature", "geometry": {"type": "Polygon", "coordinates": [[[-71.00577918108657, 42.377514299306206], [-71.00577918108657, 42.37585599826945], [-71.0041291392397, 42.37585599826945], [-71.0041291392397, 42.377514299306206], [-71.00577918108657, 42.377514299306206]]]}, "properties": {"cooling_access": 7.750321865081787, "access_class": "Very Low"}}, {"type": "Feature", "geometry": {"type": "Polygon", "coordinates": [[[-71.07343089680849, 42.37585599826945], [-71.07343089680849, 42.37419769723269], [-71.0717808549616, 42.37419769723269], [-71.0717808549616, 42.37585599826945], [-71.07343089680849, 42.37585599826945]]]}, "properties": {"cooling_access": 15.55640697479248, "access_class": "Very Low"}}, {"type": "Feature", "geometry": {"type": "Polygon", "coordinates": [[[-71.0717808549616, 42.37585599826945], [-71.0717808549616, 42.37419769723269], [-71.07013081311473, 42.37419769723269], [-71.07013081311473, 42.37585599826945], [-71.0717808549616, 42.37585599826945]]]}, "properties": {"cooling_access": 15.383995056152344, "access_class": "Very Low"}}, {"type": "Feature", "geometry": {"type": "Polygon", "coordinates": [[[-71.07013081311473, 42.37585599826945], [-71.07013081311473, 42.37419769723269], [-71.06848077126786, 42.37419769723269], [-71.06848077126786, 42.37585599826945], [-71.07013081311473, 42.37585599826945]]]}, "properties": {"cooling_access": 14.54270076751709, "access_class": "Very Low"}}, {"type": "Feature", "geometry": {"type": "Polygon", "coordinates": [[[-71.06848077126786, 42.37585599826945], [-71.06848077126786, 42.37419769723269], [-71.06683072942099, 42.37419769723269], [-71.06683072942099, 42.37585599826945], [-71.06848077126786, 42.37585599826945]]]}, "properties": {"cooling_access": 13.48140811920166, "access_class": "Very Low"}}, {"type": "Feature", "geometry": {"type": "Polygon", "coordinates": [[[-71.06683072942099, 42.37585599826945], [-71.06683072942099, 42.37419769723269], [-71.0651806875741, 42.37419769723269], [-71.0651806875741, 42.37585599826945], [-71.06683072942099, 42.37585599826945]]]}, "properties": {"cooling_access": 12.88039493560791, "access_class": "Very Low"}}, {"type": "Feature", "geometry": {"type": "Polygon", "coordinates": [[[-71.0651806875741, 42.37585599826945], [-71.0651806875741, 42.37419769723269], [-71.06353064572723, 42.37419769723269], [-71.06353064572723, 42.37585599826945], [-71.0651806875741, 42.37585599826945]]]}, "properties": {"cooling_access": 13.238877296447754, "access_class": "Very Low"}}, {"type": "Feature", "geometry": {"type": "Polygon", "coordinates": [[[-71.06353064572723, 42.37585599826945], [-71.06353064572723, 42.37419769723269], [-71.06188060388035, 42.37419769723269], [-71.06188060388035, 42.37585599826945], [-71.06353064572723, 42.37585599826945]]]}, "properties": {"cooling_access": 13.588480949401855, "access_class": "Very Low"}}, {"type": "Feature", "geometry": {"type": "Polygon", "coordinates": [[[-71.06188060388035, 42.37585599826945], [-71.06188060388035, 42.37419769723269], [-71.06023056203348, 42.37419769723269], [-71.06023056203348, 42.37585599826945], [-71.06188060388035, 42.37585599826945]]]}, "properties": {"cooling_access": 13.982553482055664, "access_class": "Very Low"}}, {"type": "Feature", "geometry": {"type": "Polygon", "coordinates": [[[-71.06023056203348, 42.37585599826945], [-71.06023056203348, 42.37419769723269], [-71.0585805201866, 42.37419769723269], [-71.0585805201866, 42.37585599826945], [-71.06023056203348, 42.37585599826945]]]}, "properties": {"cooling_access": 13.436735153198242, "access_class": "Very Low"}}, {"type": "Feature", "geometry": {"type": "Polygon", "coordinates": [[[-71.0585805201866, 42.37585599826945], [-71.0585805201866, 42.37419769723269], [-71.05693047833972, 42.37419769723269], [-71.05693047833972, 42.37585599826945], [-71.0585805201866, 42.37585599826945]]]}, "properties": {"cooling_access": 12.62833309173584, "access_class": "Very Low"}}, {"type": "Feature", "geometry": {"type": "Polygon", "coordinates": [[[-71.05693047833972, 42.37585599826945], [-71.05693047833972, 42.37419769723269], [-71.05528043649285, 42.37419769723269], [-71.05528043649285, 42.37585599826945], [-71.05693047833972, 42.37585599826945]]]}, "properties": {"cooling_access": 12.26689338684082, "access_class": "Very Low"}}, {"type": "Feature", "geometry": {"type": "Polygon", "coordinates": [[[-71.05528043649285, 42.37585599826945], [-71.05528043649285, 42.37419769723269], [-71.05363039464598, 42.37419769723269], [-71.05363039464598, 42.37585599826945], [-71.05528043649285, 42.37585599826945]]]}, "properties": {"cooling_access": 12.004910469055176, "access_class": "Very Low"}}, {"type": "Feature", "geometry": {"type": "Polygon", "coordinates": [[[-71.05363039464598, 42.37585599826945], [-71.05363039464598, 42.37419769723269], [-71.05198035279909, 42.37419769723269], [-71.05198035279909, 42.37585599826945], [-71.05363039464598, 42.37585599826945]]]}, "properties": {"cooling_access": 11.032143592834473, "access_class": "Very Low"}}, {"type": "Feature", "geometry": {"type": "Polygon", "coordinates": [[[-71.05198035279909, 42.37585599826945], [-71.05198035279909, 42.37419769723269], [-71.05033031095222, 42.37419769723269], [-71.05033031095222, 42.37585599826945], [-71.05198035279909, 42.37585599826945]]]}, "properties": {"cooling_access": 9.998247146606445, "access_class": "Very Low"}}, {"type": "Feature", "geometry": {"type": "Polygon", "coordinates": [[[-71.04208010171784, 42.37585599826945], [-71.04208010171784, 42.37419769723269], [-71.04043005987097, 42.37419769723269], [-71.04043005987097, 42.37585599826945], [-71.04208010171784, 42.37585599826945]]]}, "properties": {"cooling_access": 9.259143829345703, "access_class": "Very Low"}}, {"type": "Feature", "geometry": {"type": "Polygon", "coordinates": [[[-71.04043005987097, 42.37585599826945], [-71.04043005987097, 42.37419769723269], [-71.03878001802408, 42.37419769723269], [-71.03878001802408, 42.37585599826945], [-71.04043005987097, 42.37585599826945]]]}, "properties": {"cooling_access": 12.896020889282227, "access_class": "Very Low"}}, {"type": "Feature", "geometry": {"type": "Polygon", "coordinates": [[[-71.03878001802408, 42.37585599826945], [-71.03878001802408, 42.37419769723269], [-71.03712997617721, 42.37419769723269], [-71.03712997617721, 42.37585599826945], [-71.03878001802408, 42.37585599826945]]]}, "properties": {"cooling_access": 14.339661598205566, "access_class": "Very Low"}}, {"type": "Feature", "geometry": {"type": "Polygon", "coordinates": [[[-71.03712997617721, 42.37585599826945], [-71.03712997617721, 42.37419769723269], [-71.03547993433034, 42.37419769723269], [-71.03547993433034, 42.37585599826945], [-71.03712997617721, 42.37585599826945]]]}, "properties": {"cooling_access": 15.065593719482422, "access_class": "Very Low"}}, {"type": "Feature", "geometry": {"type": "Polygon", "coordinates": [[[-71.03547993433034, 42.37585599826945], [-71.03547993433034, 42.37419769723269], [-71.03382989248347, 42.37419769723269], [-71.03382989248347, 42.37585599826945], [-71.03547993433034, 42.37585599826945]]]}, "properties": {"cooling_access": 15.62387466430664, "access_class": "Very Low"}}, {"type": "Feature", "geometry": {"type": "Polygon", "coordinates": [[[-71.03382989248347, 42.37585599826945], [-71.03382989248347, 42.37419769723269], [-71.03217985063658, 42.37419769723269], [-71.03217985063658, 42.37585599826945], [-71.03382989248347, 42.37585599826945]]]}, "properties": {"cooling_access": 14.760272026062012, "access_class": "Very Low"}}, {"type": "Feature", "geometry": {"type": "Polygon", "coordinates": [[[-71.03217985063658, 42.37585599826945], [-71.03217985063658, 42.37419769723269], [-71.03052980878971, 42.37419769723269], [-71.03052980878971, 42.37585599826945], [-71.03217985063658, 42.37585599826945]]]}, "properties": {"cooling_access": 13.977167129516602, "access_class": "Very Low"}}, {"type": "Feature", "geometry": {"type": "Polygon", "coordinates": [[[-71.03052980878971, 42.37585599826945], [-71.03052980878971, 42.37419769723269], [-71.02887976694284, 42.37419769723269], [-71.02887976694284, 42.37585599826945], [-71.03052980878971, 42.37585599826945]]]}, "properties": {"cooling_access": 12.846485137939453, "access_class": "Very Low"}}, {"type": "Feature", "geometry": {"type": "Polygon", "coordinates": [[[-71.02887976694284, 42.37585599826945], [-71.02887976694284, 42.37419769723269], [-71.02722972509596, 42.37419769723269], [-71.02722972509596, 42.37585599826945], [-71.02887976694284, 42.37585599826945]]]}, "properties": {"cooling_access": 13.296514511108398, "access_class": "Very Low"}}, {"type": "Feature", "geometry": {"type": "Polygon", "coordinates": [[[-71.02722972509596, 42.37585599826945], [-71.02722972509596, 42.37419769723269], [-71.02557968324908, 42.37419769723269], [-71.02557968324908, 42.37585599826945], [-71.02722972509596, 42.37585599826945]]]}, "properties": {"cooling_access": 12.646050453186035, "access_class": "Very Low"}}, {"type": "Feature", "geometry": {"type": "Polygon", "coordinates": [[[-71.02557968324908, 42.37585599826945], [-71.02557968324908, 42.37419769723269], [-71.0239296414022, 42.37419769723269], [-71.0239296414022, 42.37585599826945], [-71.02557968324908, 42.37585599826945]]]}, "properties": {"cooling_access": 13.173871994018555, "access_class": "Very Low"}}, {"type": "Feature", "geometry": {"type": "Polygon", "coordinates": [[[-71.0239296414022, 42.37585599826945], [-71.0239296414022, 42.37419769723269], [-71.02227959955533, 42.37419769723269], [-71.02227959955533, 42.37585599826945], [-71.0239296414022, 42.37585599826945]]]}, "properties": {"cooling_access": 13.139364242553711, "access_class": "Very Low"}}, {"type": "Feature", "geometry": {"type": "Polygon", "coordinates": [[[-71.02227959955533, 42.37585599826945], [-71.02227959955533, 42.37419769723269], [-71.02062955770846, 42.37419769723269], [-71.02062955770846, 42.37585599826945], [-71.02227959955533, 42.37585599826945]]]}, "properties": {"cooling_access": 12.287168502807617, "access_class": "Very Low"}}, {"type": "Feature", "geometry": {"type": "Polygon", "coordinates": [[[-71.02062955770846, 42.37585599826945], [-71.02062955770846, 42.37419769723269], [-71.01897951586157, 42.37419769723269], [-71.01897951586157, 42.37585599826945], [-71.02062955770846, 42.37585599826945]]]}, "properties": {"cooling_access": 11.317527770996094, "access_class": "Very Low"}}, {"type": "Feature", "geometry": {"type": "Polygon", "coordinates": [[[-71.01897951586157, 42.37585599826945], [-71.01897951586157, 42.37419769723269], [-71.0173294740147, 42.37419769723269], [-71.0173294740147, 42.37585599826945], [-71.01897951586157, 42.37585599826945]]]}, "properties": {"cooling_access": 9.838239669799805, "access_class": "Very Low"}}, {"type": "Feature", "geometry": {"type": "Polygon", "coordinates": [[[-71.0173294740147, 42.37585599826945], [-71.0173294740147, 42.37419769723269], [-71.01567943216783, 42.37419769723269], [-71.01567943216783, 42.37585599826945], [-71.0173294740147, 42.37585599826945]]]}, "properties": {"cooling_access": 6.887886047363281, "access_class": "Very Low"}}, {"type": "Feature", "geometry": {"type": "Polygon", "coordinates": [[[-71.00907926478033, 42.37585599826945], [-71.00907926478033, 42.37419769723269], [-71.00742922293345, 42.37419769723269], [-71.00742922293345, 42.37585599826945], [-71.00907926478033, 42.37585599826945]]]}, "properties": {"cooling_access": 7.370194911956787, "access_class": "Very Low"}}, {"type": "Feature", "geometry": {"type": "Polygon", "coordinates": [[[-71.00742922293345, 42.37585599826945], [-71.00742922293345, 42.37419769723269], [-71.00577918108657, 42.37419769723269], [-71.00577918108657, 42.37585599826945], [-71.00742922293345, 42.37585599826945]]]}, "properties": {"cooling_access": 8.915644645690918, "access_class": "Very Low"}}, {"type": "Feature", "geometry": {"type": "Polygon", "coordinates": [[[-71.07343089680849, 42.37419769723269], [-71.07343089680849, 42.37253939619593], [-71.0717808549616, 42.37253939619593], [-71.0717808549616, 42.37419769723269], [-71.07343089680849, 42.37419769723269]]]}, "properties": {"cooling_access": 13.753911972045898, "access_class": "Very Low"}}, {"type": "Feature", "geometry": {"type": "Polygon", "coordinates": [[[-71.0717808549616, 42.37419769723269], [-71.0717808549616, 42.37253939619593], [-71.07013081311473, 42.37253939619593], [-71.07013081311473, 42.37419769723269], [-71.0717808549616, 42.37419769723269]]]}, "properties": {"cooling_access": 13.509037017822266, "access_class": "Very Low"}}, {"type": "Feature", "geometry": {"type": "Polygon", "coordinates": [[[-71.07013081311473, 42.37419769723269], [-71.07013081311473, 42.37253939619593], [-71.06848077126786, 42.37253939619593], [-71.06848077126786, 42.37419769723269], [-71.07013081311473, 42.37419769723269]]]}, "properties": {"cooling_access": 12.626542091369629, "access_class": "Very Low"}}, {"type": "Feature", "geometry": {"type": "Polygon", "coordinates": [[[-71.06848077126786, 42.37419769723269], [-71.06848077126786, 42.37253939619593], [-71.06683072942099, 42.37253939619593], [-71.06683072942099, 42.37419769723269], [-71.06848077126786, 42.37419769723269]]]}, "properties": {"cooling_access": 11.5834321975708, "access_class": "Very Low"}}, {"type": "Feature", "geometry": {"type": "Polygon", "coordinates": [[[-71.06683072942099, 42.37419769723269], [-71.06683072942099, 42.37253939619593], [-71.0651806875741, 42.37253939619593], [-71.0651806875741, 42.37419769723269], [-71.06683072942099, 42.37419769723269]]]}, "properties": {"cooling_access": 10.772343635559082, "access_class": "Very Low"}}, {"type": "Feature", "geometry": {"type": "Polygon", "coordinates": [[[-71.0651806875741, 42.37419769723269], [-71.0651806875741, 42.37253939619593], [-71.06353064572723, 42.37253939619593], [-71.06353064572723, 42.37419769723269], [-71.0651806875741, 42.37419769723269]]]}, "properties": {"cooling_access": 11.155131340026855, "access_class": "Very Low"}}, {"type": "Feature", "geometry": {"type": "Polygon", "coordinates": [[[-71.06353064572723, 42.37419769723269], [-71.06353064572723, 42.37253939619593], [-71.06188060388035, 42.37253939619593], [-71.06188060388035, 42.37419769723269], [-71.06353064572723, 42.37419769723269]]]}, "properties": {"cooling_access": 11.618473052978516, "access_class": "Very Low"}}, {"type": "Feature", "geometry": {"type": "Polygon", "coordinates": [[[-71.06188060388035, 42.37419769723269], [-71.06188060388035, 42.37253939619593], [-71.06023056203348, 42.37253939619593], [-71.06023056203348, 42.37419769723269], [-71.06188060388035, 42.37419769723269]]]}, "properties": {"cooling_access": 12.132033348083496, "access_class": "Very Low"}}, {"type": "Feature", "geometry": {"type": "Polygon", "coordinates": [[[-71.06023056203348, 42.37419769723269], [-71.06023056203348, 42.37253939619593], [-71.0585805201866, 42.37253939619593], [-71.0585805201866, 42.37419769723269], [-71.06023056203348, 42.37419769723269]]]}, "properties": {"cooling_access": 11.584972381591797, "access_class": "Very Low"}}, {"type": "Feature", "geometry": {"type": "Polygon", "coordinates": [[[-71.0585805201866, 42.37419769723269], [-71.0585805201866, 42.37253939619593], [-71.05693047833972, 42.37253939619593], [-71.05693047833972, 42.37419769723269], [-71.0585805201866, 42.37419769723269]]]}, "properties": {"cooling_access": 10.45034122467041, "access_class": "Very Low"}}, {"type": "Feature", "geometry": {"type": "Polygon", "coordinates": [[[-71.05693047833972, 42.37419769723269], [-71.05693047833972, 42.37253939619593], [-71.05528043649285, 42.37253939619593], [-71.05528043649285, 42.37419769723269], [-71.05693047833972, 42.37419769723269]]]}, "properties": {"cooling_access": 9.74830436706543, "access_class": "Very Low"}}, {"type": "Feature", "geometry": {"type": "Polygon", "coordinates": [[[-71.05528043649285, 42.37419769723269], [-71.05528043649285, 42.37253939619593], [-71.05363039464598, 42.37253939619593], [-71.05363039464598, 42.37419769723269], [-71.05528043649285, 42.37419769723269]]]}, "properties": {"cooling_access": 9.399428367614746, "access_class": "Very Low"}}, {"type": "Feature", "geometry": {"type": "Polygon", "coordinates": [[[-71.05363039464598, 42.37419769723269], [-71.05363039464598, 42.37253939619593], [-71.05198035279909, 42.37253939619593], [-71.05198035279909, 42.37419769723269], [-71.05363039464598, 42.37419769723269]]]}, "properties": {"cooling_access": 8.322388648986816, "access_class": "Very Low"}}, {"type": "Feature", "geometry": {"type": "Polygon", "coordinates": [[[-71.05198035279909, 42.37419769723269], [-71.05198035279909, 42.37253939619593], [-71.05033031095222, 42.37253939619593], [-71.05033031095222, 42.37419769723269], [-71.05198035279909, 42.37419769723269]]]}, "properties": {"cooling_access": 7.123650074005127, "access_class": "Very Low"}}, {"type": "Feature", "geometry": {"type": "Polygon", "coordinates": [[[-71.04208010171784, 42.37419769723269], [-71.04208010171784, 42.37253939619593], [-71.04043005987097, 42.37253939619593], [-71.04043005987097, 42.37419769723269], [-71.04208010171784, 42.37419769723269]]]}, "properties": {"cooling_access": 8.313474655151367, "access_class": "Very Low"}}, {"type": "Feature", "geometry": {"type": "Polygon", "coordinates": [[[-71.04043005987097, 42.37419769723269], [-71.04043005987097, 42.37253939619593], [-71.03878001802408, 42.37253939619593], [-71.03878001802408, 42.37419769723269], [-71.04043005987097, 42.37419769723269]]]}, "properties": {"cooling_access": 11.347565650939941, "access_class": "Very Low"}}, {"type": "Feature", "geometry": {"type": "Polygon", "coordinates": [[[-71.03878001802408, 42.37419769723269], [-71.03878001802408, 42.37253939619593], [-71.03712997617721, 42.37253939619593], [-71.03712997617721, 42.37419769723269], [-71.03878001802408, 42.37419769723269]]]}, "properties": {"cooling_access": 12.458096504211426, "access_class": "Very Low"}}, {"type": "Feature", "geometry": {"type": "Polygon", "coordinates": [[[-71.03712997617721, 42.37419769723269], [-71.03712997617721, 42.37253939619593], [-71.03547993433034, 42.37253939619593], [-71.03547993433034, 42.37419769723269], [-71.03712997617721, 42.37419769723269]]]}, "properties": {"cooling_access": 13.152432441711426, "access_class": "Very Low"}}, {"type": "Feature", "geometry": {"type": "Polygon", "coordinates": [[[-71.03547993433034, 42.37419769723269], [-71.03547993433034, 42.37253939619593], [-71.03382989248347, 42.37253939619593], [-71.03382989248347, 42.37419769723269], [-71.03547993433034, 42.37419769723269]]]}, "properties": {"cooling_access": 13.656984329223633, "access_class": "Very Low"}}, {"type": "Feature", "geometry": {"type": "Polygon", "coordinates": [[[-71.03382989248347, 42.37419769723269], [-71.03382989248347, 42.37253939619593], [-71.03217985063658, 42.37253939619593], [-71.03217985063658, 42.37419769723269], [-71.03382989248347, 42.37419769723269]]]}, "properties": {"cooling_access": 12.952436447143555, "access_class": "Very Low"}}, {"type": "Feature", "geometry": {"type": "Polygon", "coordinates": [[[-71.03217985063658, 42.37419769723269], [-71.03217985063658, 42.37253939619593], [-71.03052980878971, 42.37253939619593], [-71.03052980878971, 42.37419769723269], [-71.03217985063658, 42.37419769723269]]]}, "properties": {"cooling_access": 11.938674926757812, "access_class": "Very Low"}}, {"type": "Feature", "geometry": {"type": "Polygon", "coordinates": [[[-71.03052980878971, 42.37419769723269], [-71.03052980878971, 42.37253939619593], [-71.02887976694284, 42.37253939619593], [-71.02887976694284, 42.37419769723269], [-71.03052980878971, 42.37419769723269]]]}, "properties": {"cooling_access": 10.988066673278809, "access_class": "Very Low"}}, {"type": "Feature", "geometry": {"type": "Polygon", "coordinates": [[[-71.02887976694284, 42.37419769723269], [-71.02887976694284, 42.37253939619593], [-71.02722972509596, 42.37253939619593], [-71.02722972509596, 42.37419769723269], [-71.02887976694284, 42.37419769723269]]]}, "properties": {"cooling_access": 11.284223556518555, "access_class": "Very Low"}}, {"type": "Feature", "geometry": {"type": "Polygon", "coordinates": [[[-71.02722972509596, 42.37419769723269], [-71.02722972509596, 42.37253939619593], [-71.02557968324908, 42.37253939619593], [-71.02557968324908, 42.37419769723269], [-71.02722972509596, 42.37419769723269]]]}, "properties": {"cooling_access": 10.559915542602539, "access_class": "Very Low"}}, {"type": "Feature", "geometry": {"type": "Polygon", "coordinates": [[[-71.02557968324908, 42.37419769723269], [-71.02557968324908, 42.37253939619593], [-71.0239296414022, 42.37253939619593], [-71.0239296414022, 42.37419769723269], [-71.02557968324908, 42.37419769723269]]]}, "properties": {"cooling_access": 11.110934257507324, "access_class": "Very Low"}}, {"type": "Feature", "geometry": {"type": "Polygon", "coordinates": [[[-71.0239296414022, 42.37419769723269], [-71.0239296414022, 42.37253939619593], [-71.02227959955533, 42.37253939619593], [-71.02227959955533, 42.37419769723269], [-71.0239296414022, 42.37419769723269]]]}, "properties": {"cooling_access": 11.138385772705078, "access_class": "Very Low"}}, {"type": "Feature", "geometry": {"type": "Polygon", "coordinates": [[[-71.02227959955533, 42.37419769723269], [-71.02227959955533, 42.37253939619593], [-71.02062955770846, 42.37253939619593], [-71.02062955770846, 42.37419769723269], [-71.02227959955533, 42.37419769723269]]]}, "properties": {"cooling_access": 10.285713195800781, "access_class": "Very Low"}}, {"type": "Feature", "geometry": {"type": "Polygon", "coordinates": [[[-71.02062955770846, 42.37419769723269], [-71.02062955770846, 42.37253939619593], [-71.01897951586157, 42.37253939619593], [-71.01897951586157, 42.37419769723269], [-71.02062955770846, 42.37419769723269]]]}, "properties": {"cooling_access": 9.258956909179688, "access_class": "Very Low"}}, {"type": "Feature", "geometry": {"type": "Polygon", "coordinates": [[[-71.01897951586157, 42.37419769723269], [-71.01897951586157, 42.37253939619593], [-71.0173294740147, 42.37253939619593], [-71.0173294740147, 42.37419769723269], [-71.01897951586157, 42.37419769723269]]]}, "properties": {"cooling_access": 8.076422691345215, "access_class": "Very Low"}}, {"type": "Feature", "geometry": {"type": "Polygon", "coordinates": [[[-71.0173294740147, 42.37419769723269], [-71.0173294740147, 42.37253939619593], [-71.01567943216783, 42.37253939619593], [-71.01567943216783, 42.37419769723269], [-71.0173294740147, 42.37419769723269]]]}, "properties": {"cooling_access": 5.749222278594971, "access_class": "Very Low"}}, {"type": "Feature", "geometry": {"type": "Polygon", "coordinates": [[[-71.0107293066272, 42.37419769723269], [-71.0107293066272, 42.37253939619593], [-71.00907926478033, 42.37253939619593], [-71.00907926478033, 42.37419769723269], [-71.0107293066272, 42.37419769723269]]]}, "properties": {"cooling_access": 7.947983741760254, "access_class": "Very Low"}}, {"type": "Feature", "geometry": {"type": "Polygon", "coordinates": [[[-71.00907926478033, 42.37419769723269], [-71.00907926478033, 42.37253939619593], [-71.00742922293345, 42.37253939619593], [-71.00742922293345, 42.37419769723269], [-71.00907926478033, 42.37419769723269]]]}, "properties": {"cooling_access": 9.686539649963379, "access_class": "Very Low"}}, {"type": "Feature", "geometry": {"type": "Polygon", "coordinates": [[[-71.06683072942099, 42.37253939619593], [-71.06683072942099, 42.37088109515918], [-71.0651806875741, 42.37088109515918], [-71.0651806875741, 42.37253939619593], [-71.06683072942099, 42.37253939619593]]]}, "properties": {"cooling_access": 8.400432586669922, "access_class": "Very Low"}}, {"type": "Feature", "geometry": {"type": "Polygon", "coordinates": [[[-71.0651806875741, 42.37253939619593], [-71.0651806875741, 42.37088109515918], [-71.06353064572723, 42.37088109515918], [-71.06353064572723, 42.37253939619593], [-71.0651806875741, 42.37253939619593]]]}, "properties": {"cooling_access": 8.85661506652832, "access_class": "Very Low"}}, {"type": "Feature", "geometry": {"type": "Polygon", "coordinates": [[[-71.06353064572723, 42.37253939619593], [-71.06353064572723, 42.37088109515918], [-71.06188060388035, 42.37088109515918], [-71.06188060388035, 42.37253939619593], [-71.06353064572723, 42.37253939619593]]]}, "properties": {"cooling_access": 9.3546142578125, "access_class": "Very Low"}}, {"type": "Feature", "geometry": {"type": "Polygon", "coordinates": [[[-71.06188060388035, 42.37253939619593], [-71.06188060388035, 42.37088109515918], [-71.06023056203348, 42.37088109515918], [-71.06023056203348, 42.37253939619593], [-71.06188060388035, 42.37253939619593]]]}, "properties": {"cooling_access": 10.028732299804688, "access_class": "Very Low"}}, {"type": "Feature", "geometry": {"type": "Polygon", "coordinates": [[[-71.06023056203348, 42.37253939619593], [-71.06023056203348, 42.37088109515918], [-71.0585805201866, 42.37088109515918], [-71.0585805201866, 42.37253939619593], [-71.06023056203348, 42.37253939619593]]]}, "properties": {"cooling_access": 9.030791282653809, "access_class": "Very Low"}}, {"type": "Feature", "geometry": {"type": "Polygon", "coordinates": [[[-71.0585805201866, 42.37253939619593], [-71.0585805201866, 42.37088109515918], [-71.05693047833972, 42.37088109515918], [-71.05693047833972, 42.37253939619593], [-71.0585805201866, 42.37253939619593]]]}, "properties": {"cooling_access": 7.613556861877441, "access_class": "Very Low"}}, {"type": "Feature", "geometry": {"type": "Polygon", "coordinates": [[[-71.05198035279909, 42.37253939619593], [-71.05198035279909, 42.37088109515918], [-71.05033031095222, 42.37088109515918], [-71.05033031095222, 42.37253939619593], [-71.05198035279909, 42.37253939619593]]]}, "properties": {"cooling_access": 4.1890058517456055, "access_class": "Very Low"}}, {"type": "Feature", "geometry": {"type": "Polygon", "coordinates": [[[-71.04373014356472, 42.37253939619593], [-71.04373014356472, 42.37088109515918], [-71.04208010171784, 42.37088109515918], [-71.04208010171784, 42.37253939619593], [-71.04373014356472, 42.37253939619593]]]}, "properties": {"cooling_access": 5.010315418243408, "access_class": "Very Low"}}, {"type": "Feature", "geometry": {"type": "Polygon", "coordinates": [[[-71.04208010171784, 42.37253939619593], [-71.04208010171784, 42.37088109515918], [-71.04043005987097, 42.37088109515918], [-71.04043005987097, 42.37253939619593], [-71.04208010171784, 42.37253939619593]]]}, "properties": {"cooling_access": 7.950177192687988, "access_class": "Very Low"}}, {"type": "Feature", "geometry": {"type": "Polygon", "coordinates": [[[-71.04043005987097, 42.37253939619593], [-71.04043005987097, 42.37088109515918], [-71.03878001802408, 42.37088109515918], [-71.03878001802408, 42.37253939619593], [-71.04043005987097, 42.37253939619593]]]}, "properties": {"cooling_access": 9.752663612365723, "access_class": "Very Low"}}, {"type": "Feature", "geometry": {"type": "Polygon", "coordinates": [[[-71.03878001802408, 42.37253939619593], [-71.03878001802408, 42.37088109515918], [-71.03712997617721, 42.37088109515918], [-71.03712997617721, 42.37253939619593], [-71.03878001802408, 42.37253939619593]]]}, "properties": {"cooling_access": 10.636204719543457, "access_class": "Very Low"}}, {"type": "Feature", "geometry": {"type": "Polygon", "coordinates": [[[-71.03712997617721, 42.37253939619593], [-71.03712997617721, 42.37088109515918], [-71.03547993433034, 42.37088109515918], [-71.03547993433034, 42.37253939619593], [-71.03712997617721, 42.37253939619593]]]}, "properties": {"cooling_access": 11.27690601348877, "access_class": "Very Low"}}, {"type": "Feature", "geometry": {"type": "Polygon", "coordinates": [[[-71.03547993433034, 42.37253939619593], [-71.03547993433034, 42.37088109515918], [-71.03382989248347, 42.37088109515918], [-71.03382989248347, 42.37253939619593], [-71.03547993433034, 42.37253939619593]]]}, "properties": {"cooling_access": 11.746687889099121, "access_class": "Very Low"}}, {"type": "Feature", "geometry": {"type": "Polygon", "coordinates": [[[-71.03382989248347, 42.37253939619593], [-71.03382989248347, 42.37088109515918], [-71.03217985063658, 42.37088109515918], [-71.03217985063658, 42.37253939619593], [-71.03382989248347, 42.37253939619593]]]}, "properties": {"cooling_access": 11.054275512695312, "access_class": "Very Low"}}, {"type": "Feature", "geometry": {"type": "Polygon", "coordinates": [[[-71.03217985063658, 42.37253939619593], [-71.03217985063658, 42.37088109515918], [-71.03052980878971, 42.37088109515918], [-71.03052980878971, 42.37253939619593], [-71.03217985063658, 42.37253939619593]]]}, "properties": {"cooling_access": 10.379690170288086, "access_class": "Very Low"}}, {"type": "Feature", "geometry": {"type": "Polygon", "coordinates": [[[-71.03052980878971, 42.37253939619593], [-71.03052980878971, 42.37088109515918], [-71.02887976694284, 42.37088109515918], [-71.02887976694284, 42.37253939619593], [-71.03052980878971, 42.37253939619593]]]}, "properties": {"cooling_access": 9.28254508972168, "access_class": "Very Low"}}, {"type": "Feature", "geometry": {"type": "Polygon", "coordinates": [[[-71.02887976694284, 42.37253939619593], [-71.02887976694284, 42.37088109515918], [-71.02722972509596, 42.37088109515918], [-71.02722972509596, 42.37253939619593], [-71.02887976694284, 42.37253939619593]]]}, "properties": {"cooling_access": 9.324324607849121, "access_class": "Very Low"}}, {"type": "Feature", "geometry": {"type": "Polygon", "coordinates": [[[-71.02722972509596, 42.37253939619593], [-71.02722972509596, 42.37088109515918], [-71.02557968324908, 42.37088109515918], [-71.02557968324908, 42.37253939619593], [-71.02722972509596, 42.37253939619593]]]}, "properties": {"cooling_access": 8.476524353027344, "access_class": "Very Low"}}, {"type": "Feature", "geometry": {"type": "Polygon", "coordinates": [[[-71.02557968324908, 42.37253939619593], [-71.02557968324908, 42.37088109515918], [-71.0239296414022, 42.37088109515918], [-71.0239296414022, 42.37253939619593], [-71.02557968324908, 42.37253939619593]]]}, "properties": {"cooling_access": 9.026899337768555, "access_class": "Very Low"}}, {"type": "Feature", "geometry": {"type": "Polygon", "coordinates": [[[-71.0239296414022, 42.37253939619593], [-71.0239296414022, 42.37088109515918], [-71.02227959955533, 42.37088109515918], [-71.02227959955533, 42.37253939619593], [-71.0239296414022, 42.37253939619593]]]}, "properties": {"cooling_access": 9.14019775390625, "access_class": "Very Low"}}, {"type": "Feature", "geometry": {"type": "Polygon", "coordinates": [[[-71.02227959955533, 42.37253939619593], [-71.02227959955533, 42.37088109515918], [-71.02062955770846, 42.37088109515918], [-71.02062955770846, 42.37253939619593], [-71.02227959955533, 42.37253939619593]]]}, "properties": {"cooling_access": 8.295767784118652, "access_class": "Very Low"}}, {"type": "Feature", "geometry": {"type": "Polygon", "coordinates": [[[-71.02062955770846, 42.37253939619593], [-71.02062955770846, 42.37088109515918], [-71.01897951586157, 42.37088109515918], [-71.01897951586157, 42.37253939619593], [-71.02062955770846, 42.37253939619593]]]}, "properties": {"cooling_access": 7.515314102172852, "access_class": "Very Low"}}, {"type": "Feature", "geometry": {"type": "Polygon", "coordinates": [[[-71.01897951586157, 42.37253939619593], [-71.01897951586157, 42.37088109515918], [-71.0173294740147, 42.37088109515918], [-71.0173294740147, 42.37253939619593], [-71.01897951586157, 42.37253939619593]]]}, "properties": {"cooling_access": 6.495559215545654, "access_class": "Very Low"}}, {"type": "Feature", "geometry": {"type": "Polygon", "coordinates": [[[-71.0173294740147, 42.37253939619593], [-71.0173294740147, 42.37088109515918], [-71.01567943216783, 42.37088109515918], [-71.01567943216783, 42.37253939619593], [-71.0173294740147, 42.37253939619593]]]}, "properties": {"cooling_access": 7.065217971801758, "access_class": "Very Low"}}, {"type": "Feature", "geometry": {"type": "Polygon", "coordinates": [[[-71.01567943216783, 42.37253939619593], [-71.01567943216783, 42.37088109515918], [-71.01402939032096, 42.37088109515918], [-71.01402939032096, 42.37253939619593], [-71.01567943216783, 42.37253939619593]]]}, "properties": {"cooling_access": 7.402510166168213, "access_class": "Very Low"}}, {"type": "Feature", "geometry": {"type": "Polygon", "coordinates": [[[-71.01402939032096, 42.37253939619593], [-71.01402939032096, 42.37088109515918], [-71.01237934847407, 42.37088109515918], [-71.01237934847407, 42.37253939619593], [-71.01402939032096, 42.37253939619593]]]}, "properties": {"cooling_access": 7.387678146362305, "access_class": "Very Low"}}, {"type": "Feature", "geometry": {"type": "Polygon", "coordinates": [[[-71.01237934847407, 42.37253939619593], [-71.01237934847407, 42.37088109515918], [-71.0107293066272, 42.37088109515918], [-71.0107293066272, 42.37253939619593], [-71.01237934847407, 42.37253939619593]]]}, "properties": {"cooling_access": 8.347180366516113, "access_class": "Very Low"}}, {"type": "Feature", "geometry": {"type": "Polygon", "coordinates": [[[-71.0107293066272, 42.37253939619593], [-71.0107293066272, 42.37088109515918], [-71.00907926478033, 42.37088109515918], [-71.00907926478033, 42.37253939619593], [-71.0107293066272, 42.37253939619593]]]}, "properties": {"cooling_access": 10.40001106262207, "access_class": "Very Low"}}, {"type": "Feature", "geometry": {"type": "Polygon", "coordinates": [[[-71.00907926478033, 42.37253939619593], [-71.00907926478033, 42.37088109515918], [-71.00742922293345, 42.37088109515918], [-71.00742922293345, 42.37253939619593], [-71.00907926478033, 42.37253939619593]]]}, "properties": {"cooling_access": 11.780562400817871, "access_class": "Very Low"}}, {"type": "Feature", "geometry": {"type": "Polygon", "coordinates": [[[-71.0651806875741, 42.37088109515918], [-71.0651806875741, 42.369222794122415], [-71.06353064572723, 42.369222794122415], [-71.06353064572723, 42.37088109515918], [-71.0651806875741, 42.37088109515918]]]}, "properties": {"cooling_access": 8.604180335998535, "access_class": "Very Low"}}, {"type": "Feature", "geometry": {"type": "Polygon", "coordinates": [[[-71.06353064572723, 42.37088109515918], [-71.06353064572723, 42.369222794122415], [-71.06188060388035, 42.369222794122415], [-71.06188060388035, 42.37088109515918], [-71.06353064572723, 42.37088109515918]]]}, "properties": {"cooling_access": 7.808054447174072, "access_class": "Very Low"}}, {"type": "Feature", "geometry": {"type": "Polygon", "coordinates": [[[-71.06188060388035, 42.37088109515918], [-71.06188060388035, 42.369222794122415], [-71.06023056203348, 42.369222794122415], [-71.06023056203348, 42.37088109515918], [-71.06188060388035, 42.37088109515918]]]}, "properties": {"cooling_access": 7.304211139678955, "access_class": "Very Low"}}, {"type": "Feature", "geometry": {"type": "Polygon", "coordinates": [[[-71.04373014356472, 42.37088109515918], [-71.04373014356472, 42.369222794122415], [-71.04208010171784, 42.369222794122415], [-71.04208010171784, 42.37088109515918], [-71.04373014356472, 42.37088109515918]]]}, "properties": {"cooling_access": 3.5677008628845215, "access_class": "Very Low"}}, {"type": "Feature", "geometry": {"type": "Polygon", "coordinates": [[[-71.04208010171784, 42.37088109515918], [-71.04208010171784, 42.369222794122415], [-71.04043005987097, 42.369222794122415], [-71.04043005987097, 42.37088109515918], [-71.04208010171784, 42.37088109515918]]]}, "properties": {"cooling_access": 6.634853839874268, "access_class": "Very Low"}}, {"type": "Feature", "geometry": {"type": "Polygon", "coordinates": [[[-71.04043005987097, 42.37088109515918], [-71.04043005987097, 42.369222794122415], [-71.03878001802408, 42.369222794122415], [-71.03878001802408, 42.37088109515918], [-71.04043005987097, 42.37088109515918]]]}, "properties": {"cooling_access": 7.968033790588379, "access_class": "Very Low"}}, {"type": "Feature", "geometry": {"type": "Polygon", "coordinates": [[[-71.03878001802408, 42.37088109515918], [-71.03878001802408, 42.369222794122415], [-71.03712997617721, 42.369222794122415], [-71.03712997617721, 42.37088109515918], [-71.03878001802408, 42.37088109515918]]]}, "properties": {"cooling_access": 8.860516548156738, "access_class": "Very Low"}}, {"type": "Feature", "geometry": {"type": "Polygon", "coordinates": [[[-71.03712997617721, 42.37088109515918], [-71.03712997617721, 42.369222794122415], [-71.03547993433034, 42.369222794122415], [-71.03547993433034, 42.37088109515918], [-71.03712997617721, 42.37088109515918]]]}, "properties": {"cooling_access": 9.468894004821777, "access_class": "Very Low"}}, {"type": "Feature", "geometry": {"type": "Polygon", "coordinates": [[[-71.03547993433034, 42.37088109515918], [-71.03547993433034, 42.369222794122415], [-71.03382989248347, 42.369222794122415], [-71.03382989248347, 42.37088109515918], [-71.03547993433034, 42.37088109515918]]]}, "properties": {"cooling_access": 9.876453399658203, "access_class": "Very Low"}}, {"type": "Feature", "geometry": {"type": "Polygon", "coordinates": [[[-71.03382989248347, 42.37088109515918], [-71.03382989248347, 42.369222794122415], [-71.03217985063658, 42.369222794122415], [-71.03217985063658, 42.37088109515918], [-71.03382989248347, 42.37088109515918]]]}, "properties": {"cooling_access": 9.138490676879883, "access_class": "Very Low"}}, {"type": "Feature", "geometry": {"type": "Polygon", "coordinates": [[[-71.03217985063658, 42.37088109515918], [-71.03217985063658, 42.369222794122415], [-71.03052980878971, 42.369222794122415], [-71.03052980878971, 42.37088109515918], [-71.03217985063658, 42.37088109515918]]]}, "properties": {"cooling_access": 8.48572826385498, "access_class": "Very Low"}}, {"type": "Feature", "geometry": {"type": "Polygon", "coordinates": [[[-71.03052980878971, 42.37088109515918], [-71.03052980878971, 42.369222794122415], [-71.02887976694284, 42.369222794122415], [-71.02887976694284, 42.37088109515918], [-71.03052980878971, 42.37088109515918]]]}, "properties": {"cooling_access": 7.671587944030762, "access_class": "Very Low"}}, {"type": "Feature", "geometry": {"type": "Polygon", "coordinates": [[[-71.02887976694284, 42.37088109515918], [-71.02887976694284, 42.369222794122415], [-71.02722972509596, 42.369222794122415], [-71.02722972509596, 42.37088109515918], [-71.02887976694284, 42.37088109515918]]]}, "properties": {"cooling_access": 7.381433486938477, "access_class": "Very Low"}}, {"type": "Feature", "geometry": {"type": "Polygon", "coordinates": [[[-71.02722972509596, 42.37088109515918], [-71.02722972509596, 42.369222794122415], [-71.02557968324908, 42.369222794122415], [-71.02557968324908, 42.37088109515918], [-71.02722972509596, 42.37088109515918]]]}, "properties": {"cooling_access": 6.578362941741943, "access_class": "Very Low"}}, {"type": "Feature", "geometry": {"type": "Polygon", "coordinates": [[[-71.02557968324908, 42.37088109515918], [-71.02557968324908, 42.369222794122415], [-71.0239296414022, 42.369222794122415], [-71.0239296414022, 42.37088109515918], [-71.02557968324908, 42.37088109515918]]]}, "properties": {"cooling_access": 6.923188209533691, "access_class": "Very Low"}}, {"type": "Feature", "geometry": {"type": "Polygon", "coordinates": [[[-71.0239296414022, 42.37088109515918], [-71.0239296414022, 42.369222794122415], [-71.02227959955533, 42.369222794122415], [-71.02227959955533, 42.37088109515918], [-71.0239296414022, 42.37088109515918]]]}, "properties": {"cooling_access": 7.096412658691406, "access_class": "Very Low"}}, {"type": "Feature", "geometry": {"type": "Polygon", "coordinates": [[[-71.02227959955533, 42.37088109515918], [-71.02227959955533, 42.369222794122415], [-71.02062955770846, 42.369222794122415], [-71.02062955770846, 42.37088109515918], [-71.02227959955533, 42.37088109515918]]]}, "properties": {"cooling_access": 6.305784702301025, "access_class": "Very Low"}}, {"type": "Feature", "geometry": {"type": "Polygon", "coordinates": [[[-71.02062955770846, 42.37088109515918], [-71.02062955770846, 42.369222794122415], [-71.01897951586157, 42.369222794122415], [-71.01897951586157, 42.37088109515918], [-71.02062955770846, 42.37088109515918]]]}, "properties": {"cooling_access": 5.6071648597717285, "access_class": "Very Low"}}, {"type": "Feature", "geometry": {"type": "Polygon", "coordinates": [[[-71.01897951586157, 42.37088109515918], [-71.01897951586157, 42.369222794122415], [-71.0173294740147, 42.369222794122415], [-71.0173294740147, 42.37088109515918], [-71.01897951586157, 42.37088109515918]]]}, "properties": {"cooling_access": 7.338468074798584, "access_class": "Very Low"}}, {"type": "Feature", "geometry": {"type": "Polygon", "coordinates": [[[-71.0173294740147, 42.37088109515918], [-71.0173294740147, 42.369222794122415], [-71.01567943216783, 42.369222794122415], [-71.01567943216783, 42.37088109515918], [-71.0173294740147, 42.37088109515918]]]}, "properties": {"cooling_access": 9.071889877319336, "access_class": "Very Low"}}, {"type": "Feature", "geometry": {"type": "Polygon", "coordinates": [[[-71.01567943216783, 42.37088109515918], [-71.01567943216783, 42.369222794122415], [-71.01402939032096, 42.369222794122415], [-71.01402939032096, 42.37088109515918], [-71.01567943216783, 42.37088109515918]]]}, "properties": {"cooling_access": 9.824434280395508, "access_class": "Very Low"}}, {"type": "Feature", "geometry": {"type": "Polygon", "coordinates": [[[-71.01402939032096, 42.37088109515918], [-71.01402939032096, 42.369222794122415], [-71.01237934847407, 42.369222794122415], [-71.01237934847407, 42.37088109515918], [-71.01402939032096, 42.37088109515918]]]}, "properties": {"cooling_access": 10.41678524017334, "access_class": "Very Low"}}, {"type": "Feature", "geometry": {"type": "Polygon", "coordinates": [[[-71.01237934847407, 42.37088109515918], [-71.01237934847407, 42.369222794122415], [-71.0107293066272, 42.369222794122415], [-71.0107293066272, 42.37088109515918], [-71.01237934847407, 42.37088109515918]]]}, "properties": {"cooling_access": 11.088055610656738, "access_class": "Very Low"}}, {"type": "Feature", "geometry": {"type": "Polygon", "coordinates": [[[-71.0107293066272, 42.37088109515918], [-71.0107293066272, 42.369222794122415], [-71.00907926478033, 42.369222794122415], [-71.00907926478033, 42.37088109515918], [-71.0107293066272, 42.37088109515918]]]}, "properties": {"cooling_access": 12.331822395324707, "access_class": "Very Low"}}, {"type": "Feature", "geometry": {"type": "Polygon", "coordinates": [[[-71.0651806875741, 42.369222794122415], [-71.0651806875741, 42.36756449308566], [-71.06353064572723, 42.36756449308566], [-71.06353064572723, 42.369222794122415], [-71.0651806875741, 42.369222794122415]]]}, "properties": {"cooling_access": 10.71456527709961, "access_class": "Very Low"}}, {"type": "Feature", "geometry": {"type": "Polygon", "coordinates": [[[-71.06188060388035, 42.369222794122415], [-71.06188060388035, 42.36756449308566], [-71.06023056203348, 42.36756449308566], [-71.06023056203348, 42.369222794122415], [-71.06188060388035, 42.369222794122415]]]}, "properties": {"cooling_access": 8.62553596496582, "access_class": "Very Low"}}, {"type": "Feature", "geometry": {"type": "Polygon", "coordinates": [[[-71.05693047833972, 42.369222794122415], [-71.05693047833972, 42.36756449308566], [-71.05528043649285, 42.36756449308566], [-71.05528043649285, 42.369222794122415], [-71.05693047833972, 42.369222794122415]]]}, "properties": {"cooling_access": 5.880283832550049, "access_class": "Very Low"}}, {"type": "Feature", "geometry": {"type": "Polygon", "coordinates": [[[-71.05528043649285, 42.369222794122415], [-71.05528043649285, 42.36756449308566], [-71.05363039464598, 42.36756449308566], [-71.05363039464598, 42.369222794122415], [-71.05528043649285, 42.369222794122415]]]}, "properties": {"cooling_access": 5.017148017883301, "access_class": "Very Low"}}, {"type": "Feature", "geometry": {"type": "Polygon", "coordinates": [[[-71.05363039464598, 42.369222794122415], [-71.05363039464598, 42.36756449308566], [-71.05198035279909, 42.36756449308566], [-71.05198035279909, 42.369222794122415], [-71.05363039464598, 42.369222794122415]]]}, "properties": {"cooling_access": 3.40608811378479, "access_class": "Very Low"}}, {"type": "Feature", "geometry": {"type": "Polygon", "coordinates": [[[-71.04208010171784, 42.369222794122415], [-71.04208010171784, 42.36756449308566], [-71.04043005987097, 42.36756449308566], [-71.04043005987097, 42.369222794122415], [-71.04208010171784, 42.369222794122415]]]}, "properties": {"cooling_access": 3.9902613162994385, "access_class": "Very Low"}}, {"type": "Feature", "geometry": {"type": "Polygon", "coordinates": [[[-71.04043005987097, 42.369222794122415], [-71.04043005987097, 42.36756449308566], [-71.03878001802408, 42.36756449308566], [-71.03878001802408, 42.369222794122415], [-71.04043005987097, 42.369222794122415]]]}, "properties": {"cooling_access": 5.783478736877441, "access_class": "Very Low"}}, {"type": "Feature", "geometry": {"type": "Polygon", "coordinates": [[[-71.03878001802408, 42.369222794122415], [-71.03878001802408, 42.36756449308566], [-71.03712997617721, 42.36756449308566], [-71.03712997617721, 42.369222794122415], [-71.03878001802408, 42.369222794122415]]]}, "properties": {"cooling_access": 6.957155227661133, "access_class": "Very Low"}}, {"type": "Feature", "geometry": {"type": "Polygon", "coordinates": [[[-71.03712997617721, 42.369222794122415], [-71.03712997617721, 42.36756449308566], [-71.03547993433034, 42.36756449308566], [-71.03547993433034, 42.369222794122415], [-71.03712997617721, 42.369222794122415]]]}, "properties": {"cooling_access": 7.682929039001465, "access_class": "Very Low"}}, {"type": "Feature", "geometry": {"type": "Polygon", "coordinates": [[[-71.03547993433034, 42.369222794122415], [-71.03547993433034, 42.36756449308566], [-71.03382989248347, 42.36756449308566], [-71.03382989248347, 42.369222794122415], [-71.03547993433034, 42.369222794122415]]]}, "properties": {"cooling_access": 7.994328498840332, "access_class": "Very Low"}}, {"type": "Feature", "geometry": {"type": "Polygon", "coordinates": [[[-71.03382989248347, 42.369222794122415], [-71.03382989248347, 42.36756449308566], [-71.03217985063658, 42.36756449308566], [-71.03217985063658, 42.369222794122415], [-71.03382989248347, 42.369222794122415]]]}, "properties": {"cooling_access": 7.221771240234375, "access_class": "Very Low"}}, {"type": "Feature", "geometry": {"type": "Polygon", "coordinates": [[[-71.03217985063658, 42.369222794122415], [-71.03217985063658, 42.36756449308566], [-71.03052980878971, 42.36756449308566], [-71.03052980878971, 42.369222794122415], [-71.03217985063658, 42.369222794122415]]]}, "properties": {"cooling_access": 6.552778244018555, "access_class": "Very Low"}}, {"type": "Feature", "geometry": {"type": "Polygon", "coordinates": [[[-71.03052980878971, 42.369222794122415], [-71.03052980878971, 42.36756449308566], [-71.02887976694284, 42.36756449308566], [-71.02887976694284, 42.369222794122415], [-71.03052980878971, 42.369222794122415]]]}, "properties": {"cooling_access": 5.758192539215088, "access_class": "Very Low"}}, {"type": "Feature", "geometry": {"type": "Polygon", "coordinates": [[[-71.02887976694284, 42.369222794122415], [-71.02887976694284, 42.36756449308566], [-71.02722972509596, 42.36756449308566], [-71.02722972509596, 42.369222794122415], [-71.02887976694284, 42.369222794122415]]]}, "properties": {"cooling_access": 5.463454723358154, "access_class": "Very Low"}}, {"type": "Feature", "geometry": {"type": "Polygon", "coordinates": [[[-71.02722972509596, 42.369222794122415], [-71.02722972509596, 42.36756449308566], [-71.02557968324908, 42.36756449308566], [-71.02557968324908, 42.369222794122415], [-71.02722972509596, 42.369222794122415]]]}, "properties": {"cooling_access": 4.774765968322754, "access_class": "Very Low"}}, {"type": "Feature", "geometry": {"type": "Polygon", "coordinates": [[[-71.02557968324908, 42.369222794122415], [-71.02557968324908, 42.36756449308566], [-71.0239296414022, 42.36756449308566], [-71.0239296414022, 42.369222794122415], [-71.02557968324908, 42.369222794122415]]]}, "properties": {"cooling_access": 4.927175045013428, "access_class": "Very Low"}}, {"type": "Feature", "geometry": {"type": "Polygon", "coordinates": [[[-71.0239296414022, 42.369222794122415], [-71.0239296414022, 42.36756449308566], [-71.02227959955533, 42.36756449308566], [-71.02227959955533, 42.369222794122415], [-71.0239296414022, 42.369222794122415]]]}, "properties": {"cooling_access": 5.053196907043457, "access_class": "Very Low"}}, {"type": "Feature", "geometry": {"type": "Polygon", "coordinates": [[[-71.02227959955533, 42.369222794122415], [-71.02227959955533, 42.36756449308566], [-71.02062955770846, 42.36756449308566], [-71.02062955770846, 42.369222794122415], [-71.02227959955533, 42.369222794122415]]]}, "properties": {"cooling_access": 4.301054000854492, "access_class": "Very Low"}}, {"type": "Feature", "geometry": {"type": "Polygon", "coordinates": [[[-71.02062955770846, 42.369222794122415], [-71.02062955770846, 42.36756449308566], [-71.01897951586157, 42.36756449308566], [-71.01897951586157, 42.369222794122415], [-71.02062955770846, 42.369222794122415]]]}, "properties": {"cooling_access": 6.112659931182861, "access_class": "Very Low"}}, {"type": "Feature", "geometry": {"type": "Polygon", "coordinates": [[[-71.01897951586157, 42.369222794122415], [-71.01897951586157, 42.36756449308566], [-71.0173294740147, 42.36756449308566], [-71.0173294740147, 42.369222794122415], [-71.01897951586157, 42.369222794122415]]]}, "properties": {"cooling_access": 8.134042739868164, "access_class": "Very Low"}}, {"type": "Feature", "geometry": {"type": "Polygon", "coordinates": [[[-71.0173294740147, 42.369222794122415], [-71.0173294740147, 42.36756449308566], [-71.01567943216783, 42.36756449308566], [-71.01567943216783, 42.369222794122415], [-71.0173294740147, 42.369222794122415]]]}, "properties": {"cooling_access": 10.064352035522461, "access_class": "Very Low"}}, {"type": "Feature", "geometry": {"type": "Polygon", "coordinates": [[[-71.01567943216783, 42.369222794122415], [-71.01567943216783, 42.36756449308566], [-71.01402939032096, 42.36756449308566], [-71.01402939032096, 42.369222794122415], [-71.01567943216783, 42.369222794122415]]]}, "properties": {"cooling_access": 11.775195121765137, "access_class": "Very Low"}}, {"type": "Feature", "geometry": {"type": "Polygon", "coordinates": [[[-71.01402939032096, 42.369222794122415], [-71.01402939032096, 42.36756449308566], [-71.01237934847407, 42.36756449308566], [-71.01237934847407, 42.369222794122415], [-71.01402939032096, 42.369222794122415]]]}, "properties": {"cooling_access": 12.646142959594727, "access_class": "Very Low"}}, {"type": "Feature", "geometry": {"type": "Polygon", "coordinates": [[[-71.01237934847407, 42.369222794122415], [-71.01237934847407, 42.36756449308566], [-71.0107293066272, 42.36756449308566], [-71.0107293066272, 42.369222794122415], [-71.01237934847407, 42.369222794122415]]]}, "properties": {"cooling_access": 13.426905632019043, "access_class": "Very Low"}}, {"type": "Feature", "geometry": {"type": "Polygon", "coordinates": [[[-71.0107293066272, 42.369222794122415], [-71.0107293066272, 42.36756449308566], [-71.00907926478033, 42.36756449308566], [-71.00907926478033, 42.369222794122415], [-71.0107293066272, 42.369222794122415]]]}, "properties": {"cooling_access": 14.435357093811035, "access_class": "Very Low"}}, {"type": "Feature", "geometry": {"type": "Polygon", "coordinates": [[[-71.07013081311473, 42.36756449308566], [-71.07013081311473, 42.3659061920489], [-71.06848077126786, 42.3659061920489], [-71.06848077126786, 42.36756449308566], [-71.07013081311473, 42.36756449308566]]]}, "properties": {"cooling_access": 13.886941909790039, "access_class": "Very Low"}}, {"type": "Feature", "geometry": {"type": "Polygon", "coordinates": [[[-71.06848077126786, 42.36756449308566], [-71.06848077126786, 42.3659061920489], [-71.06683072942099, 42.3659061920489], [-71.06683072942099, 42.36756449308566], [-71.06848077126786, 42.36756449308566]]]}, "properties": {"cooling_access": 13.708415985107422, "access_class": "Very Low"}}, {"type": "Feature", "geometry": {"type": "Polygon", "coordinates": [[[-71.06683072942099, 42.36756449308566], [-71.06683072942099, 42.3659061920489], [-71.0651806875741, 42.3659061920489], [-71.0651806875741, 42.36756449308566], [-71.06683072942099, 42.36756449308566]]]}, "properties": {"cooling_access": 13.4386568069458, "access_class": "Very Low"}}, {"type": "Feature", "geometry": {"type": "Polygon", "coordinates": [[[-71.0651806875741, 42.36756449308566], [-71.0651806875741, 42.3659061920489], [-71.06353064572723, 42.3659061920489], [-71.06353064572723, 42.36756449308566], [-71.0651806875741, 42.36756449308566]]]}, "properties": {"cooling_access": 12.773995399475098, "access_class": "Very Low"}}, {"type": "Feature", "geometry": {"type": "Polygon", "coordinates": [[[-71.06353064572723, 42.36756449308566], [-71.06353064572723, 42.3659061920489], [-71.06188060388035, 42.3659061920489], [-71.06188060388035, 42.36756449308566], [-71.06353064572723, 42.36756449308566]]]}, "properties": {"cooling_access": 11.790213584899902, "access_class": "Very Low"}}, {"type": "Feature", "geometry": {"type": "Polygon", "coordinates": [[[-71.06188060388035, 42.36756449308566], [-71.06188060388035, 42.3659061920489], [-71.06023056203348, 42.3659061920489], [-71.06023056203348, 42.36756449308566], [-71.06188060388035, 42.36756449308566]]]}, "properties": {"cooling_access": 11.217279434204102, "access_class": "Very Low"}}, {"type": "Feature", "geometry": {"type": "Polygon", "coordinates": [[[-71.06023056203348, 42.36756449308566], [-71.06023056203348, 42.3659061920489], [-71.0585805201866, 42.3659061920489], [-71.0585805201866, 42.36756449308566], [-71.06023056203348, 42.36756449308566]]]}, "properties": {"cooling_access": 10.68748664855957, "access_class": "Very Low"}}, {"type": "Feature", "geometry": {"type": "Polygon", "coordinates": [[[-71.0585805201866, 42.36756449308566], [-71.0585805201866, 42.3659061920489], [-71.05693047833972, 42.3659061920489], [-71.05693047833972, 42.36756449308566], [-71.0585805201866, 42.36756449308566]]]}, "properties": {"cooling_access": 9.974379539489746, "access_class": "Very Low"}}, {"type": "Feature", "geometry": {"type": "Polygon", "coordinates": [[[-71.05693047833972, 42.36756449308566], [-71.05693047833972, 42.3659061920489], [-71.05528043649285, 42.3659061920489], [-71.05528043649285, 42.36756449308566], [-71.05693047833972, 42.36756449308566]]]}, "properties": {"cooling_access": 9.248549461364746, "access_class": "Very Low"}}, {"type": "Feature", "geometry": {"type": "Polygon", "coordinates": [[[-71.05528043649285, 42.36756449308566], [-71.05528043649285, 42.3659061920489], [-71.05363039464598, 42.3659061920489], [-71.05363039464598, 42.36756449308566], [-71.05528043649285, 42.36756449308566]]]}, "properties": {"cooling_access": 8.407059669494629, "access_class": "Very Low"}}, {"type": "Feature", "geometry": {"type": "Polygon", "coordinates": [[[-71.05363039464598, 42.36756449308566], [-71.05363039464598, 42.3659061920489], [-71.05198035279909, 42.3659061920489], [-71.05198035279909, 42.36756449308566], [-71.05363039464598, 42.36756449308566]]]}, "properties": {"cooling_access": 6.922357559204102, "access_class": "Very Low"}}, {"type": "Feature", "geometry": {"type": "Polygon", "coordinates": [[[-71.05198035279909, 42.36756449308566], [-71.05198035279909, 42.3659061920489], [-71.05033031095222, 42.3659061920489], [-71.05033031095222, 42.36756449308566], [-71.05198035279909, 42.36756449308566]]]}, "properties": {"cooling_access": 4.142334461212158, "access_class": "Very Low"}}, {"type": "Feature", "geometry": {"type": "Polygon", "coordinates": [[[-71.05033031095222, 42.36756449308566], [-71.05033031095222, 42.3659061920489], [-71.04868026910535, 42.3659061920489], [-71.04868026910535, 42.36756449308566], [-71.05033031095222, 42.36756449308566]]]}, "properties": {"cooling_access": 0.8391751646995544, "access_class": "Very Low"}}, {"type": "Feature", "geometry": {"type": "Polygon", "coordinates": [[[-71.04208010171784, 42.36756449308566], [-71.04208010171784, 42.3659061920489], [-71.04043005987097, 42.3659061920489], [-71.04043005987097, 42.36756449308566], [-71.04208010171784, 42.36756449308566]]]}, "properties": {"cooling_access": 1.3045144081115723, "access_class": "Very Low"}}, {"type": "Feature", "geometry": {"type": "Polygon", "coordinates": [[[-71.04043005987097, 42.36756449308566], [-71.04043005987097, 42.3659061920489], [-71.03878001802408, 42.3659061920489], [-71.03878001802408, 42.36756449308566], [-71.04043005987097, 42.36756449308566]]]}, "properties": {"cooling_access": 3.2011828422546387, "access_class": "Very Low"}}, {"type": "Feature", "geometry": {"type": "Polygon", "coordinates": [[[-71.03878001802408, 42.36756449308566], [-71.03878001802408, 42.3659061920489], [-71.03712997617721, 42.3659061920489], [-71.03712997617721, 42.36756449308566], [-71.03878001802408, 42.36756449308566]]]}, "properties": {"cooling_access": 4.475874900817871, "access_class": "Very Low"}}, {"type": "Feature", "geometry": {"type": "Polygon", "coordinates": [[[-71.03712997617721, 42.36756449308566], [-71.03712997617721, 42.3659061920489], [-71.03547993433034, 42.3659061920489], [-71.03547993433034, 42.36756449308566], [-71.03712997617721, 42.36756449308566]]]}, "properties": {"cooling_access": 5.438354969024658, "access_class": "Very Low"}}, {"type": "Feature", "geometry": {"type": "Polygon", "coordinates": [[[-71.03547993433034, 42.36756449308566], [-71.03547993433034, 42.3659061920489], [-71.03382989248347, 42.3659061920489], [-71.03382989248347, 42.36756449308566], [-71.03547993433034, 42.36756449308566]]]}, "properties": {"cooling_access": 5.911684513092041, "access_class": "Very Low"}}, {"type": "Feature", "geometry": {"type": "Polygon", "coordinates": [[[-71.03382989248347, 42.36756449308566], [-71.03382989248347, 42.3659061920489], [-71.03217985063658, 42.3659061920489], [-71.03217985063658, 42.36756449308566], [-71.03382989248347, 42.36756449308566]]]}, "properties": {"cooling_access": 5.354412078857422, "access_class": "Very Low"}}, {"type": "Feature", "geometry": {"type": "Polygon", "coordinates": [[[-71.03217985063658, 42.36756449308566], [-71.03217985063658, 42.3659061920489], [-71.03052980878971, 42.3659061920489], [-71.03052980878971, 42.36756449308566], [-71.03217985063658, 42.36756449308566]]]}, "properties": {"cooling_access": 4.694034099578857, "access_class": "Very Low"}}, {"type": "Feature", "geometry": {"type": "Polygon", "coordinates": [[[-71.03052980878971, 42.36756449308566], [-71.03052980878971, 42.3659061920489], [-71.02887976694284, 42.3659061920489], [-71.02887976694284, 42.36756449308566], [-71.03052980878971, 42.36756449308566]]]}, "properties": {"cooling_access": 3.8984873294830322, "access_class": "Very Low"}}, {"type": "Feature", "geometry": {"type": "Polygon", "coordinates": [[[-71.02887976694284, 42.36756449308566], [-71.02887976694284, 42.3659061920489], [-71.02722972509596, 42.3659061920489], [-71.02722972509596, 42.36756449308566], [-71.02887976694284, 42.36756449308566]]]}, "properties": {"cooling_access": 3.505908250808716, "access_class": "Very Low"}}, {"type": "Feature", "geometry": {"type": "Polygon", "coordinates": [[[-71.02722972509596, 42.36756449308566], [-71.02722972509596, 42.3659061920489], [-71.02557968324908, 42.3659061920489], [-71.02557968324908, 42.36756449308566], [-71.02722972509596, 42.36756449308566]]]}, "properties": {"cooling_access": 2.878265380859375, "access_class": "Very Low"}}, {"type": "Feature", "geometry": {"type": "Polygon", "coordinates": [[[-71.02557968324908, 42.36756449308566], [-71.02557968324908, 42.3659061920489], [-71.0239296414022, 42.3659061920489], [-71.0239296414022, 42.36756449308566], [-71.02557968324908, 42.36756449308566]]]}, "properties": {"cooling_access": 3.011763572692871, "access_class": "Very Low"}}, {"type": "Feature", "geometry": {"type": "Polygon", "coordinates": [[[-71.0239296414022, 42.36756449308566], [-71.0239296414022, 42.3659061920489], [-71.02227959955533, 42.3659061920489], [-71.02227959955533, 42.36756449308566], [-71.0239296414022, 42.36756449308566]]]}, "properties": {"cooling_access": 3.7582404613494873, "access_class": "Very Low"}}, {"type": "Feature", "geometry": {"type": "Polygon", "coordinates": [[[-71.02227959955533, 42.36756449308566], [-71.02227959955533, 42.3659061920489], [-71.02062955770846, 42.3659061920489], [-71.02062955770846, 42.36756449308566], [-71.02227959955533, 42.36756449308566]]]}, "properties": {"cooling_access": 4.7627997398376465, "access_class": "Very Low"}}, {"type": "Feature", "geometry": {"type": "Polygon", "coordinates": [[[-71.02062955770846, 42.36756449308566], [-71.02062955770846, 42.3659061920489], [-71.01897951586157, 42.3659061920489], [-71.01897951586157, 42.36756449308566], [-71.02062955770846, 42.36756449308566]]]}, "properties": {"cooling_access": 6.64810848236084, "access_class": "Very Low"}}, {"type": "Feature", "geometry": {"type": "Polygon", "coordinates": [[[-71.01897951586157, 42.36756449308566], [-71.01897951586157, 42.3659061920489], [-71.0173294740147, 42.3659061920489], [-71.0173294740147, 42.36756449308566], [-71.01897951586157, 42.36756449308566]]]}, "properties": {"cooling_access": 8.70695972442627, "access_class": "Very Low"}}, {"type": "Feature", "geometry": {"type": "Polygon", "coordinates": [[[-71.0173294740147, 42.36756449308566], [-71.0173294740147, 42.3659061920489], [-71.01567943216783, 42.3659061920489], [-71.01567943216783, 42.36756449308566], [-71.0173294740147, 42.36756449308566]]]}, "properties": {"cooling_access": 10.813340187072754, "access_class": "Very Low"}}, {"type": "Feature", "geometry": {"type": "Polygon", "coordinates": [[[-71.01567943216783, 42.36756449308566], [-71.01567943216783, 42.3659061920489], [-71.01402939032096, 42.3659061920489], [-71.01402939032096, 42.36756449308566], [-71.01567943216783, 42.36756449308566]]]}, "properties": {"cooling_access": 12.782367706298828, "access_class": "Very Low"}}, {"type": "Feature", "geometry": {"type": "Polygon", "coordinates": [[[-71.01402939032096, 42.36756449308566], [-71.01402939032096, 42.3659061920489], [-71.01237934847407, 42.3659061920489], [-71.01237934847407, 42.36756449308566], [-71.01402939032096, 42.36756449308566]]]}, "properties": {"cooling_access": 14.470462799072266, "access_class": "Very Low"}}, {"type": "Feature", "geometry": {"type": "Polygon", "coordinates": [[[-71.01237934847407, 42.36756449308566], [-71.01237934847407, 42.3659061920489], [-71.0107293066272, 42.3659061920489], [-71.0107293066272, 42.36756449308566], [-71.01237934847407, 42.36756449308566]]]}, "properties": {"cooling_access": 15.386560440063477, "access_class": "Very Low"}}, {"type": "Feature", "geometry": {"type": "Polygon", "coordinates": [[[-71.0107293066272, 42.36756449308566], [-71.0107293066272, 42.3659061920489], [-71.00907926478033, 42.3659061920489], [-71.00907926478033, 42.36756449308566], [-71.0107293066272, 42.36756449308566]]]}, "properties": {"cooling_access": 16.215225219726562, "access_class": "Very Low"}}, {"type": "Feature", "geometry": {"type": "Polygon", "coordinates": [[[-71.07013081311473, 42.3659061920489], [-71.07013081311473, 42.36424789101214], [-71.06848077126786, 42.36424789101214], [-71.06848077126786, 42.3659061920489], [-71.07013081311473, 42.3659061920489]]]}, "properties": {"cooling_access": 16.233203887939453, "access_class": "Very Low"}}, {"type": "Feature", "geometry": {"type": "Polygon", "coordinates": [[[-71.06848077126786, 42.3659061920489], [-71.06848077126786, 42.36424789101214], [-71.06683072942099, 42.36424789101214], [-71.06683072942099, 42.3659061920489], [-71.06848077126786, 42.3659061920489]]]}, "properties": {"cooling_access": 16.043624877929688, "access_class": "Very Low"}}, {"type": "Feature", "geometry": {"type": "Polygon", "coordinates": [[[-71.06683072942099, 42.3659061920489], [-71.06683072942099, 42.36424789101214], [-71.0651806875741, 42.36424789101214], [-71.0651806875741, 42.3659061920489], [-71.06683072942099, 42.3659061920489]]]}, "properties": {"cooling_access": 15.408356666564941, "access_class": "Very Low"}}, {"type": "Feature", "geometry": {"type": "Polygon", "coordinates": [[[-71.0651806875741, 42.3659061920489], [-71.0651806875741, 42.36424789101214], [-71.06353064572723, 42.36424789101214], [-71.06353064572723, 42.3659061920489], [-71.0651806875741, 42.3659061920489]]]}, "properties": {"cooling_access": 14.298852920532227, "access_class": "Very Low"}}, {"type": "Feature", "geometry": {"type": "Polygon", "coordinates": [[[-71.06353064572723, 42.3659061920489], [-71.06353064572723, 42.36424789101214], [-71.06188060388035, 42.36424789101214], [-71.06188060388035, 42.3659061920489], [-71.06353064572723, 42.3659061920489]]]}, "properties": {"cooling_access": 14.269058227539062, "access_class": "Very Low"}}, {"type": "Feature", "geometry": {"type": "Polygon", "coordinates": [[[-71.06188060388035, 42.3659061920489], [-71.06188060388035, 42.36424789101214], [-71.06023056203348, 42.36424789101214], [-71.06023056203348, 42.3659061920489], [-71.06188060388035, 42.3659061920489]]]}, "properties": {"cooling_access": 13.830227851867676, "access_class": "Very Low"}}, {"type": "Feature", "geometry": {"type": "Polygon", "coordinates": [[[-71.06023056203348, 42.3659061920489], [-71.06023056203348, 42.36424789101214], [-71.0585805201866, 42.36424789101214], [-71.0585805201866, 42.3659061920489], [-71.06023056203348, 42.3659061920489]]]}, "properties": {"cooling_access": 13.392350196838379, "access_class": "Very Low"}}, {"type": "Feature", "geometry": {"type": "Polygon", "coordinates": [[[-71.0585805201866, 42.3659061920489], [-71.0585805201866, 42.36424789101214], [-71.05693047833972, 42.36424789101214], [-71.05693047833972, 42.3659061920489], [-71.0585805201866, 42.3659061920489]]]}, "properties": {"cooling_access": 12.569732666015625, "access_class": "Very Low"}}, {"type": "Feature", "geometry": {"type": "Polygon", "coordinates": [[[-71.05693047833972, 42.3659061920489], [-71.05693047833972, 42.36424789101214], [-71.05528043649285, 42.36424789101214], [-71.05528043649285, 42.3659061920489], [-71.05693047833972, 42.3659061920489]]]}, "properties": {"cooling_access": 11.49176025390625, "access_class": "Very Low"}}, {"type": "Feature", "geometry": {"type": "Polygon", "coordinates": [[[-71.05528043649285, 42.3659061920489], [-71.05528043649285, 42.36424789101214], [-71.05363039464598, 42.36424789101214], [-71.05363039464598, 42.3659061920489], [-71.05528043649285, 42.3659061920489]]]}, "properties": {"cooling_access": 10.002662658691406, "access_class": "Very Low"}}, {"type": "Feature", "geometry": {"type": "Polygon", "coordinates": [[[-71.05363039464598, 42.3659061920489], [-71.05363039464598, 42.36424789101214], [-71.05198035279909, 42.36424789101214], [-71.05198035279909, 42.3659061920489], [-71.05363039464598, 42.3659061920489]]]}, "properties": {"cooling_access": 8.408049583435059, "access_class": "Very Low"}}, {"type": "Feature", "geometry": {"type": "Polygon", "coordinates": [[[-71.05198035279909, 42.3659061920489], [-71.05198035279909, 42.36424789101214], [-71.05033031095222, 42.36424789101214], [-71.05033031095222, 42.3659061920489], [-71.05198035279909, 42.3659061920489]]]}, "properties": {"cooling_access": 6.430938243865967, "access_class": "Very Low"}}, {"type": "Feature", "geometry": {"type": "Polygon", "coordinates": [[[-71.05033031095222, 42.3659061920489], [-71.05033031095222, 42.36424789101214], [-71.04868026910535, 42.36424789101214], [-71.04868026910535, 42.3659061920489], [-71.05033031095222, 42.3659061920489]]]}, "properties": {"cooling_access": 2.5721025466918945, "access_class": "Very Low"}}, {"type": "Feature", "geometry": {"type": "Polygon", "coordinates": [[[-71.03878001802408, 42.3659061920489], [-71.03878001802408, 42.36424789101214], [-71.03712997617721, 42.36424789101214], [-71.03712997617721, 42.3659061920489], [-71.03878001802408, 42.3659061920489]]]}, "properties": {"cooling_access": 0.9702650904655457, "access_class": "Very Low"}}, {"type": "Feature", "geometry": {"type": "Polygon", "coordinates": [[[-71.03712997617721, 42.3659061920489], [-71.03712997617721, 42.36424789101214], [-71.03547993433034, 42.36424789101214], [-71.03547993433034, 42.3659061920489], [-71.03712997617721, 42.3659061920489]]]}, "properties": {"cooling_access": 2.2163846492767334, "access_class": "Very Low"}}, {"type": "Feature", "geometry": {"type": "Polygon", "coordinates": [[[-71.03547993433034, 42.3659061920489], [-71.03547993433034, 42.36424789101214], [-71.03382989248347, 42.36424789101214], [-71.03382989248347, 42.3659061920489], [-71.03547993433034, 42.3659061920489]]]}, "properties": {"cooling_access": 3.1748697757720947, "access_class": "Very Low"}}, {"type": "Feature", "geometry": {"type": "Polygon", "coordinates": [[[-71.03382989248347, 42.3659061920489], [-71.03382989248347, 42.36424789101214], [-71.03217985063658, 42.36424789101214], [-71.03217985063658, 42.3659061920489], [-71.03382989248347, 42.3659061920489]]]}, "properties": {"cooling_access": 3.292938709259033, "access_class": "Very Low"}}, {"type": "Feature", "geometry": {"type": "Polygon", "coordinates": [[[-71.03217985063658, 42.3659061920489], [-71.03217985063658, 42.36424789101214], [-71.03052980878971, 42.36424789101214], [-71.03052980878971, 42.3659061920489], [-71.03217985063658, 42.3659061920489]]]}, "properties": {"cooling_access": 2.671204090118408, "access_class": "Very Low"}}, {"type": "Feature", "geometry": {"type": "Polygon", "coordinates": [[[-71.03052980878971, 42.3659061920489], [-71.03052980878971, 42.36424789101214], [-71.02887976694284, 42.36424789101214], [-71.02887976694284, 42.3659061920489], [-71.03052980878971, 42.3659061920489]]]}, "properties": {"cooling_access": 1.5483338832855225, "access_class": "Very Low"}}, {"type": "Feature", "geometry": {"type": "Polygon", "coordinates": [[[-71.02887976694284, 42.3659061920489], [-71.02887976694284, 42.36424789101214], [-71.02722972509596, 42.36424789101214], [-71.02722972509596, 42.3659061920489], [-71.02887976694284, 42.3659061920489]]]}, "properties": {"cooling_access": 0.8496948480606079, "access_class": "Very Low"}}, {"type": "Feature", "geometry": {"type": "Polygon", "coordinates": [[[-71.02722972509596, 42.3659061920489], [-71.02722972509596, 42.36424789101214], [-71.02557968324908, 42.36424789101214], [-71.02557968324908, 42.3659061920489], [-71.02722972509596, 42.3659061920489]]]}, "properties": {"cooling_access": 0.5040857195854187, "access_class": "Very Low"}}, {"type": "Feature", "geometry": {"type": "Polygon", "coordinates": [[[-71.02557968324908, 42.3659061920489], [-71.02557968324908, 42.36424789101214], [-71.0239296414022, 42.36424789101214], [-71.0239296414022, 42.3659061920489], [-71.02557968324908, 42.3659061920489]]]}, "properties": {"cooling_access": 2.927708864212036, "access_class": "Very Low"}}, {"type": "Feature", "geometry": {"type": "Polygon", "coordinates": [[[-71.0239296414022, 42.3659061920489], [-71.0239296414022, 42.36424789101214], [-71.02227959955533, 42.36424789101214], [-71.02227959955533, 42.3659061920489], [-71.0239296414022, 42.3659061920489]]]}, "properties": {"cooling_access": 4.984963417053223, "access_class": "Very Low"}}, {"type": "Feature", "geometry": {"type": "Polygon", "coordinates": [[[-71.02227959955533, 42.3659061920489], [-71.02227959955533, 42.36424789101214], [-71.02062955770846, 42.36424789101214], [-71.02062955770846, 42.3659061920489], [-71.02227959955533, 42.3659061920489]]]}, "properties": {"cooling_access": 6.526725769042969, "access_class": "Very Low"}}, {"type": "Feature", "geometry": {"type": "Polygon", "coordinates": [[[-71.02062955770846, 42.3659061920489], [-71.02062955770846, 42.36424789101214], [-71.01897951586157, 42.36424789101214], [-71.01897951586157, 42.3659061920489], [-71.02062955770846, 42.3659061920489]]]}, "properties": {"cooling_access": 7.499380588531494, "access_class": "Very Low"}}, {"type": "Feature", "geometry": {"type": "Polygon", "coordinates": [[[-71.01897951586157, 42.3659061920489], [-71.01897951586157, 42.36424789101214], [-71.0173294740147, 42.36424789101214], [-71.0173294740147, 42.3659061920489], [-71.01897951586157, 42.3659061920489]]]}, "properties": {"cooling_access": 9.490091323852539, "access_class": "Very Low"}}, {"type": "Feature", "geometry": {"type": "Polygon", "coordinates": [[[-71.0173294740147, 42.3659061920489], [-71.0173294740147, 42.36424789101214], [-71.01567943216783, 42.36424789101214], [-71.01567943216783, 42.3659061920489], [-71.0173294740147, 42.3659061920489]]]}, "properties": {"cooling_access": 11.635162353515625, "access_class": "Very Low"}}, {"type": "Feature", "geometry": {"type": "Polygon", "coordinates": [[[-71.01567943216783, 42.3659061920489], [-71.01567943216783, 42.36424789101214], [-71.01402939032096, 42.36424789101214], [-71.01402939032096, 42.3659061920489], [-71.01567943216783, 42.3659061920489]]]}, "properties": {"cooling_access": 13.640351295471191, "access_class": "Very Low"}}, {"type": "Feature", "geometry": {"type": "Polygon", "coordinates": [[[-71.01402939032096, 42.3659061920489], [-71.01402939032096, 42.36424789101214], [-71.01237934847407, 42.36424789101214], [-71.01237934847407, 42.3659061920489], [-71.01402939032096, 42.3659061920489]]]}, "properties": {"cooling_access": 15.49583625793457, "access_class": "Very Low"}}, {"type": "Feature", "geometry": {"type": "Polygon", "coordinates": [[[-71.01237934847407, 42.3659061920489], [-71.01237934847407, 42.36424789101214], [-71.0107293066272, 42.36424789101214], [-71.0107293066272, 42.3659061920489], [-71.01237934847407, 42.3659061920489]]]}, "properties": {"cooling_access": 17.21533203125, "access_class": "Very Low"}}, {"type": "Feature", "geometry": {"type": "Polygon", "coordinates": [[[-71.07343089680849, 42.36424789101214], [-71.07343089680849, 42.362589589975386], [-71.0717808549616, 42.362589589975386], [-71.0717808549616, 42.36424789101214], [-71.07343089680849, 42.36424789101214]]]}, "properties": {"cooling_access": 17.213045120239258, "access_class": "Very Low"}}, {"type": "Feature", "geometry": {"type": "Polygon", "coordinates": [[[-71.0717808549616, 42.36424789101214], [-71.0717808549616, 42.362589589975386], [-71.07013081311473, 42.362589589975386], [-71.07013081311473, 42.36424789101214], [-71.0717808549616, 42.36424789101214]]]}, "properties": {"cooling_access": 18.20210075378418, "access_class": "Very Low"}}, {"type": "Feature", "geometry": {"type": "Polygon", "coordinates": [[[-71.07013081311473, 42.36424789101214], [-71.07013081311473, 42.362589589975386], [-71.06848077126786, 42.362589589975386], [-71.06848077126786, 42.36424789101214], [-71.07013081311473, 42.36424789101214]]]}, "properties": {"cooling_access": 18.888996124267578, "access_class": "Very Low"}}, {"type": "Feature", "geometry": {"type": "Polygon", "coordinates": [[[-71.06848077126786, 42.36424789101214], [-71.06848077126786, 42.362589589975386], [-71.06683072942099, 42.362589589975386], [-71.06683072942099, 42.36424789101214], [-71.06848077126786, 42.36424789101214]]]}, "properties": {"cooling_access": 18.472803115844727, "access_class": "Very Low"}}, {"type": "Feature", "geometry": {"type": "Polygon", "coordinates": [[[-71.06683072942099, 42.36424789101214], [-71.06683072942099, 42.362589589975386], [-71.0651806875741, 42.362589589975386], [-71.0651806875741, 42.36424789101214], [-71.06683072942099, 42.36424789101214]]]}, "properties": {"cooling_access": 17.460962295532227, "access_class": "Very Low"}}, {"type": "Feature", "geometry": {"type": "Polygon", "coordinates": [[[-71.0651806875741, 42.36424789101214], [-71.0651806875741, 42.362589589975386], [-71.06353064572723, 42.362589589975386], [-71.06353064572723, 42.36424789101214], [-71.0651806875741, 42.36424789101214]]]}, "properties": {"cooling_access": 16.627546310424805, "access_class": "Very Low"}}, {"type": "Feature", "geometry": {"type": "Polygon", "coordinates": [[[-71.06353064572723, 42.36424789101214], [-71.06353064572723, 42.362589589975386], [-71.06188060388035, 42.362589589975386], [-71.06188060388035, 42.36424789101214], [-71.06353064572723, 42.36424789101214]]]}, "properties": {"cooling_access": 16.63578987121582, "access_class": "Very Low"}}, {"type": "Feature", "geometry": {"type": "Polygon", "coordinates": [[[-71.06188060388035, 42.36424789101214], [-71.06188060388035, 42.362589589975386], [-71.06023056203348, 42.362589589975386], [-71.06023056203348, 42.36424789101214], [-71.06188060388035, 42.36424789101214]]]}, "properties": {"cooling_access": 16.06173324584961, "access_class": "Very Low"}}, {"type": "Feature", "geometry": {"type": "Polygon", "coordinates": [[[-71.06023056203348, 42.36424789101214], [-71.06023056203348, 42.362589589975386], [-71.0585805201866, 42.362589589975386], [-71.0585805201866, 42.36424789101214], [-71.06023056203348, 42.36424789101214]]]}, "properties": {"cooling_access": 15.459489822387695, "access_class": "Very Low"}}, {"type": "Feature", "geometry": {"type": "Polygon", "coordinates": [[[-71.0585805201866, 42.36424789101214], [-71.0585805201866, 42.362589589975386], [-71.05693047833972, 42.362589589975386], [-71.05693047833972, 42.36424789101214], [-71.0585805201866, 42.36424789101214]]]}, "properties": {"cooling_access": 14.492509841918945, "access_class": "Very Low"}}, {"type": "Feature", "geometry": {"type": "Polygon", "coordinates": [[[-71.05693047833972, 42.36424789101214], [-71.05693047833972, 42.362589589975386], [-71.05528043649285, 42.362589589975386], [-71.05528043649285, 42.36424789101214], [-71.05693047833972, 42.36424789101214]]]}, "properties": {"cooling_access": 12.803201675415039, "access_class": "Very Low"}}, {"type": "Feature", "geometry": {"type": "Polygon", "coordinates": [[[-71.05528043649285, 42.36424789101214], [-71.05528043649285, 42.362589589975386], [-71.05363039464598, 42.362589589975386], [-71.05363039464598, 42.36424789101214], [-71.05528043649285, 42.36424789101214]]]}, "properties": {"cooling_access": 11.363733291625977, "access_class": "Very Low"}}, {"type": "Feature", "geometry": {"type": "Polygon", "coordinates": [[[-71.05363039464598, 42.36424789101214], [-71.05363039464598, 42.362589589975386], [-71.05198035279909, 42.362589589975386], [-71.05198035279909, 42.36424789101214], [-71.05363039464598, 42.36424789101214]]]}, "properties": {"cooling_access": 10.246453285217285, "access_class": "Very Low"}}, {"type": "Feature", "geometry": {"type": "Polygon", "coordinates": [[[-71.05198035279909, 42.36424789101214], [-71.05198035279909, 42.362589589975386], [-71.05033031095222, 42.362589589975386], [-71.05033031095222, 42.36424789101214], [-71.05198035279909, 42.36424789101214]]]}, "properties": {"cooling_access": 7.663970947265625, "access_class": "Very Low"}}, {"type": "Feature", "geometry": {"type": "Polygon", "coordinates": [[[-71.05033031095222, 42.36424789101214], [-71.05033031095222, 42.362589589975386], [-71.04868026910535, 42.362589589975386], [-71.04868026910535, 42.36424789101214], [-71.05033031095222, 42.36424789101214]]]}, "properties": {"cooling_access": 5.056249141693115, "access_class": "Very Low"}}, {"type": "Feature", "geometry": {"type": "Polygon", "coordinates": [[[-71.03382989248347, 42.36424789101214], [-71.03382989248347, 42.362589589975386], [-71.03217985063658, 42.362589589975386], [-71.03217985063658, 42.36424789101214], [-71.03382989248347, 42.36424789101214]]]}, "properties": {"cooling_access": 0.32256293296813965, "access_class": "Very Low"}}, {"type": "Feature", "geometry": {"type": "Polygon", "coordinates": [[[-71.02557968324908, 42.36424789101214], [-71.02557968324908, 42.362589589975386], [-71.0239296414022, 42.362589589975386], [-71.0239296414022, 42.36424789101214], [-71.02557968324908, 42.36424789101214]]]}, "properties": {"cooling_access": 3.4003381729125977, "access_class": "Very Low"}}, {"type": "Feature", "geometry": {"type": "Polygon", "coordinates": [[[-71.0239296414022, 42.36424789101214], [-71.0239296414022, 42.362589589975386], [-71.02227959955533, 42.362589589975386], [-71.02227959955533, 42.36424789101214], [-71.0239296414022, 42.36424789101214]]]}, "properties": {"cooling_access": 6.058502674102783, "access_class": "Very Low"}}, {"type": "Feature", "geometry": {"type": "Polygon", "coordinates": [[[-71.02227959955533, 42.36424789101214], [-71.02227959955533, 42.362589589975386], [-71.02062955770846, 42.362589589975386], [-71.02062955770846, 42.36424789101214], [-71.02227959955533, 42.36424789101214]]]}, "properties": {"cooling_access": 7.979878902435303, "access_class": "Very Low"}}, {"type": "Feature", "geometry": {"type": "Polygon", "coordinates": [[[-71.02062955770846, 42.36424789101214], [-71.02062955770846, 42.362589589975386], [-71.01897951586157, 42.362589589975386], [-71.01897951586157, 42.36424789101214], [-71.02062955770846, 42.36424789101214]]]}, "properties": {"cooling_access": 9.560892105102539, "access_class": "Very Low"}}, {"type": "Feature", "geometry": {"type": "Polygon", "coordinates": [[[-71.01897951586157, 42.36424789101214], [-71.01897951586157, 42.362589589975386], [-71.0173294740147, 42.362589589975386], [-71.0173294740147, 42.36424789101214], [-71.01897951586157, 42.36424789101214]]]}, "properties": {"cooling_access": 10.563508987426758, "access_class": "Very Low"}}, {"type": "Feature", "geometry": {"type": "Polygon", "coordinates": [[[-71.0173294740147, 42.36424789101214], [-71.0173294740147, 42.362589589975386], [-71.01567943216783, 42.362589589975386], [-71.01567943216783, 42.36424789101214], [-71.0173294740147, 42.36424789101214]]]}, "properties": {"cooling_access": 12.43386459350586, "access_class": "Very Low"}}, {"type": "Feature", "geometry": {"type": "Polygon", "coordinates": [[[-71.01567943216783, 42.36424789101214], [-71.01567943216783, 42.362589589975386], [-71.01402939032096, 42.362589589975386], [-71.01402939032096, 42.36424789101214], [-71.01567943216783, 42.36424789101214]]]}, "properties": {"cooling_access": 14.409809112548828, "access_class": "Very Low"}}, {"type": "Feature", "geometry": {"type": "Polygon", "coordinates": [[[-71.01402939032096, 42.36424789101214], [-71.01402939032096, 42.362589589975386], [-71.01237934847407, 42.362589589975386], [-71.01237934847407, 42.36424789101214], [-71.01402939032096, 42.36424789101214]]]}, "properties": {"cooling_access": 16.436567306518555, "access_class": "Very Low"}}, {"type": "Feature", "geometry": {"type": "Polygon", "coordinates": [[[-71.01237934847407, 42.36424789101214], [-71.01237934847407, 42.362589589975386], [-71.0107293066272, 42.362589589975386], [-71.0107293066272, 42.36424789101214], [-71.01237934847407, 42.36424789101214]]]}, "properties": {"cooling_access": 18.157230377197266, "access_class": "Very Low"}}, {"type": "Feature", "geometry": {"type": "Polygon", "coordinates": [[[-71.0107293066272, 42.36424789101214], [-71.0107293066272, 42.362589589975386], [-71.00907926478033, 42.362589589975386], [-71.00907926478033, 42.36424789101214], [-71.0107293066272, 42.36424789101214]]]}, "properties": {"cooling_access": 19.880908966064453, "access_class": "Very Low"}}, {"type": "Feature", "geometry": {"type": "Polygon", "coordinates": [[[-71.00907926478033, 42.36424789101214], [-71.00907926478033, 42.362589589975386], [-71.00742922293345, 42.362589589975386], [-71.00742922293345, 42.36424789101214], [-71.00907926478033, 42.36424789101214]]]}, "properties": {"cooling_access": 20.67746353149414, "access_class": "Low"}}, {"type": "Feature", "geometry": {"type": "Polygon", "coordinates": [[[-71.00742922293345, 42.36424789101214], [-71.00742922293345, 42.362589589975386], [-71.00577918108657, 42.362589589975386], [-71.00577918108657, 42.36424789101214], [-71.00742922293345, 42.36424789101214]]]}, "properties": {"cooling_access": 21.4670467376709, "access_class": "Low"}}, {"type": "Feature", "geometry": {"type": "Polygon", "coordinates": [[[-71.00577918108657, 42.36424789101214], [-71.00577918108657, 42.362589589975386], [-71.0041291392397, 42.362589589975386], [-71.0041291392397, 42.36424789101214], [-71.00577918108657, 42.36424789101214]]]}, "properties": {"cooling_access": 22.61362075805664, "access_class": "Low"}}, {"type": "Feature", "geometry": {"type": "Polygon", "coordinates": [[[-71.0041291392397, 42.36424789101214], [-71.0041291392397, 42.362589589975386], [-71.00247909739282, 42.362589589975386], [-71.00247909739282, 42.36424789101214], [-71.0041291392397, 42.36424789101214]]]}, "properties": {"cooling_access": 23.2416934967041, "access_class": "Low"}}, {"type": "Feature", "geometry": {"type": "Polygon", "coordinates": [[[-71.00247909739282, 42.36424789101214], [-71.00247909739282, 42.362589589975386], [-71.00082905554595, 42.362589589975386], [-71.00082905554595, 42.36424789101214], [-71.00247909739282, 42.36424789101214]]]}, "properties": {"cooling_access": 22.910037994384766, "access_class": "Low"}}, {"type": "Feature", "geometry": {"type": "Polygon", "coordinates": [[[-71.07343089680849, 42.362589589975386], [-71.07343089680849, 42.36093128893862], [-71.0717808549616, 42.36093128893862], [-71.0717808549616, 42.362589589975386], [-71.07343089680849, 42.362589589975386]]]}, "properties": {"cooling_access": 19.927934646606445, "access_class": "Very Low"}}, {"type": "Feature", "geometry": {"type": "Polygon", "coordinates": [[[-71.0717808549616, 42.362589589975386], [-71.0717808549616, 42.36093128893862], [-71.07013081311473, 42.36093128893862], [-71.07013081311473, 42.362589589975386], [-71.0717808549616, 42.362589589975386]]]}, "properties": {"cooling_access": 21.219697952270508, "access_class": "Low"}}, {"type": "Feature", "geometry": {"type": "Polygon", "coordinates": [[[-71.07013081311473, 42.362589589975386], [-71.07013081311473, 42.36093128893862], [-71.06848077126786, 42.36093128893862], [-71.06848077126786, 42.362589589975386], [-71.07013081311473, 42.362589589975386]]]}, "properties": {"cooling_access": 21.533056259155273, "access_class": "Low"}}, {"type": "Feature", "geometry": {"type": "Polygon", "coordinates": [[[-71.06848077126786, 42.362589589975386], [-71.06848077126786, 42.36093128893862], [-71.06683072942099, 42.36093128893862], [-71.06683072942099, 42.362589589975386], [-71.06848077126786, 42.362589589975386]]]}, "properties": {"cooling_access": 20.846851348876953, "access_class": "Low"}}, {"type": "Feature", "geometry": {"type": "Polygon", "coordinates": [[[-71.06683072942099, 42.362589589975386], [-71.06683072942099, 42.36093128893862], [-71.0651806875741, 42.36093128893862], [-71.0651806875741, 42.362589589975386], [-71.06683072942099, 42.362589589975386]]]}, "properties": {"cooling_access": 19.891401290893555, "access_class": "Very Low"}}, {"type": "Feature", "geometry": {"type": "Polygon", "coordinates": [[[-71.0651806875741, 42.362589589975386], [-71.0651806875741, 42.36093128893862], [-71.06353064572723, 42.36093128893862], [-71.06353064572723, 42.362589589975386], [-71.0651806875741, 42.362589589975386]]]}, "properties": {"cooling_access": 19.036113739013672, "access_class": "Very Low"}}, {"type": "Feature", "geometry": {"type": "Polygon", "coordinates": [[[-71.06353064572723, 42.362589589975386], [-71.06353064572723, 42.36093128893862], [-71.06188060388035, 42.36093128893862], [-71.06188060388035, 42.362589589975386], [-71.06353064572723, 42.362589589975386]]]}, "properties": {"cooling_access": 18.718908309936523, "access_class": "Very Low"}}, {"type": "Feature", "geometry": {"type": "Polygon", "coordinates": [[[-71.06188060388035, 42.362589589975386], [-71.06188060388035, 42.36093128893862], [-71.06023056203348, 42.36093128893862], [-71.06023056203348, 42.362589589975386], [-71.06188060388035, 42.362589589975386]]]}, "properties": {"cooling_access": 18.12195587158203, "access_class": "Very Low"}}, {"type": "Feature", "geometry": {"type": "Polygon", "coordinates": [[[-71.06023056203348, 42.362589589975386], [-71.06023056203348, 42.36093128893862], [-71.0585805201866, 42.36093128893862], [-71.0585805201866, 42.362589589975386], [-71.06023056203348, 42.362589589975386]]]}, "properties": {"cooling_access": 17.433073043823242, "access_class": "Very Low"}}, {"type": "Feature", "geometry": {"type": "Polygon", "coordinates": [[[-71.0585805201866, 42.362589589975386], [-71.0585805201866, 42.36093128893862], [-71.05693047833972, 42.36093128893862], [-71.05693047833972, 42.362589589975386], [-71.0585805201866, 42.362589589975386]]]}, "properties": {"cooling_access": 15.792412757873535, "access_class": "Very Low"}}, {"type": "Feature", "geometry": {"type": "Polygon", "coordinates": [[[-71.05693047833972, 42.362589589975386], [-71.05693047833972, 42.36093128893862], [-71.05528043649285, 42.36093128893862], [-71.05528043649285, 42.362589589975386], [-71.05693047833972, 42.362589589975386]]]}, "properties": {"cooling_access": 14.324830055236816, "access_class": "Very Low"}}, {"type": "Feature", "geometry": {"type": "Polygon", "coordinates": [[[-71.05528043649285, 42.362589589975386], [-71.05528043649285, 42.36093128893862], [-71.05363039464598, 42.36093128893862], [-71.05363039464598, 42.362589589975386], [-71.05528043649285, 42.362589589975386]]]}, "properties": {"cooling_access": 13.29043960571289, "access_class": "Very Low"}}, {"type": "Feature", "geometry": {"type": "Polygon", "coordinates": [[[-71.05363039464598, 42.362589589975386], [-71.05363039464598, 42.36093128893862], [-71.05198035279909, 42.36093128893862], [-71.05198035279909, 42.362589589975386], [-71.05363039464598, 42.362589589975386]]]}, "properties": {"cooling_access": 11.207795143127441, "access_class": "Very Low"}}, {"type": "Feature", "geometry": {"type": "Polygon", "coordinates": [[[-71.05198035279909, 42.362589589975386], [-71.05198035279909, 42.36093128893862], [-71.05033031095222, 42.36093128893862], [-71.05033031095222, 42.362589589975386], [-71.05198035279909, 42.362589589975386]]]}, "properties": {"cooling_access": 9.85544204711914, "access_class": "Very Low"}}, {"type": "Feature", "geometry": {"type": "Polygon", "coordinates": [[[-71.05033031095222, 42.362589589975386], [-71.05033031095222, 42.36093128893862], [-71.04868026910535, 42.36093128893862], [-71.04868026910535, 42.362589589975386], [-71.05033031095222, 42.362589589975386]]]}, "properties": {"cooling_access": 7.63075065612793, "access_class": "Very Low"}}, {"type": "Feature", "geometry": {"type": "Polygon", "coordinates": [[[-71.02722972509596, 42.362589589975386], [-71.02722972509596, 42.36093128893862], [-71.02557968324908, 42.36093128893862], [-71.02557968324908, 42.362589589975386], [-71.02722972509596, 42.362589589975386]]]}, "properties": {"cooling_access": 0.7026247382164001, "access_class": "Very Low"}}, {"type": "Feature", "geometry": {"type": "Polygon", "coordinates": [[[-71.02557968324908, 42.362589589975386], [-71.02557968324908, 42.36093128893862], [-71.0239296414022, 42.36093128893862], [-71.0239296414022, 42.362589589975386], [-71.02557968324908, 42.362589589975386]]]}, "properties": {"cooling_access": 4.4391069412231445, "access_class": "Very Low"}}, {"type": "Feature", "geometry": {"type": "Polygon", "coordinates": [[[-71.0239296414022, 42.362589589975386], [-71.0239296414022, 42.36093128893862], [-71.02227959955533, 42.36093128893862], [-71.02227959955533, 42.362589589975386], [-71.0239296414022, 42.362589589975386]]]}, "properties": {"cooling_access": 7.102741241455078, "access_class": "Very Low"}}, {"type": "Feature", "geometry": {"type": "Polygon", "coordinates": [[[-71.02227959955533, 42.362589589975386], [-71.02227959955533, 42.36093128893862], [-71.02062955770846, 42.36093128893862], [-71.02062955770846, 42.362589589975386], [-71.02227959955533, 42.362589589975386]]]}, "properties": {"cooling_access": 9.15333080291748, "access_class": "Very Low"}}, {"type": "Feature", "geometry": {"type": "Polygon", "coordinates": [[[-71.02062955770846, 42.362589589975386], [-71.02062955770846, 42.36093128893862], [-71.01897951586157, 42.36093128893862], [-71.01897951586157, 42.362589589975386], [-71.02062955770846, 42.362589589975386]]]}, "properties": {"cooling_access": 10.855100631713867, "access_class": "Very Low"}}, {"type": "Feature", "geometry": {"type": "Polygon", "coordinates": [[[-71.01897951586157, 42.362589589975386], [-71.01897951586157, 42.36093128893862], [-71.0173294740147, 42.36093128893862], [-71.0173294740147, 42.362589589975386], [-71.01897951586157, 42.362589589975386]]]}, "properties": {"cooling_access": 12.407411575317383, "access_class": "Very Low"}}, {"type": "Feature", "geometry": {"type": "Polygon", "coordinates": [[[-71.0173294740147, 42.362589589975386], [-71.0173294740147, 42.36093128893862], [-71.01567943216783, 42.36093128893862], [-71.01567943216783, 42.362589589975386], [-71.0173294740147, 42.362589589975386]]]}, "properties": {"cooling_access": 13.411624908447266, "access_class": "Very Low"}}, {"type": "Feature", "geometry": {"type": "Polygon", "coordinates": [[[-71.01567943216783, 42.362589589975386], [-71.01567943216783, 42.36093128893862], [-71.01402939032096, 42.36093128893862], [-71.01402939032096, 42.362589589975386], [-71.01567943216783, 42.362589589975386]]]}, "properties": {"cooling_access": 15.226964950561523, "access_class": "Very Low"}}, {"type": "Feature", "geometry": {"type": "Polygon", "coordinates": [[[-71.01402939032096, 42.362589589975386], [-71.01402939032096, 42.36093128893862], [-71.01237934847407, 42.36093128893862], [-71.01237934847407, 42.362589589975386], [-71.01402939032096, 42.362589589975386]]]}, "properties": {"cooling_access": 17.237987518310547, "access_class": "Very Low"}}, {"type": "Feature", "geometry": {"type": "Polygon", "coordinates": [[[-71.01237934847407, 42.362589589975386], [-71.01237934847407, 42.36093128893862], [-71.0107293066272, 42.36093128893862], [-71.0107293066272, 42.362589589975386], [-71.01237934847407, 42.362589589975386]]]}, "properties": {"cooling_access": 19.133760452270508, "access_class": "Very Low"}}, {"type": "Feature", "geometry": {"type": "Polygon", "coordinates": [[[-71.0107293066272, 42.362589589975386], [-71.0107293066272, 42.36093128893862], [-71.00907926478033, 42.36093128893862], [-71.00907926478033, 42.362589589975386], [-71.0107293066272, 42.362589589975386]]]}, "properties": {"cooling_access": 20.770282745361328, "access_class": "Low"}}, {"type": "Feature", "geometry": {"type": "Polygon", "coordinates": [[[-71.00907926478033, 42.362589589975386], [-71.00907926478033, 42.36093128893862], [-71.00742922293345, 42.36093128893862], [-71.00742922293345, 42.362589589975386], [-71.00907926478033, 42.362589589975386]]]}, "properties": {"cooling_access": 22.4121036529541, "access_class": "Low"}}, {"type": "Feature", "geometry": {"type": "Polygon", "coordinates": [[[-71.00742922293345, 42.362589589975386], [-71.00742922293345, 42.36093128893862], [-71.00577918108657, 42.36093128893862], [-71.00577918108657, 42.362589589975386], [-71.00742922293345, 42.362589589975386]]]}, "properties": {"cooling_access": 23.32861328125, "access_class": "Low"}}, {"type": "Feature", "geometry": {"type": "Polygon", "coordinates": [[[-71.00577918108657, 42.362589589975386], [-71.00577918108657, 42.36093128893862], [-71.0041291392397, 42.36093128893862], [-71.0041291392397, 42.362589589975386], [-71.00577918108657, 42.362589589975386]]]}, "properties": {"cooling_access": 24.07309341430664, "access_class": "Low"}}, {"type": "Feature", "geometry": {"type": "Polygon", "coordinates": [[[-71.0041291392397, 42.362589589975386], [-71.0041291392397, 42.36093128893862], [-71.00247909739282, 42.36093128893862], [-71.00247909739282, 42.362589589975386], [-71.0041291392397, 42.362589589975386]]]}, "properties": {"cooling_access": 25.214920043945312, "access_class": "Low"}}, {"type": "Feature", "geometry": {"type": "Polygon", "coordinates": [[[-71.00247909739282, 42.362589589975386], [-71.00247909739282, 42.36093128893862], [-71.00082905554595, 42.36093128893862], [-71.00082905554595, 42.362589589975386], [-71.00247909739282, 42.362589589975386]]]}, "properties": {"cooling_access": 25.680505752563477, "access_class": "Low"}}, {"type": "Feature", "geometry": {"type": "Polygon", "coordinates": [[[-71.00082905554595, 42.362589589975386], [-71.00082905554595, 42.36093128893862], [-70.99917901369906, 42.36093128893862], [-70.99917901369906, 42.362589589975386], [-71.00082905554595, 42.362589589975386]]]}, "properties": {"cooling_access": 25.914154052734375, "access_class": "Low"}}, {"type": "Feature", "geometry": {"type": "Polygon", "coordinates": [[[-70.98927876261781, 42.362589589975386], [-70.98927876261781, 42.36093128893862], [-70.98762872077094, 42.36093128893862], [-70.98762872077094, 42.362589589975386], [-70.98927876261781, 42.362589589975386]]]}, "properties": {"cooling_access": 32.05390548706055, "access_class": "Low"}}, {"type": "Feature", "geometry": {"type": "Polygon", "coordinates": [[[-71.07343089680849, 42.36093128893862], [-71.07343089680849, 42.35927298790187], [-71.0717808549616, 42.35927298790187], [-71.0717808549616, 42.36093128893862], [-71.07343089680849, 42.36093128893862]]]}, "properties": {"cooling_access": 23.059459686279297, "access_class": "Low"}}, {"type": "Feature", "geometry": {"type": "Polygon", "coordinates": [[[-71.0717808549616, 42.36093128893862], [-71.0717808549616, 42.35927298790187], [-71.07013081311473, 42.35927298790187], [-71.07013081311473, 42.36093128893862], [-71.0717808549616, 42.36093128893862]]]}, "properties": {"cooling_access": 24.08461570739746, "access_class": "Low"}}, {"type": "Feature", "geometry": {"type": "Polygon", "coordinates": [[[-71.07013081311473, 42.36093128893862], [-71.07013081311473, 42.35927298790187], [-71.06848077126786, 42.35927298790187], [-71.06848077126786, 42.36093128893862], [-71.07013081311473, 42.36093128893862]]]}, "properties": {"cooling_access": 23.684749603271484, "access_class": "Low"}}, {"type": "Feature", "geometry": {"type": "Polygon", "coordinates": [[[-71.06848077126786, 42.36093128893862], [-71.06848077126786, 42.35927298790187], [-71.06683072942099, 42.35927298790187], [-71.06683072942099, 42.36093128893862], [-71.06848077126786, 42.36093128893862]]]}, "properties": {"cooling_access": 22.93540382385254, "access_class": "Low"}}, {"type": "Feature", "geometry": {"type": "Polygon", "coordinates": [[[-71.06683072942099, 42.36093128893862], [-71.06683072942099, 42.35927298790187], [-71.0651806875741, 42.35927298790187], [-71.0651806875741, 42.36093128893862], [-71.06683072942099, 42.36093128893862]]]}, "properties": {"cooling_access": 22.087278366088867, "access_class": "Low"}}, {"type": "Feature", "geometry": {"type": "Polygon", "coordinates": [[[-71.0651806875741, 42.36093128893862], [-71.0651806875741, 42.35927298790187], [-71.06353064572723, 42.35927298790187], [-71.06353064572723, 42.36093128893862], [-71.0651806875741, 42.36093128893862]]]}, "properties": {"cooling_access": 21.169097900390625, "access_class": "Low"}}, {"type": "Feature", "geometry": {"type": "Polygon", "coordinates": [[[-71.06353064572723, 42.36093128893862], [-71.06353064572723, 42.35927298790187], [-71.06188060388035, 42.35927298790187], [-71.06188060388035, 42.36093128893862], [-71.06353064572723, 42.36093128893862]]]}, "properties": {"cooling_access": 20.849809646606445, "access_class": "Low"}}, {"type": "Feature", "geometry": {"type": "Polygon", "coordinates": [[[-71.06188060388035, 42.36093128893862], [-71.06188060388035, 42.35927298790187], [-71.06023056203348, 42.35927298790187], [-71.06023056203348, 42.36093128893862], [-71.06188060388035, 42.36093128893862]]]}, "properties": {"cooling_access": 20.155569076538086, "access_class": "Low"}}, {"type": "Feature", "geometry": {"type": "Polygon", "coordinates": [[[-71.06023056203348, 42.36093128893862], [-71.06023056203348, 42.35927298790187], [-71.0585805201866, 42.35927298790187], [-71.0585805201866, 42.36093128893862], [-71.06023056203348, 42.36093128893862]]]}, "properties": {"cooling_access": 18.672910690307617, "access_class": "Very Low"}}, {"type": "Feature", "geometry": {"type": "Polygon", "coordinates": [[[-71.0585805201866, 42.36093128893862], [-71.0585805201866, 42.35927298790187], [-71.05693047833972, 42.35927298790187], [-71.05693047833972, 42.36093128893862], [-71.0585805201866, 42.36093128893862]]]}, "properties": {"cooling_access": 17.33992576599121, "access_class": "Very Low"}}, {"type": "Feature", "geometry": {"type": "Polygon", "coordinates": [[[-71.05693047833972, 42.36093128893862], [-71.05693047833972, 42.35927298790187], [-71.05528043649285, 42.35927298790187], [-71.05528043649285, 42.36093128893862], [-71.05693047833972, 42.36093128893862]]]}, "properties": {"cooling_access": 16.302492141723633, "access_class": "Very Low"}}, {"type": "Feature", "geometry": {"type": "Polygon", "coordinates": [[[-71.05528043649285, 42.36093128893862], [-71.05528043649285, 42.35927298790187], [-71.05363039464598, 42.35927298790187], [-71.05363039464598, 42.36093128893862], [-71.05528043649285, 42.36093128893862]]]}, "properties": {"cooling_access": 14.324858665466309, "access_class": "Very Low"}}, {"type": "Feature", "geometry": {"type": "Polygon", "coordinates": [[[-71.05363039464598, 42.36093128893862], [-71.05363039464598, 42.35927298790187], [-71.05198035279909, 42.35927298790187], [-71.05198035279909, 42.36093128893862], [-71.05363039464598, 42.36093128893862]]]}, "properties": {"cooling_access": 13.346108436584473, "access_class": "Very Low"}}, {"type": "Feature", "geometry": {"type": "Polygon", "coordinates": [[[-71.05198035279909, 42.36093128893862], [-71.05198035279909, 42.35927298790187], [-71.05033031095222, 42.35927298790187], [-71.05033031095222, 42.36093128893862], [-71.05198035279909, 42.36093128893862]]]}, "properties": {"cooling_access": 11.835428237915039, "access_class": "Very Low"}}, {"type": "Feature", "geometry": {"type": "Polygon", "coordinates": [[[-71.05033031095222, 42.36093128893862], [-71.05033031095222, 42.35927298790187], [-71.04868026910535, 42.35927298790187], [-71.04868026910535, 42.36093128893862], [-71.05033031095222, 42.36093128893862]]]}, "properties": {"cooling_access": 8.821948051452637, "access_class": "Very Low"}}, {"type": "Feature", "geometry": {"type": "Polygon", "coordinates": [[[-71.04868026910535, 42.36093128893862], [-71.04868026910535, 42.35927298790187], [-71.04703022725847, 42.35927298790187], [-71.04703022725847, 42.36093128893862], [-71.04868026910535, 42.36093128893862]]]}, "properties": {"cooling_access": 7.349640846252441, "access_class": "Very Low"}}, {"type": "Feature", "geometry": {"type": "Polygon", "coordinates": [[[-71.02722972509596, 42.36093128893862], [-71.02722972509596, 42.35927298790187], [-71.02557968324908, 42.35927298790187], [-71.02557968324908, 42.36093128893862], [-71.02722972509596, 42.36093128893862]]]}, "properties": {"cooling_access": 2.1758086681365967, "access_class": "Very Low"}}, {"type": "Feature", "geometry": {"type": "Polygon", "coordinates": [[[-71.02557968324908, 42.36093128893862], [-71.02557968324908, 42.35927298790187], [-71.0239296414022, 42.35927298790187], [-71.0239296414022, 42.36093128893862], [-71.02557968324908, 42.36093128893862]]]}, "properties": {"cooling_access": 5.771157741546631, "access_class": "Very Low"}}, {"type": "Feature", "geometry": {"type": "Polygon", "coordinates": [[[-71.0239296414022, 42.36093128893862], [-71.0239296414022, 42.35927298790187], [-71.02227959955533, 42.35927298790187], [-71.02227959955533, 42.36093128893862], [-71.0239296414022, 42.36093128893862]]]}, "properties": {"cooling_access": 8.139261245727539, "access_class": "Very Low"}}, {"type": "Feature", "geometry": {"type": "Polygon", "coordinates": [[[-71.02227959955533, 42.36093128893862], [-71.02227959955533, 42.35927298790187], [-71.02062955770846, 42.35927298790187], [-71.02062955770846, 42.36093128893862], [-71.02227959955533, 42.36093128893862]]]}, "properties": {"cooling_access": 10.007451057434082, "access_class": "Very Low"}}, {"type": "Feature", "geometry": {"type": "Polygon", "coordinates": [[[-71.02062955770846, 42.36093128893862], [-71.02062955770846, 42.35927298790187], [-71.01897951586157, 42.35927298790187], [-71.01897951586157, 42.36093128893862], [-71.02062955770846, 42.36093128893862]]]}, "properties": {"cooling_access": 11.920183181762695, "access_class": "Very Low"}}, {"type": "Feature", "geometry": {"type": "Polygon", "coordinates": [[[-71.01897951586157, 42.36093128893862], [-71.01897951586157, 42.35927298790187], [-71.0173294740147, 42.35927298790187], [-71.0173294740147, 42.36093128893862], [-71.01897951586157, 42.36093128893862]]]}, "properties": {"cooling_access": 13.55232048034668, "access_class": "Very Low"}}, {"type": "Feature", "geometry": {"type": "Polygon", "coordinates": [[[-71.0173294740147, 42.36093128893862], [-71.0173294740147, 42.35927298790187], [-71.01567943216783, 42.35927298790187], [-71.01567943216783, 42.36093128893862], [-71.0173294740147, 42.36093128893862]]]}, "properties": {"cooling_access": 15.104023933410645, "access_class": "Very Low"}}, {"type": "Feature", "geometry": {"type": "Polygon", "coordinates": [[[-71.01567943216783, 42.36093128893862], [-71.01567943216783, 42.35927298790187], [-71.01402939032096, 42.35927298790187], [-71.01402939032096, 42.36093128893862], [-71.01567943216783, 42.36093128893862]]]}, "properties": {"cooling_access": 16.1307315826416, "access_class": "Very Low"}}, {"type": "Feature", "geometry": {"type": "Polygon", "coordinates": [[[-71.01402939032096, 42.36093128893862], [-71.01402939032096, 42.35927298790187], [-71.01237934847407, 42.35927298790187], [-71.01237934847407, 42.36093128893862], [-71.01402939032096, 42.36093128893862]]]}, "properties": {"cooling_access": 17.964263916015625, "access_class": "Very Low"}}, {"type": "Feature", "geometry": {"type": "Polygon", "coordinates": [[[-71.01237934847407, 42.36093128893862], [-71.01237934847407, 42.35927298790187], [-71.0107293066272, 42.35927298790187], [-71.0107293066272, 42.36093128893862], [-71.01237934847407, 42.36093128893862]]]}, "properties": {"cooling_access": 19.83723258972168, "access_class": "Very Low"}}, {"type": "Feature", "geometry": {"type": "Polygon", "coordinates": [[[-71.0107293066272, 42.36093128893862], [-71.0107293066272, 42.35927298790187], [-71.00907926478033, 42.35927298790187], [-71.00907926478033, 42.36093128893862], [-71.0107293066272, 42.36093128893862]]]}, "properties": {"cooling_access": 21.67078399658203, "access_class": "Low"}}, {"type": "Feature", "geometry": {"type": "Polygon", "coordinates": [[[-71.00907926478033, 42.36093128893862], [-71.00907926478033, 42.35927298790187], [-71.00742922293345, 42.35927298790187], [-71.00742922293345, 42.36093128893862], [-71.00907926478033, 42.36093128893862]]]}, "properties": {"cooling_access": 23.423999786376953, "access_class": "Low"}}, {"type": "Feature", "geometry": {"type": "Polygon", "coordinates": [[[-71.00742922293345, 42.36093128893862], [-71.00742922293345, 42.35927298790187], [-71.00577918108657, 42.35927298790187], [-71.00577918108657, 42.36093128893862], [-71.00742922293345, 42.36093128893862]]]}, "properties": {"cooling_access": 25.03310775756836, "access_class": "Low"}}, {"type": "Feature", "geometry": {"type": "Polygon", "coordinates": [[[-71.00577918108657, 42.36093128893862], [-71.00577918108657, 42.35927298790187], [-71.0041291392397, 42.35927298790187], [-71.0041291392397, 42.36093128893862], [-71.00577918108657, 42.36093128893862]]]}, "properties": {"cooling_access": 25.906843185424805, "access_class": "Low"}}, {"type": "Feature", "geometry": {"type": "Polygon", "coordinates": [[[-71.0041291392397, 42.36093128893862], [-71.0041291392397, 42.35927298790187], [-71.00247909739282, 42.35927298790187], [-71.00247909739282, 42.36093128893862], [-71.0041291392397, 42.36093128893862]]]}, "properties": {"cooling_access": 26.52988052368164, "access_class": "Low"}}, {"type": "Feature", "geometry": {"type": "Polygon", "coordinates": [[[-71.00247909739282, 42.36093128893862], [-71.00247909739282, 42.35927298790187], [-71.00082905554595, 42.35927298790187], [-71.00082905554595, 42.36093128893862], [-71.00247909739282, 42.36093128893862]]]}, "properties": {"cooling_access": 27.768627166748047, "access_class": "Low"}}, {"type": "Feature", "geometry": {"type": "Polygon", "coordinates": [[[-71.00082905554595, 42.36093128893862], [-71.00082905554595, 42.35927298790187], [-70.99917901369906, 42.35927298790187], [-70.99917901369906, 42.36093128893862], [-71.00082905554595, 42.36093128893862]]]}, "properties": {"cooling_access": 28.593158721923828, "access_class": "Low"}}, {"type": "Feature", "geometry": {"type": "Polygon", "coordinates": [[[-70.99917901369906, 42.36093128893862], [-70.99917901369906, 42.35927298790187], [-70.99752897185219, 42.35927298790187], [-70.99752897185219, 42.36093128893862], [-70.99917901369906, 42.36093128893862]]]}, "properties": {"cooling_access": 29.695341110229492, "access_class": "Low"}}, {"type": "Feature", "geometry": {"type": "Polygon", "coordinates": [[[-70.99752897185219, 42.36093128893862], [-70.99752897185219, 42.35927298790187], [-70.99587893000532, 42.35927298790187], [-70.99587893000532, 42.36093128893862], [-70.99752897185219, 42.36093128893862]]]}, "properties": {"cooling_access": 31.482044219970703, "access_class": "Low"}}, {"type": "Feature", "geometry": {"type": "Polygon", "coordinates": [[[-70.99587893000532, 42.36093128893862], [-70.99587893000532, 42.35927298790187], [-70.99422888815845, 42.35927298790187], [-70.99422888815845, 42.36093128893862], [-70.99587893000532, 42.36093128893862]]]}, "properties": {"cooling_access": 32.81898880004883, "access_class": "Low"}}, {"type": "Feature", "geometry": {"type": "Polygon", "coordinates": [[[-70.99422888815845, 42.36093128893862], [-70.99422888815845, 42.35927298790187], [-70.99257884631156, 42.35927298790187], [-70.99257884631156, 42.36093128893862], [-70.99422888815845, 42.36093128893862]]]}, "properties": {"cooling_access": 33.81682205200195, "access_class": "Low"}}, {"type": "Feature", "geometry": {"type": "Polygon", "coordinates": [[[-70.99257884631156, 42.36093128893862], [-70.99257884631156, 42.35927298790187], [-70.99092880446469, 42.35927298790187], [-70.99092880446469, 42.36093128893862], [-70.99257884631156, 42.36093128893862]]]}, "properties": {"cooling_access": 34.493675231933594, "access_class": "Low"}}, {"type": "Feature", "geometry": {"type": "Polygon", "coordinates": [[[-71.07343089680849, 42.35927298790187], [-71.07343089680849, 42.35761468686511], [-71.0717808549616, 42.35761468686511], [-71.0717808549616, 42.35927298790187], [-71.07343089680849, 42.35927298790187]]]}, "properties": {"cooling_access": 26.687959671020508, "access_class": "Low"}}, {"type": "Feature", "geometry": {"type": "Polygon", "coordinates": [[[-71.0717808549616, 42.35927298790187], [-71.0717808549616, 42.35761468686511], [-71.07013081311473, 42.35761468686511], [-71.07013081311473, 42.35927298790187], [-71.0717808549616, 42.35927298790187]]]}, "properties": {"cooling_access": 26.47711944580078, "access_class": "Low"}}, {"type": "Feature", "geometry": {"type": "Polygon", "coordinates": [[[-71.07013081311473, 42.35927298790187], [-71.07013081311473, 42.35761468686511], [-71.06848077126786, 42.35761468686511], [-71.06848077126786, 42.35927298790187], [-71.07013081311473, 42.35927298790187]]]}, "properties": {"cooling_access": 25.365659713745117, "access_class": "Low"}}, {"type": "Feature", "geometry": {"type": "Polygon", "coordinates": [[[-71.06848077126786, 42.35927298790187], [-71.06848077126786, 42.35761468686511], [-71.06683072942099, 42.35761468686511], [-71.06683072942099, 42.35927298790187], [-71.06848077126786, 42.35927298790187]]]}, "properties": {"cooling_access": 25.111385345458984, "access_class": "Low"}}, {"type": "Feature", "geometry": {"type": "Polygon", "coordinates": [[[-71.06683072942099, 42.35927298790187], [-71.06683072942099, 42.35761468686511], [-71.0651806875741, 42.35761468686511], [-71.0651806875741, 42.35927298790187], [-71.06683072942099, 42.35927298790187]]]}, "properties": {"cooling_access": 24.304399490356445, "access_class": "Low"}}, {"type": "Feature", "geometry": {"type": "Polygon", "coordinates": [[[-71.0651806875741, 42.35927298790187], [-71.0651806875741, 42.35761468686511], [-71.06353064572723, 42.35761468686511], [-71.06353064572723, 42.35927298790187], [-71.0651806875741, 42.35927298790187]]]}, "properties": {"cooling_access": 23.610977172851562, "access_class": "Low"}}, {"type": "Feature", "geometry": {"type": "Polygon", "coordinates": [[[-71.06353064572723, 42.35927298790187], [-71.06353064572723, 42.35761468686511], [-71.06188060388035, 42.35761468686511], [-71.06188060388035, 42.35927298790187], [-71.06353064572723, 42.35927298790187]]]}, "properties": {"cooling_access": 23.025236129760742, "access_class": "Low"}}, {"type": "Feature", "geometry": {"type": "Polygon", "coordinates": [[[-71.06188060388035, 42.35927298790187], [-71.06188060388035, 42.35761468686511], [-71.06023056203348, 42.35761468686511], [-71.06023056203348, 42.35927298790187], [-71.06188060388035, 42.35927298790187]]]}, "properties": {"cooling_access": 21.356481552124023, "access_class": "Low"}}, {"type": "Feature", "geometry": {"type": "Polygon", "coordinates": [[[-71.06023056203348, 42.35927298790187], [-71.06023056203348, 42.35761468686511], [-71.0585805201866, 42.35761468686511], [-71.0585805201866, 42.35927298790187], [-71.06023056203348, 42.35927298790187]]]}, "properties": {"cooling_access": 20.31355094909668, "access_class": "Low"}}, {"type": "Feature", "geometry": {"type": "Polygon", "coordinates": [[[-71.0585805201866, 42.35927298790187], [-71.0585805201866, 42.35761468686511], [-71.05693047833972, 42.35761468686511], [-71.05693047833972, 42.35927298790187], [-71.0585805201866, 42.35927298790187]]]}, "properties": {"cooling_access": 19.370763778686523, "access_class": "Very Low"}}, {"type": "Feature", "geometry": {"type": "Polygon", "coordinates": [[[-71.05693047833972, 42.35927298790187], [-71.05693047833972, 42.35761468686511], [-71.05528043649285, 42.35761468686511], [-71.05528043649285, 42.35927298790187], [-71.05693047833972, 42.35927298790187]]]}, "properties": {"cooling_access": 17.27965545654297, "access_class": "Very Low"}}, {"type": "Feature", "geometry": {"type": "Polygon", "coordinates": [[[-71.05528043649285, 42.35927298790187], [-71.05528043649285, 42.35761468686511], [-71.05363039464598, 42.35761468686511], [-71.05363039464598, 42.35927298790187], [-71.05528043649285, 42.35927298790187]]]}, "properties": {"cooling_access": 16.48709487915039, "access_class": "Very Low"}}, {"type": "Feature", "geometry": {"type": "Polygon", "coordinates": [[[-71.05363039464598, 42.35927298790187], [-71.05363039464598, 42.35761468686511], [-71.05198035279909, 42.35761468686511], [-71.05198035279909, 42.35927298790187], [-71.05363039464598, 42.35927298790187]]]}, "properties": {"cooling_access": 15.395885467529297, "access_class": "Very Low"}}, {"type": "Feature", "geometry": {"type": "Polygon", "coordinates": [[[-71.05198035279909, 42.35927298790187], [-71.05198035279909, 42.35761468686511], [-71.05033031095222, 42.35761468686511], [-71.05033031095222, 42.35927298790187], [-71.05198035279909, 42.35927298790187]]]}, "properties": {"cooling_access": 13.242544174194336, "access_class": "Very Low"}}, {"type": "Feature", "geometry": {"type": "Polygon", "coordinates": [[[-71.02722972509596, 42.35927298790187], [-71.02722972509596, 42.35761468686511], [-71.02557968324908, 42.35761468686511], [-71.02557968324908, 42.35927298790187], [-71.02722972509596, 42.35927298790187]]]}, "properties": {"cooling_access": 2.6393091678619385, "access_class": "Very Low"}}, {"type": "Feature", "geometry": {"type": "Polygon", "coordinates": [[[-71.02557968324908, 42.35927298790187], [-71.02557968324908, 42.35761468686511], [-71.0239296414022, 42.35761468686511], [-71.0239296414022, 42.35927298790187], [-71.02557968324908, 42.35927298790187]]]}, "properties": {"cooling_access": 6.17275333404541, "access_class": "Very Low"}}, {"type": "Feature", "geometry": {"type": "Polygon", "coordinates": [[[-71.0239296414022, 42.35927298790187], [-71.0239296414022, 42.35761468686511], [-71.02227959955533, 42.35761468686511], [-71.02227959955533, 42.35927298790187], [-71.0239296414022, 42.35927298790187]]]}, "properties": {"cooling_access": 8.790650367736816, "access_class": "Very Low"}}, {"type": "Feature", "geometry": {"type": "Polygon", "coordinates": [[[-71.02227959955533, 42.35927298790187], [-71.02227959955533, 42.35761468686511], [-71.02062955770846, 42.35761468686511], [-71.02062955770846, 42.35927298790187], [-71.02227959955533, 42.35927298790187]]]}, "properties": {"cooling_access": 10.835658073425293, "access_class": "Very Low"}}, {"type": "Feature", "geometry": {"type": "Polygon", "coordinates": [[[-71.02062955770846, 42.35927298790187], [-71.02062955770846, 42.35761468686511], [-71.01897951586157, 42.35761468686511], [-71.01897951586157, 42.35927298790187], [-71.02062955770846, 42.35927298790187]]]}, "properties": {"cooling_access": 12.69790267944336, "access_class": "Very Low"}}, {"type": "Feature", "geometry": {"type": "Polygon", "coordinates": [[[-71.01897951586157, 42.35927298790187], [-71.01897951586157, 42.35761468686511], [-71.0173294740147, 42.35761468686511], [-71.0173294740147, 42.35927298790187], [-71.01897951586157, 42.35927298790187]]]}, "properties": {"cooling_access": 14.553509712219238, "access_class": "Very Low"}}, {"type": "Feature", "geometry": {"type": "Polygon", "coordinates": [[[-71.0173294740147, 42.35927298790187], [-71.0173294740147, 42.35761468686511], [-71.01567943216783, 42.35761468686511], [-71.01567943216783, 42.35927298790187], [-71.0173294740147, 42.35927298790187]]]}, "properties": {"cooling_access": 16.219696044921875, "access_class": "Very Low"}}, {"type": "Feature", "geometry": {"type": "Polygon", "coordinates": [[[-71.01567943216783, 42.35927298790187], [-71.01567943216783, 42.35761468686511], [-71.01402939032096, 42.35761468686511], [-71.01402939032096, 42.35927298790187], [-71.01567943216783, 42.35927298790187]]]}, "properties": {"cooling_access": 17.81044578552246, "access_class": "Very Low"}}, {"type": "Feature", "geometry": {"type": "Polygon", "coordinates": [[[-71.01402939032096, 42.35927298790187], [-71.01402939032096, 42.35761468686511], [-71.01237934847407, 42.35761468686511], [-71.01237934847407, 42.35927298790187], [-71.01402939032096, 42.35927298790187]]]}, "properties": {"cooling_access": 18.846256256103516, "access_class": "Very Low"}}, {"type": "Feature", "geometry": {"type": "Polygon", "coordinates": [[[-71.01237934847407, 42.35927298790187], [-71.01237934847407, 42.35761468686511], [-71.0107293066272, 42.35761468686511], [-71.0107293066272, 42.35927298790187], [-71.01237934847407, 42.35927298790187]]]}, "properties": {"cooling_access": 20.495922088623047, "access_class": "Low"}}, {"type": "Feature", "geometry": {"type": "Polygon", "coordinates": [[[-71.0107293066272, 42.35927298790187], [-71.0107293066272, 42.35761468686511], [-71.00907926478033, 42.35761468686511], [-71.00907926478033, 42.35927298790187], [-71.0107293066272, 42.35927298790187]]]}, "properties": {"cooling_access": 22.375961303710938, "access_class": "Low"}}, {"type": "Feature", "geometry": {"type": "Polygon", "coordinates": [[[-71.00907926478033, 42.35927298790187], [-71.00907926478033, 42.35761468686511], [-71.00742922293345, 42.35761468686511], [-71.00742922293345, 42.35927298790187], [-71.00907926478033, 42.35927298790187]]]}, "properties": {"cooling_access": 24.252378463745117, "access_class": "Low"}}, {"type": "Feature", "geometry": {"type": "Polygon", "coordinates": [[[-71.00742922293345, 42.35927298790187], [-71.00742922293345, 42.35761468686511], [-71.00577918108657, 42.35761468686511], [-71.00577918108657, 42.35927298790187], [-71.00742922293345, 42.35927298790187]]]}, "properties": {"cooling_access": 26.17363929748535, "access_class": "Low"}}, {"type": "Feature", "geometry": {"type": "Polygon", "coordinates": [[[-71.00577918108657, 42.35927298790187], [-71.00577918108657, 42.35761468686511], [-71.0041291392397, 42.35761468686511], [-71.0041291392397, 42.35927298790187], [-71.00577918108657, 42.35927298790187]]]}, "properties": {"cooling_access": 27.719350814819336, "access_class": "Low"}}, {"type": "Feature", "geometry": {"type": "Polygon", "coordinates": [[[-71.0041291392397, 42.35927298790187], [-71.0041291392397, 42.35761468686511], [-71.00247909739282, 42.35761468686511], [-71.00247909739282, 42.35927298790187], [-71.0041291392397, 42.35927298790187]]]}, "properties": {"cooling_access": 28.529659271240234, "access_class": "Low"}}, {"type": "Feature", "geometry": {"type": "Polygon", "coordinates": [[[-71.00247909739282, 42.35927298790187], [-71.00247909739282, 42.35761468686511], [-71.00082905554595, 42.35761468686511], [-71.00082905554595, 42.35927298790187], [-71.00247909739282, 42.35927298790187]]]}, "properties": {"cooling_access": 29.53137969970703, "access_class": "Low"}}, {"type": "Feature", "geometry": {"type": "Polygon", "coordinates": [[[-71.00082905554595, 42.35927298790187], [-71.00082905554595, 42.35761468686511], [-70.99917901369906, 42.35761468686511], [-70.99917901369906, 42.35927298790187], [-71.00082905554595, 42.35927298790187]]]}, "properties": {"cooling_access": 30.897785186767578, "access_class": "Low"}}, {"type": "Feature", "geometry": {"type": "Polygon", "coordinates": [[[-70.99917901369906, 42.35927298790187], [-70.99917901369906, 42.35761468686511], [-70.99752897185219, 42.35761468686511], [-70.99752897185219, 42.35927298790187], [-70.99917901369906, 42.35927298790187]]]}, "properties": {"cooling_access": 31.539466857910156, "access_class": "Low"}}, {"type": "Feature", "geometry": {"type": "Polygon", "coordinates": [[[-70.99752897185219, 42.35927298790187], [-70.99752897185219, 42.35761468686511], [-70.99587893000532, 42.35761468686511], [-70.99587893000532, 42.35927298790187], [-70.99752897185219, 42.35927298790187]]]}, "properties": {"cooling_access": 32.81721115112305, "access_class": "Low"}}, {"type": "Feature", "geometry": {"type": "Polygon", "coordinates": [[[-70.99587893000532, 42.35927298790187], [-70.99587893000532, 42.35761468686511], [-70.99422888815845, 42.35761468686511], [-70.99422888815845, 42.35927298790187], [-70.99587893000532, 42.35927298790187]]]}, "properties": {"cooling_access": 34.71128845214844, "access_class": "Low"}}, {"type": "Feature", "geometry": {"type": "Polygon", "coordinates": [[[-71.07673098050223, 42.35761468686511], [-71.07673098050223, 42.35595638582835], [-71.07508093865536, 42.35595638582835], [-71.07508093865536, 42.35761468686511], [-71.07673098050223, 42.35761468686511]]]}, "properties": {"cooling_access": 29.691631317138672, "access_class": "Low"}}, {"type": "Feature", "geometry": {"type": "Polygon", "coordinates": [[[-71.07508093865536, 42.35761468686511], [-71.07508093865536, 42.35595638582835], [-71.07343089680849, 42.35595638582835], [-71.07343089680849, 42.35761468686511], [-71.07508093865536, 42.35761468686511]]]}, "properties": {"cooling_access": 29.76197052001953, "access_class": "Low"}}, {"type": "Feature", "geometry": {"type": "Polygon", "coordinates": [[[-71.07343089680849, 42.35761468686511], [-71.07343089680849, 42.35595638582835], [-71.0717808549616, 42.35595638582835], [-71.0717808549616, 42.35761468686511], [-71.07343089680849, 42.35761468686511]]]}, "properties": {"cooling_access": 29.75602149963379, "access_class": "Low"}}, {"type": "Feature", "geometry": {"type": "Polygon", "coordinates": [[[-71.0717808549616, 42.35761468686511], [-71.0717808549616, 42.35595638582835], [-71.07013081311473, 42.35595638582835], [-71.07013081311473, 42.35761468686511], [-71.0717808549616, 42.35761468686511]]]}, "properties": {"cooling_access": 28.682085037231445, "access_class": "Low"}}, {"type": "Feature", "geometry": {"type": "Polygon", "coordinates": [[[-71.07013081311473, 42.35761468686511], [-71.07013081311473, 42.35595638582835], [-71.06848077126786, 42.35595638582835], [-71.06848077126786, 42.35761468686511], [-71.07013081311473, 42.35761468686511]]]}, "properties": {"cooling_access": 27.772876739501953, "access_class": "Low"}}, {"type": "Feature", "geometry": {"type": "Polygon", "coordinates": [[[-71.06848077126786, 42.35761468686511], [-71.06848077126786, 42.35595638582835], [-71.06683072942099, 42.35595638582835], [-71.06683072942099, 42.35761468686511], [-71.06848077126786, 42.35761468686511]]]}, "properties": {"cooling_access": 27.45545768737793, "access_class": "Low"}}, {"type": "Feature", "geometry": {"type": "Polygon", "coordinates": [[[-71.06683072942099, 42.35761468686511], [-71.06683072942099, 42.35595638582835], [-71.0651806875741, 42.35595638582835], [-71.0651806875741, 42.35761468686511], [-71.06683072942099, 42.35761468686511]]]}, "properties": {"cooling_access": 26.848033905029297, "access_class": "Low"}}, {"type": "Feature", "geometry": {"type": "Polygon", "coordinates": [[[-71.0651806875741, 42.35761468686511], [-71.0651806875741, 42.35595638582835], [-71.06353064572723, 42.35595638582835], [-71.06353064572723, 42.35761468686511], [-71.0651806875741, 42.35761468686511]]]}, "properties": {"cooling_access": 26.1295166015625, "access_class": "Low"}}, {"type": "Feature", "geometry": {"type": "Polygon", "coordinates": [[[-71.06353064572723, 42.35761468686511], [-71.06353064572723, 42.35595638582835], [-71.06188060388035, 42.35595638582835], [-71.06188060388035, 42.35761468686511], [-71.06353064572723, 42.35761468686511]]]}, "properties": {"cooling_access": 24.108795166015625, "access_class": "Low"}}, {"type": "Feature", "geometry": {"type": "Polygon", "coordinates": [[[-71.06188060388035, 42.35761468686511], [-71.06188060388035, 42.35595638582835], [-71.06023056203348, 42.35595638582835], [-71.06023056203348, 42.35761468686511], [-71.06188060388035, 42.35761468686511]]]}, "properties": {"cooling_access": 23.39243507385254, "access_class": "Low"}}, {"type": "Feature", "geometry": {"type": "Polygon", "coordinates": [[[-71.06023056203348, 42.35761468686511], [-71.06023056203348, 42.35595638582835], [-71.0585805201866, 42.35595638582835], [-71.0585805201866, 42.35761468686511], [-71.06023056203348, 42.35761468686511]]]}, "properties": {"cooling_access": 22.49794578552246, "access_class": "Low"}}, {"type": "Feature", "geometry": {"type": "Polygon", "coordinates": [[[-71.0585805201866, 42.35761468686511], [-71.0585805201866, 42.35595638582835], [-71.05693047833972, 42.35595638582835], [-71.05693047833972, 42.35761468686511], [-71.0585805201866, 42.35761468686511]]]}, "properties": {"cooling_access": 20.598039627075195, "access_class": "Low"}}, {"type": "Feature", "geometry": {"type": "Polygon", "coordinates": [[[-71.05693047833972, 42.35761468686511], [-71.05693047833972, 42.35595638582835], [-71.05528043649285, 42.35595638582835], [-71.05528043649285, 42.35761468686511], [-71.05693047833972, 42.35761468686511]]]}, "properties": {"cooling_access": 19.539527893066406, "access_class": "Very Low"}}, {"type": "Feature", "geometry": {"type": "Polygon", "coordinates": [[[-71.05528043649285, 42.35761468686511], [-71.05528043649285, 42.35595638582835], [-71.05363039464598, 42.35595638582835], [-71.05363039464598, 42.35761468686511], [-71.05528043649285, 42.35761468686511]]]}, "properties": {"cooling_access": 18.565229415893555, "access_class": "Very Low"}}, {"type": "Feature", "geometry": {"type": "Polygon", "coordinates": [[[-71.05363039464598, 42.35761468686511], [-71.05363039464598, 42.35595638582835], [-71.05198035279909, 42.35595638582835], [-71.05198035279909, 42.35761468686511], [-71.05363039464598, 42.35761468686511]]]}, "properties": {"cooling_access": 16.93821907043457, "access_class": "Very Low"}}, {"type": "Feature", "geometry": {"type": "Polygon", "coordinates": [[[-71.05198035279909, 42.35761468686511], [-71.05198035279909, 42.35595638582835], [-71.05033031095222, 42.35595638582835], [-71.05033031095222, 42.35761468686511], [-71.05198035279909, 42.35761468686511]]]}, "properties": {"cooling_access": 15.93295955657959, "access_class": "Very Low"}}, {"type": "Feature", "geometry": {"type": "Polygon", "coordinates": [[[-71.05033031095222, 42.35761468686511], [-71.05033031095222, 42.35595638582835], [-71.04868026910535, 42.35595638582835], [-71.04868026910535, 42.35761468686511], [-71.05033031095222, 42.35761468686511]]]}, "properties": {"cooling_access": 13.197198867797852, "access_class": "Very Low"}}, {"type": "Feature", "geometry": {"type": "Polygon", "coordinates": [[[-71.02557968324908, 42.35761468686511], [-71.02557968324908, 42.35595638582835], [-71.0239296414022, 42.35595638582835], [-71.0239296414022, 42.35761468686511], [-71.02557968324908, 42.35761468686511]]]}, "properties": {"cooling_access": 4.695023536682129, "access_class": "Very Low"}}, {"type": "Feature", "geometry": {"type": "Polygon", "coordinates": [[[-71.0239296414022, 42.35761468686511], [-71.0239296414022, 42.35595638582835], [-71.02227959955533, 42.35595638582835], [-71.02227959955533, 42.35761468686511], [-71.0239296414022, 42.35761468686511]]]}, "properties": {"cooling_access": 6.826811790466309, "access_class": "Very Low"}}, {"type": "Feature", "geometry": {"type": "Polygon", "coordinates": [[[-71.02227959955533, 42.35761468686511], [-71.02227959955533, 42.35595638582835], [-71.02062955770846, 42.35595638582835], [-71.02062955770846, 42.35761468686511], [-71.02227959955533, 42.35761468686511]]]}, "properties": {"cooling_access": 10.6947021484375, "access_class": "Very Low"}}, {"type": "Feature", "geometry": {"type": "Polygon", "coordinates": [[[-71.02062955770846, 42.35761468686511], [-71.02062955770846, 42.35595638582835], [-71.01897951586157, 42.35595638582835], [-71.01897951586157, 42.35761468686511], [-71.02062955770846, 42.35761468686511]]]}, "properties": {"cooling_access": 13.283914566040039, "access_class": "Very Low"}}, {"type": "Feature", "geometry": {"type": "Polygon", "coordinates": [[[-71.01897951586157, 42.35761468686511], [-71.01897951586157, 42.35595638582835], [-71.0173294740147, 42.35595638582835], [-71.0173294740147, 42.35761468686511], [-71.01897951586157, 42.35761468686511]]]}, "properties": {"cooling_access": 15.29725170135498, "access_class": "Very Low"}}, {"type": "Feature", "geometry": {"type": "Polygon", "coordinates": [[[-71.0173294740147, 42.35761468686511], [-71.0173294740147, 42.35595638582835], [-71.01567943216783, 42.35595638582835], [-71.01567943216783, 42.35761468686511], [-71.0173294740147, 42.35761468686511]]]}, "properties": {"cooling_access": 17.182708740234375, "access_class": "Very Low"}}, {"type": "Feature", "geometry": {"type": "Polygon", "coordinates": [[[-71.01567943216783, 42.35761468686511], [-71.01567943216783, 42.35595638582835], [-71.01402939032096, 42.35595638582835], [-71.01402939032096, 42.35761468686511], [-71.01567943216783, 42.35761468686511]]]}, "properties": {"cooling_access": 18.937284469604492, "access_class": "Very Low"}}, {"type": "Feature", "geometry": {"type": "Polygon", "coordinates": [[[-71.01402939032096, 42.35761468686511], [-71.01402939032096, 42.35595638582835], [-71.01237934847407, 42.35595638582835], [-71.01237934847407, 42.35761468686511], [-71.01402939032096, 42.35761468686511]]]}, "properties": {"cooling_access": 20.441364288330078, "access_class": "Low"}}, {"type": "Feature", "geometry": {"type": "Polygon", "coordinates": [[[-71.01237934847407, 42.35761468686511], [-71.01237934847407, 42.35595638582835], [-71.0107293066272, 42.35595638582835], [-71.0107293066272, 42.35761468686511], [-71.01237934847407, 42.35761468686511]]]}, "properties": {"cooling_access": 21.563701629638672, "access_class": "Low"}}, {"type": "Feature", "geometry": {"type": "Polygon", "coordinates": [[[-71.0107293066272, 42.35761468686511], [-71.0107293066272, 42.35595638582835], [-71.00907926478033, 42.35595638582835], [-71.00907926478033, 42.35761468686511], [-71.0107293066272, 42.35761468686511]]]}, "properties": {"cooling_access": 23.15958023071289, "access_class": "Low"}}, {"type": "Feature", "geometry": {"type": "Polygon", "coordinates": [[[-71.00907926478033, 42.35761468686511], [-71.00907926478033, 42.35595638582835], [-71.00742922293345, 42.35595638582835], [-71.00742922293345, 42.35761468686511], [-71.00907926478033, 42.35761468686511]]]}, "properties": {"cooling_access": 24.840351104736328, "access_class": "Low"}}, {"type": "Feature", "geometry": {"type": "Polygon", "coordinates": [[[-71.00742922293345, 42.35761468686511], [-71.00742922293345, 42.35595638582835], [-71.00577918108657, 42.35595638582835], [-71.00577918108657, 42.35761468686511], [-71.00742922293345, 42.35761468686511]]]}, "properties": {"cooling_access": 27.01361083984375, "access_class": "Low"}}, {"type": "Feature", "geometry": {"type": "Polygon", "coordinates": [[[-71.00577918108657, 42.35761468686511], [-71.00577918108657, 42.35595638582835], [-71.0041291392397, 42.35595638582835], [-71.0041291392397, 42.35761468686511], [-71.00577918108657, 42.35761468686511]]]}, "properties": {"cooling_access": 29.32560157775879, "access_class": "Low"}}, {"type": "Feature", "geometry": {"type": "Polygon", "coordinates": [[[-71.0041291392397, 42.35761468686511], [-71.0041291392397, 42.35595638582835], [-71.00247909739282, 42.35595638582835], [-71.00247909739282, 42.35761468686511], [-71.0041291392397, 42.35761468686511]]]}, "properties": {"cooling_access": 31.2436466217041, "access_class": "Low"}}, {"type": "Feature", "geometry": {"type": "Polygon", "coordinates": [[[-71.00247909739282, 42.35761468686511], [-71.00247909739282, 42.35595638582835], [-71.00082905554595, 42.35595638582835], [-71.00082905554595, 42.35761468686511], [-71.00247909739282, 42.35761468686511]]]}, "properties": {"cooling_access": 32.40609359741211, "access_class": "Low"}}, {"type": "Feature", "geometry": {"type": "Polygon", "coordinates": [[[-70.99917901369906, 42.35761468686511], [-70.99917901369906, 42.35595638582835], [-70.99752897185219, 42.35595638582835], [-70.99752897185219, 42.35761468686511], [-70.99917901369906, 42.35761468686511]]]}, "properties": {"cooling_access": 34.27950668334961, "access_class": "Low"}}, {"type": "Feature", "geometry": {"type": "Polygon", "coordinates": [[[-70.99752897185219, 42.35761468686511], [-70.99752897185219, 42.35595638582835], [-70.99587893000532, 42.35595638582835], [-70.99587893000532, 42.35761468686511], [-70.99752897185219, 42.35761468686511]]]}, "properties": {"cooling_access": 34.51528549194336, "access_class": "Low"}}, {"type": "Feature", "geometry": {"type": "Polygon", "coordinates": [[[-71.08003106419599, 42.35595638582835], [-71.08003106419599, 42.354298084791594], [-71.0783810223491, 42.354298084791594], [-71.0783810223491, 42.35595638582835], [-71.08003106419599, 42.35595638582835]]]}, "properties": {"cooling_access": 33.74061965942383, "access_class": "Low"}}, {"type": "Feature", "geometry": {"type": "Polygon", "coordinates": [[[-71.0783810223491, 42.35595638582835], [-71.0783810223491, 42.354298084791594], [-71.07673098050223, 42.354298084791594], [-71.07673098050223, 42.35595638582835], [-71.0783810223491, 42.35595638582835]]]}, "properties": {"cooling_access": 33.3358154296875, "access_class": "Low"}}, {"type": "Feature", "geometry": {"type": "Polygon", "coordinates": [[[-71.07673098050223, 42.35595638582835], [-71.07673098050223, 42.354298084791594], [-71.07508093865536, 42.354298084791594], [-71.07508093865536, 42.35595638582835], [-71.07673098050223, 42.35595638582835]]]}, "properties": {"cooling_access": 33.26226043701172, "access_class": "Low"}}, {"type": "Feature", "geometry": {"type": "Polygon", "coordinates": [[[-71.07508093865536, 42.35595638582835], [-71.07508093865536, 42.354298084791594], [-71.07343089680849, 42.354298084791594], [-71.07343089680849, 42.35595638582835], [-71.07508093865536, 42.35595638582835]]]}, "properties": {"cooling_access": 32.87432861328125, "access_class": "Low"}}, {"type": "Feature", "geometry": {"type": "Polygon", "coordinates": [[[-71.07343089680849, 42.35595638582835], [-71.07343089680849, 42.354298084791594], [-71.0717808549616, 42.354298084791594], [-71.0717808549616, 42.35595638582835], [-71.07343089680849, 42.35595638582835]]]}, "properties": {"cooling_access": 32.214481353759766, "access_class": "Low"}}, {"type": "Feature", "geometry": {"type": "Polygon", "coordinates": [[[-71.0717808549616, 42.35595638582835], [-71.0717808549616, 42.354298084791594], [-71.07013081311473, 42.354298084791594], [-71.07013081311473, 42.35595638582835], [-71.0717808549616, 42.35595638582835]]]}, "properties": {"cooling_access": 31.088193893432617, "access_class": "Low"}}, {"type": "Feature", "geometry": {"type": "Polygon", "coordinates": [[[-71.07013081311473, 42.35595638582835], [-71.07013081311473, 42.354298084791594], [-71.06848077126786, 42.354298084791594], [-71.06848077126786, 42.35595638582835], [-71.07013081311473, 42.35595638582835]]]}, "properties": {"cooling_access": 30.274343490600586, "access_class": "Low"}}, {"type": "Feature", "geometry": {"type": "Polygon", "coordinates": [[[-71.06848077126786, 42.35595638582835], [-71.06848077126786, 42.354298084791594], [-71.06683072942099, 42.354298084791594], [-71.06683072942099, 42.35595638582835], [-71.06848077126786, 42.35595638582835]]]}, "properties": {"cooling_access": 29.61560821533203, "access_class": "Low"}}, {"type": "Feature", "geometry": {"type": "Polygon", "coordinates": [[[-71.06683072942099, 42.35595638582835], [-71.06683072942099, 42.354298084791594], [-71.0651806875741, 42.354298084791594], [-71.0651806875741, 42.35595638582835], [-71.06683072942099, 42.35595638582835]]]}, "properties": {"cooling_access": 28.956954956054688, "access_class": "Low"}}, {"type": "Feature", "geometry": {"type": "Polygon", "coordinates": [[[-71.0651806875741, 42.35595638582835], [-71.0651806875741, 42.354298084791594], [-71.06353064572723, 42.354298084791594], [-71.06353064572723, 42.35595638582835], [-71.0651806875741, 42.35595638582835]]]}, "properties": {"cooling_access": 27.416133880615234, "access_class": "Low"}}, {"type": "Feature", "geometry": {"type": "Polygon", "coordinates": [[[-71.06353064572723, 42.35595638582835], [-71.06353064572723, 42.354298084791594], [-71.06188060388035, 42.354298084791594], [-71.06188060388035, 42.35595638582835], [-71.06353064572723, 42.35595638582835]]]}, "properties": {"cooling_access": 25.714391708374023, "access_class": "Low"}}, {"type": "Feature", "geometry": {"type": "Polygon", "coordinates": [[[-71.06188060388035, 42.35595638582835], [-71.06188060388035, 42.354298084791594], [-71.06023056203348, 42.354298084791594], [-71.06023056203348, 42.35595638582835], [-71.06188060388035, 42.35595638582835]]]}, "properties": {"cooling_access": 25.53819465637207, "access_class": "Low"}}, {"type": "Feature", "geometry": {"type": "Polygon", "coordinates": [[[-71.06023056203348, 42.35595638582835], [-71.06023056203348, 42.354298084791594], [-71.0585805201866, 42.354298084791594], [-71.0585805201866, 42.35595638582835], [-71.06023056203348, 42.35595638582835]]]}, "properties": {"cooling_access": 24.252174377441406, "access_class": "Low"}}, {"type": "Feature", "geometry": {"type": "Polygon", "coordinates": [[[-71.0585805201866, 42.35595638582835], [-71.0585805201866, 42.354298084791594], [-71.05693047833972, 42.354298084791594], [-71.05693047833972, 42.35595638582835], [-71.0585805201866, 42.35595638582835]]]}, "properties": {"cooling_access": 22.680593490600586, "access_class": "Low"}}, {"type": "Feature", "geometry": {"type": "Polygon", "coordinates": [[[-71.05693047833972, 42.35595638582835], [-71.05693047833972, 42.354298084791594], [-71.05528043649285, 42.354298084791594], [-71.05528043649285, 42.35595638582835], [-71.05693047833972, 42.35595638582835]]]}, "properties": {"cooling_access": 21.405542373657227, "access_class": "Low"}}, {"type": "Feature", "geometry": {"type": "Polygon", "coordinates": [[[-71.05528043649285, 42.35595638582835], [-71.05528043649285, 42.354298084791594], [-71.05363039464598, 42.354298084791594], [-71.05363039464598, 42.35595638582835], [-71.05528043649285, 42.35595638582835]]]}, "properties": {"cooling_access": 19.845661163330078, "access_class": "Very Low"}}, {"type": "Feature", "geometry": {"type": "Polygon", "coordinates": [[[-71.05363039464598, 42.35595638582835], [-71.05363039464598, 42.354298084791594], [-71.05198035279909, 42.354298084791594], [-71.05198035279909, 42.35595638582835], [-71.05363039464598, 42.35595638582835]]]}, "properties": {"cooling_access": 19.014347076416016, "access_class": "Very Low"}}, {"type": "Feature", "geometry": {"type": "Polygon", "coordinates": [[[-71.05198035279909, 42.35595638582835], [-71.05198035279909, 42.354298084791594], [-71.05033031095222, 42.354298084791594], [-71.05033031095222, 42.35595638582835], [-71.05198035279909, 42.35595638582835]]]}, "properties": {"cooling_access": 16.772489547729492, "access_class": "Very Low"}}, {"type": "Feature", "geometry": {"type": "Polygon", "coordinates": [[[-71.04703022725847, 42.35595638582835], [-71.04703022725847, 42.354298084791594], [-71.04538018541159, 42.354298084791594], [-71.04538018541159, 42.35595638582835], [-71.04703022725847, 42.35595638582835]]]}, "properties": {"cooling_access": 11.429062843322754, "access_class": "Very Low"}}, {"type": "Feature", "geometry": {"type": "Polygon", "coordinates": [[[-71.02227959955533, 42.35595638582835], [-71.02227959955533, 42.354298084791594], [-71.02062955770846, 42.354298084791594], [-71.02062955770846, 42.35595638582835], [-71.02227959955533, 42.35595638582835]]]}, "properties": {"cooling_access": 9.126131057739258, "access_class": "Very Low"}}, {"type": "Feature", "geometry": {"type": "Polygon", "coordinates": [[[-71.02062955770846, 42.35595638582835], [-71.02062955770846, 42.354298084791594], [-71.01897951586157, 42.354298084791594], [-71.01897951586157, 42.35595638582835], [-71.02062955770846, 42.35595638582835]]]}, "properties": {"cooling_access": 11.105501174926758, "access_class": "Very Low"}}, {"type": "Feature", "geometry": {"type": "Polygon", "coordinates": [[[-71.01897951586157, 42.35595638582835], [-71.01897951586157, 42.354298084791594], [-71.0173294740147, 42.354298084791594], [-71.0173294740147, 42.35595638582835], [-71.01897951586157, 42.35595638582835]]]}, "properties": {"cooling_access": 15.063587188720703, "access_class": "Very Low"}}, {"type": "Feature", "geometry": {"type": "Polygon", "coordinates": [[[-71.0173294740147, 42.35595638582835], [-71.0173294740147, 42.354298084791594], [-71.01567943216783, 42.354298084791594], [-71.01567943216783, 42.35595638582835], [-71.0173294740147, 42.35595638582835]]]}, "properties": {"cooling_access": 17.765735626220703, "access_class": "Very Low"}}, {"type": "Feature", "geometry": {"type": "Polygon", "coordinates": [[[-71.01567943216783, 42.35595638582835], [-71.01567943216783, 42.354298084791594], [-71.01402939032096, 42.354298084791594], [-71.01402939032096, 42.35595638582835], [-71.01567943216783, 42.35595638582835]]]}, "properties": {"cooling_access": 19.857179641723633, "access_class": "Very Low"}}, {"type": "Feature", "geometry": {"type": "Polygon", "coordinates": [[[-71.01402939032096, 42.35595638582835], [-71.01402939032096, 42.354298084791594], [-71.01237934847407, 42.354298084791594], [-71.01237934847407, 42.35595638582835], [-71.01402939032096, 42.35595638582835]]]}, "properties": {"cooling_access": 21.713491439819336, "access_class": "Low"}}, {"type": "Feature", "geometry": {"type": "Polygon", "coordinates": [[[-71.01237934847407, 42.35595638582835], [-71.01237934847407, 42.354298084791594], [-71.0107293066272, 42.354298084791594], [-71.0107293066272, 42.35595638582835], [-71.01237934847407, 42.35595638582835]]]}, "properties": {"cooling_access": 23.12106704711914, "access_class": "Low"}}, {"type": "Feature", "geometry": {"type": "Polygon", "coordinates": [[[-71.0107293066272, 42.35595638582835], [-71.0107293066272, 42.354298084791594], [-71.00907926478033, 42.354298084791594], [-71.00907926478033, 42.35595638582835], [-71.0107293066272, 42.35595638582835]]]}, "properties": {"cooling_access": 24.40009880065918, "access_class": "Low"}}, {"type": "Feature", "geometry": {"type": "Polygon", "coordinates": [[[-71.00907926478033, 42.35595638582835], [-71.00907926478033, 42.354298084791594], [-71.00742922293345, 42.354298084791594], [-71.00742922293345, 42.35595638582835], [-71.00907926478033, 42.35595638582835]]]}, "properties": {"cooling_access": 26.07288932800293, "access_class": "Low"}}, {"type": "Feature", "geometry": {"type": "Polygon", "coordinates": [[[-71.00742922293345, 42.35595638582835], [-71.00742922293345, 42.354298084791594], [-71.00577918108657, 42.354298084791594], [-71.00577918108657, 42.35595638582835], [-71.00742922293345, 42.35595638582835]]]}, "properties": {"cooling_access": 27.974828720092773, "access_class": "Low"}}, {"type": "Feature", "geometry": {"type": "Polygon", "coordinates": [[[-71.07343089680849, 42.354298084791594], [-71.07343089680849, 42.35263978375484], [-71.0717808549616, 42.35263978375484], [-71.0717808549616, 42.354298084791594], [-71.07343089680849, 42.354298084791594]]]}, "properties": {"cooling_access": 34.55488204956055, "access_class": "Low"}}, {"type": "Feature", "geometry": {"type": "Polygon", "coordinates": [[[-71.0717808549616, 42.354298084791594], [-71.0717808549616, 42.35263978375484], [-71.07013081311473, 42.35263978375484], [-71.07013081311473, 42.354298084791594], [-71.0717808549616, 42.354298084791594]]]}, "properties": {"cooling_access": 33.65454864501953, "access_class": "Low"}}, {"type": "Feature", "geometry": {"type": "Polygon", "coordinates": [[[-71.07013081311473, 42.354298084791594], [-71.07013081311473, 42.35263978375484], [-71.06848077126786, 42.35263978375484], [-71.06848077126786, 42.354298084791594], [-71.07013081311473, 42.354298084791594]]]}, "properties": {"cooling_access": 32.05364227294922, "access_class": "Low"}}, {"type": "Feature", "geometry": {"type": "Polygon", "coordinates": [[[-71.06848077126786, 42.354298084791594], [-71.06848077126786, 42.35263978375484], [-71.06683072942099, 42.35263978375484], [-71.06683072942099, 42.354298084791594], [-71.06848077126786, 42.354298084791594]]]}, "properties": {"cooling_access": 31.559568405151367, "access_class": "Low"}}, {"type": "Feature", "geometry": {"type": "Polygon", "coordinates": [[[-71.06683072942099, 42.354298084791594], [-71.06683072942099, 42.35263978375484], [-71.0651806875741, 42.35263978375484], [-71.0651806875741, 42.354298084791594], [-71.06683072942099, 42.354298084791594]]]}, "properties": {"cooling_access": 30.556947708129883, "access_class": "Low"}}, {"type": "Feature", "geometry": {"type": "Polygon", "coordinates": [[[-71.0651806875741, 42.354298084791594], [-71.0651806875741, 42.35263978375484], [-71.06353064572723, 42.35263978375484], [-71.06353064572723, 42.354298084791594], [-71.0651806875741, 42.354298084791594]]]}, "properties": {"cooling_access": 29.3984375, "access_class": "Low"}}, {"type": "Feature", "geometry": {"type": "Polygon", "coordinates": [[[-71.06353064572723, 42.354298084791594], [-71.06353064572723, 42.35263978375484], [-71.06188060388035, 42.35263978375484], [-71.06188060388035, 42.354298084791594], [-71.06353064572723, 42.354298084791594]]]}, "properties": {"cooling_access": 27.554946899414062, "access_class": "Low"}}, {"type": "Feature", "geometry": {"type": "Polygon", "coordinates": [[[-71.06188060388035, 42.354298084791594], [-71.06188060388035, 42.35263978375484], [-71.06023056203348, 42.35263978375484], [-71.06023056203348, 42.354298084791594], [-71.06188060388035, 42.354298084791594]]]}, "properties": {"cooling_access": 27.466886520385742, "access_class": "Low"}}, {"type": "Feature", "geometry": {"type": "Polygon", "coordinates": [[[-71.06023056203348, 42.354298084791594], [-71.06023056203348, 42.35263978375484], [-71.0585805201866, 42.35263978375484], [-71.0585805201866, 42.354298084791594], [-71.06023056203348, 42.354298084791594]]]}, "properties": {"cooling_access": 26.183462142944336, "access_class": "Low"}}, {"type": "Feature", "geometry": {"type": "Polygon", "coordinates": [[[-71.0585805201866, 42.354298084791594], [-71.0585805201866, 42.35263978375484], [-71.05693047833972, 42.35263978375484], [-71.05693047833972, 42.354298084791594], [-71.0585805201866, 42.354298084791594]]]}, "properties": {"cooling_access": 24.526334762573242, "access_class": "Low"}}, {"type": "Feature", "geometry": {"type": "Polygon", "coordinates": [[[-71.05693047833972, 42.354298084791594], [-71.05693047833972, 42.35263978375484], [-71.05528043649285, 42.35263978375484], [-71.05528043649285, 42.354298084791594], [-71.05693047833972, 42.354298084791594]]]}, "properties": {"cooling_access": 22.765810012817383, "access_class": "Low"}}, {"type": "Feature", "geometry": {"type": "Polygon", "coordinates": [[[-71.05528043649285, 42.354298084791594], [-71.05528043649285, 42.35263978375484], [-71.05363039464598, 42.35263978375484], [-71.05363039464598, 42.354298084791594], [-71.05528043649285, 42.354298084791594]]]}, "properties": {"cooling_access": 21.687931060791016, "access_class": "Low"}}, {"type": "Feature", "geometry": {"type": "Polygon", "coordinates": [[[-71.05363039464598, 42.354298084791594], [-71.05363039464598, 42.35263978375484], [-71.05198035279909, 42.35263978375484], [-71.05198035279909, 42.354298084791594], [-71.05363039464598, 42.354298084791594]]]}, "properties": {"cooling_access": 19.887266159057617, "access_class": "Very Low"}}, {"type": "Feature", "geometry": {"type": "Polygon", "coordinates": [[[-71.04868026910535, 42.354298084791594], [-71.04868026910535, 42.35263978375484], [-71.04703022725847, 42.35263978375484], [-71.04703022725847, 42.354298084791594], [-71.04868026910535, 42.354298084791594]]]}, "properties": {"cooling_access": 15.25394058227539, "access_class": "Very Low"}}, {"type": "Feature", "geometry": {"type": "Polygon", "coordinates": [[[-71.04703022725847, 42.354298084791594], [-71.04703022725847, 42.35263978375484], [-71.04538018541159, 42.35263978375484], [-71.04538018541159, 42.354298084791594], [-71.04703022725847, 42.354298084791594]]]}, "properties": {"cooling_access": 14.72623062133789, "access_class": "Very Low"}}, {"type": "Feature", "geometry": {"type": "Polygon", "coordinates": [[[-71.04538018541159, 42.354298084791594], [-71.04538018541159, 42.35263978375484], [-71.04373014356472, 42.35263978375484], [-71.04373014356472, 42.354298084791594], [-71.04538018541159, 42.354298084791594]]]}, "properties": {"cooling_access": 13.629728317260742, "access_class": "Very Low"}}, {"type": "Feature", "geometry": {"type": "Polygon", "coordinates": [[[-71.04208010171784, 42.354298084791594], [-71.04208010171784, 42.35263978375484], [-71.04043005987097, 42.35263978375484], [-71.04043005987097, 42.354298084791594], [-71.04208010171784, 42.354298084791594]]]}, "properties": {"cooling_access": 10.080612182617188, "access_class": "Very Low"}}, {"type": "Feature", "geometry": {"type": "Polygon", "coordinates": [[[-71.01897951586157, 42.354298084791594], [-71.01897951586157, 42.35263978375484], [-71.0173294740147, 42.35263978375484], [-71.0173294740147, 42.354298084791594], [-71.01897951586157, 42.354298084791594]]]}, "properties": {"cooling_access": 14.082036972045898, "access_class": "Very Low"}}, {"type": "Feature", "geometry": {"type": "Polygon", "coordinates": [[[-71.0173294740147, 42.354298084791594], [-71.0173294740147, 42.35263978375484], [-71.01567943216783, 42.35263978375484], [-71.01567943216783, 42.354298084791594], [-71.0173294740147, 42.354298084791594]]]}, "properties": {"cooling_access": 16.626623153686523, "access_class": "Very Low"}}, {"type": "Feature", "geometry": {"type": "Polygon", "coordinates": [[[-71.01567943216783, 42.354298084791594], [-71.01567943216783, 42.35263978375484], [-71.01402939032096, 42.35263978375484], [-71.01402939032096, 42.354298084791594], [-71.01567943216783, 42.354298084791594]]]}, "properties": {"cooling_access": 20.23992156982422, "access_class": "Low"}}, {"type": "Feature", "geometry": {"type": "Polygon", "coordinates": [[[-71.01402939032096, 42.354298084791594], [-71.01402939032096, 42.35263978375484], [-71.01237934847407, 42.35263978375484], [-71.01237934847407, 42.354298084791594], [-71.01402939032096, 42.354298084791594]]]}, "properties": {"cooling_access": 22.575864791870117, "access_class": "Low"}}, {"type": "Feature", "geometry": {"type": "Polygon", "coordinates": [[[-71.01237934847407, 42.354298084791594], [-71.01237934847407, 42.35263978375484], [-71.0107293066272, 42.35263978375484], [-71.0107293066272, 42.354298084791594], [-71.01237934847407, 42.354298084791594]]]}, "properties": {"cooling_access": 24.512693405151367, "access_class": "Low"}}, {"type": "Feature", "geometry": {"type": "Polygon", "coordinates": [[[-71.0107293066272, 42.354298084791594], [-71.0107293066272, 42.35263978375484], [-71.00907926478033, 42.35263978375484], [-71.00907926478033, 42.354298084791594], [-71.0107293066272, 42.354298084791594]]]}, "properties": {"cooling_access": 25.960269927978516, "access_class": "Low"}}, {"type": "Feature", "geometry": {"type": "Polygon", "coordinates": [[[-71.00907926478033, 42.354298084791594], [-71.00907926478033, 42.35263978375484], [-71.00742922293345, 42.35263978375484], [-71.00742922293345, 42.354298084791594], [-71.00907926478033, 42.354298084791594]]]}, "properties": {"cooling_access": 27.270597457885742, "access_class": "Low"}}, {"type": "Feature", "geometry": {"type": "Polygon", "coordinates": [[[-71.00742922293345, 42.354298084791594], [-71.00742922293345, 42.35263978375484], [-71.00577918108657, 42.35263978375484], [-71.00577918108657, 42.354298084791594], [-71.00742922293345, 42.354298084791594]]]}, "properties": {"cooling_access": 29.066822052001953, "access_class": "Low"}}, {"type": "Feature", "geometry": {"type": "Polygon", "coordinates": [[[-71.00577918108657, 42.354298084791594], [-71.00577918108657, 42.35263978375484], [-71.0041291392397, 42.35263978375484], [-71.0041291392397, 42.354298084791594], [-71.00577918108657, 42.354298084791594]]]}, "properties": {"cooling_access": 31.617483139038086, "access_class": "Low"}}, {"type": "Feature", "geometry": {"type": "Polygon", "coordinates": [[[-71.07013081311473, 42.35263978375484], [-71.07013081311473, 42.350981482718076], [-71.06848077126786, 42.350981482718076], [-71.06848077126786, 42.35263978375484], [-71.07013081311473, 42.35263978375484]]]}, "properties": {"cooling_access": 34.281028747558594, "access_class": "Low"}}, {"type": "Feature", "geometry": {"type": "Polygon", "coordinates": [[[-71.06848077126786, 42.35263978375484], [-71.06848077126786, 42.350981482718076], [-71.06683072942099, 42.350981482718076], [-71.06683072942099, 42.35263978375484], [-71.06848077126786, 42.35263978375484]]]}, "properties": {"cooling_access": 33.70376205444336, "access_class": "Low"}}, {"type": "Feature", "geometry": {"type": "Polygon", "coordinates": [[[-71.06683072942099, 42.35263978375484], [-71.06683072942099, 42.350981482718076], [-71.0651806875741, 42.350981482718076], [-71.0651806875741, 42.35263978375484], [-71.06683072942099, 42.35263978375484]]]}, "properties": {"cooling_access": 32.7320556640625, "access_class": "Low"}}, {"type": "Feature", "geometry": {"type": "Polygon", "coordinates": [[[-71.0651806875741, 42.35263978375484], [-71.0651806875741, 42.350981482718076], [-71.06353064572723, 42.350981482718076], [-71.06353064572723, 42.35263978375484], [-71.0651806875741, 42.35263978375484]]]}, "properties": {"cooling_access": 31.10247230529785, "access_class": "Low"}}, {"type": "Feature", "geometry": {"type": "Polygon", "coordinates": [[[-71.06353064572723, 42.35263978375484], [-71.06353064572723, 42.350981482718076], [-71.06188060388035, 42.350981482718076], [-71.06188060388035, 42.35263978375484], [-71.06353064572723, 42.35263978375484]]]}, "properties": {"cooling_access": 30.028013229370117, "access_class": "Low"}}, {"type": "Feature", "geometry": {"type": "Polygon", "coordinates": [[[-71.06188060388035, 42.35263978375484], [-71.06188060388035, 42.350981482718076], [-71.06023056203348, 42.350981482718076], [-71.06023056203348, 42.35263978375484], [-71.06188060388035, 42.35263978375484]]]}, "properties": {"cooling_access": 29.398414611816406, "access_class": "Low"}}, {"type": "Feature", "geometry": {"type": "Polygon", "coordinates": [[[-71.06023056203348, 42.35263978375484], [-71.06023056203348, 42.350981482718076], [-71.0585805201866, 42.350981482718076], [-71.0585805201866, 42.35263978375484], [-71.06023056203348, 42.35263978375484]]]}, "properties": {"cooling_access": 27.869775772094727, "access_class": "Low"}}, {"type": "Feature", "geometry": {"type": "Polygon", "coordinates": [[[-71.0585805201866, 42.35263978375484], [-71.0585805201866, 42.350981482718076], [-71.05693047833972, 42.350981482718076], [-71.05693047833972, 42.35263978375484], [-71.0585805201866, 42.35263978375484]]]}, "properties": {"cooling_access": 26.170516967773438, "access_class": "Low"}}, {"type": "Feature", "geometry": {"type": "Polygon", "coordinates": [[[-71.05693047833972, 42.35263978375484], [-71.05693047833972, 42.350981482718076], [-71.05528043649285, 42.350981482718076], [-71.05528043649285, 42.35263978375484], [-71.05693047833972, 42.35263978375484]]]}, "properties": {"cooling_access": 24.6647891998291, "access_class": "Low"}}, {"type": "Feature", "geometry": {"type": "Polygon", "coordinates": [[[-71.05528043649285, 42.35263978375484], [-71.05528043649285, 42.350981482718076], [-71.05363039464598, 42.350981482718076], [-71.05363039464598, 42.35263978375484], [-71.05528043649285, 42.35263978375484]]]}, "properties": {"cooling_access": 22.995986938476562, "access_class": "Low"}}, {"type": "Feature", "geometry": {"type": "Polygon", "coordinates": [[[-71.05363039464598, 42.35263978375484], [-71.05363039464598, 42.350981482718076], [-71.05198035279909, 42.350981482718076], [-71.05198035279909, 42.35263978375484], [-71.05363039464598, 42.35263978375484]]]}, "properties": {"cooling_access": 20.650171279907227, "access_class": "Low"}}, {"type": "Feature", "geometry": {"type": "Polygon", "coordinates": [[[-71.05033031095222, 42.35263978375484], [-71.05033031095222, 42.350981482718076], [-71.04868026910535, 42.350981482718076], [-71.04868026910535, 42.35263978375484], [-71.05033031095222, 42.35263978375484]]]}, "properties": {"cooling_access": 18.883237838745117, "access_class": "Very Low"}}, {"type": "Feature", "geometry": {"type": "Polygon", "coordinates": [[[-71.04868026910535, 42.35263978375484], [-71.04868026910535, 42.350981482718076], [-71.04703022725847, 42.350981482718076], [-71.04703022725847, 42.35263978375484], [-71.04868026910535, 42.35263978375484]]]}, "properties": {"cooling_access": 18.373281478881836, "access_class": "Very Low"}}, {"type": "Feature", "geometry": {"type": "Polygon", "coordinates": [[[-71.04703022725847, 42.35263978375484], [-71.04703022725847, 42.350981482718076], [-71.04538018541159, 42.350981482718076], [-71.04538018541159, 42.35263978375484], [-71.04703022725847, 42.35263978375484]]]}, "properties": {"cooling_access": 17.405311584472656, "access_class": "Very Low"}}, {"type": "Feature", "geometry": {"type": "Polygon", "coordinates": [[[-71.04538018541159, 42.35263978375484], [-71.04538018541159, 42.350981482718076], [-71.04373014356472, 42.350981482718076], [-71.04373014356472, 42.35263978375484], [-71.04538018541159, 42.35263978375484]]]}, "properties": {"cooling_access": 16.093284606933594, "access_class": "Very Low"}}, {"type": "Feature", "geometry": {"type": "Polygon", "coordinates": [[[-71.04373014356472, 42.35263978375484], [-71.04373014356472, 42.350981482718076], [-71.04208010171784, 42.350981482718076], [-71.04208010171784, 42.35263978375484], [-71.04373014356472, 42.35263978375484]]]}, "properties": {"cooling_access": 14.233419418334961, "access_class": "Very Low"}}, {"type": "Feature", "geometry": {"type": "Polygon", "coordinates": [[[-71.04043005987097, 42.35263978375484], [-71.04043005987097, 42.350981482718076], [-71.03878001802408, 42.350981482718076], [-71.03878001802408, 42.35263978375484], [-71.04043005987097, 42.35263978375484]]]}, "properties": {"cooling_access": 10.385029792785645, "access_class": "Very Low"}}, {"type": "Feature", "geometry": {"type": "Polygon", "coordinates": [[[-71.03878001802408, 42.35263978375484], [-71.03878001802408, 42.350981482718076], [-71.03712997617721, 42.350981482718076], [-71.03712997617721, 42.35263978375484], [-71.03878001802408, 42.35263978375484]]]}, "properties": {"cooling_access": 7.712499618530273, "access_class": "Very Low"}}, {"type": "Feature", "geometry": {"type": "Polygon", "coordinates": [[[-71.01567943216783, 42.35263978375484], [-71.01567943216783, 42.350981482718076], [-71.01402939032096, 42.350981482718076], [-71.01402939032096, 42.35263978375484], [-71.01567943216783, 42.35263978375484]]]}, "properties": {"cooling_access": 18.298952102661133, "access_class": "Very Low"}}, {"type": "Feature", "geometry": {"type": "Polygon", "coordinates": [[[-71.01402939032096, 42.35263978375484], [-71.01402939032096, 42.350981482718076], [-71.01237934847407, 42.350981482718076], [-71.01237934847407, 42.35263978375484], [-71.01402939032096, 42.35263978375484]]]}, "properties": {"cooling_access": 22.653240203857422, "access_class": "Low"}}, {"type": "Feature", "geometry": {"type": "Polygon", "coordinates": [[[-71.01237934847407, 42.35263978375484], [-71.01237934847407, 42.350981482718076], [-71.0107293066272, 42.350981482718076], [-71.0107293066272, 42.35263978375484], [-71.01237934847407, 42.35263978375484]]]}, "properties": {"cooling_access": 25.273517608642578, "access_class": "Low"}}, {"type": "Feature", "geometry": {"type": "Polygon", "coordinates": [[[-71.0107293066272, 42.35263978375484], [-71.0107293066272, 42.350981482718076], [-71.00907926478033, 42.350981482718076], [-71.00907926478033, 42.35263978375484], [-71.0107293066272, 42.35263978375484]]]}, "properties": {"cooling_access": 27.381479263305664, "access_class": "Low"}}, {"type": "Feature", "geometry": {"type": "Polygon", "coordinates": [[[-71.00907926478033, 42.35263978375484], [-71.00907926478033, 42.350981482718076], [-71.00742922293345, 42.350981482718076], [-71.00742922293345, 42.35263978375484], [-71.00907926478033, 42.35263978375484]]]}, "properties": {"cooling_access": 28.795936584472656, "access_class": "Low"}}, {"type": "Feature", "geometry": {"type": "Polygon", "coordinates": [[[-71.00742922293345, 42.35263978375484], [-71.00742922293345, 42.350981482718076], [-71.00577918108657, 42.350981482718076], [-71.00577918108657, 42.35263978375484], [-71.00742922293345, 42.35263978375484]]]}, "properties": {"cooling_access": 30.229684829711914, "access_class": "Low"}}, {"type": "Feature", "geometry": {"type": "Polygon", "coordinates": [[[-71.00577918108657, 42.35263978375484], [-71.00577918108657, 42.350981482718076], [-71.0041291392397, 42.350981482718076], [-71.0041291392397, 42.35263978375484], [-71.00577918108657, 42.35263978375484]]]}, "properties": {"cooling_access": 32.95464324951172, "access_class": "Low"}}, {"type": "Feature", "geometry": {"type": "Polygon", "coordinates": [[[-71.06683072942099, 42.350981482718076], [-71.06683072942099, 42.34932318168132], [-71.0651806875741, 42.34932318168132], [-71.0651806875741, 42.350981482718076], [-71.06683072942099, 42.350981482718076]]]}, "properties": {"cooling_access": 34.23286437988281, "access_class": "Low"}}, {"type": "Feature", "geometry": {"type": "Polygon", "coordinates": [[[-71.0651806875741, 42.350981482718076], [-71.0651806875741, 42.34932318168132], [-71.06353064572723, 42.34932318168132], [-71.06353064572723, 42.350981482718076], [-71.0651806875741, 42.350981482718076]]]}, "properties": {"cooling_access": 33.051090240478516, "access_class": "Low"}}, {"type": "Feature", "geometry": {"type": "Polygon", "coordinates": [[[-71.06353064572723, 42.350981482718076], [-71.06353064572723, 42.34932318168132], [-71.06188060388035, 42.34932318168132], [-71.06188060388035, 42.350981482718076], [-71.06353064572723, 42.350981482718076]]]}, "properties": {"cooling_access": 32.24777603149414, "access_class": "Low"}}, {"type": "Feature", "geometry": {"type": "Polygon", "coordinates": [[[-71.06188060388035, 42.350981482718076], [-71.06188060388035, 42.34932318168132], [-71.06023056203348, 42.34932318168132], [-71.06023056203348, 42.350981482718076], [-71.06188060388035, 42.350981482718076]]]}, "properties": {"cooling_access": 30.93719482421875, "access_class": "Low"}}, {"type": "Feature", "geometry": {"type": "Polygon", "coordinates": [[[-71.06023056203348, 42.350981482718076], [-71.06023056203348, 42.34932318168132], [-71.0585805201866, 42.34932318168132], [-71.0585805201866, 42.350981482718076], [-71.06023056203348, 42.350981482718076]]]}, "properties": {"cooling_access": 29.4948787689209, "access_class": "Low"}}, {"type": "Feature", "geometry": {"type": "Polygon", "coordinates": [[[-71.0585805201866, 42.350981482718076], [-71.0585805201866, 42.34932318168132], [-71.05693047833972, 42.34932318168132], [-71.05693047833972, 42.350981482718076], [-71.0585805201866, 42.350981482718076]]]}, "properties": {"cooling_access": 27.984264373779297, "access_class": "Low"}}, {"type": "Feature", "geometry": {"type": "Polygon", "coordinates": [[[-71.05693047833972, 42.350981482718076], [-71.05693047833972, 42.34932318168132], [-71.05528043649285, 42.34932318168132], [-71.05528043649285, 42.350981482718076], [-71.05693047833972, 42.350981482718076]]]}, "properties": {"cooling_access": 26.559410095214844, "access_class": "Low"}}, {"type": "Feature", "geometry": {"type": "Polygon", "coordinates": [[[-71.05528043649285, 42.350981482718076], [-71.05528043649285, 42.34932318168132], [-71.05363039464598, 42.34932318168132], [-71.05363039464598, 42.350981482718076], [-71.05528043649285, 42.350981482718076]]]}, "properties": {"cooling_access": 24.042964935302734, "access_class": "Low"}}, {"type": "Feature", "geometry": {"type": "Polygon", "coordinates": [[[-71.05198035279909, 42.350981482718076], [-71.05198035279909, 42.34932318168132], [-71.05033031095222, 42.34932318168132], [-71.05033031095222, 42.350981482718076], [-71.05198035279909, 42.350981482718076]]]}, "properties": {"cooling_access": 20.928834915161133, "access_class": "Low"}}, {"type": "Feature", "geometry": {"type": "Polygon", "coordinates": [[[-71.05033031095222, 42.350981482718076], [-71.05033031095222, 42.34932318168132], [-71.04868026910535, 42.34932318168132], [-71.04868026910535, 42.350981482718076], [-71.05033031095222, 42.350981482718076]]]}, "properties": {"cooling_access": 22.00889778137207, "access_class": "Low"}}, {"type": "Feature", "geometry": {"type": "Polygon", "coordinates": [[[-71.04868026910535, 42.350981482718076], [-71.04868026910535, 42.34932318168132], [-71.04703022725847, 42.34932318168132], [-71.04703022725847, 42.350981482718076], [-71.04868026910535, 42.350981482718076]]]}, "properties": {"cooling_access": 20.950908660888672, "access_class": "Low"}}, {"type": "Feature", "geometry": {"type": "Polygon", "coordinates": [[[-71.04703022725847, 42.350981482718076], [-71.04703022725847, 42.34932318168132], [-71.04538018541159, 42.34932318168132], [-71.04538018541159, 42.350981482718076], [-71.04703022725847, 42.350981482718076]]]}, "properties": {"cooling_access": 19.512617111206055, "access_class": "Very Low"}}, {"type": "Feature", "geometry": {"type": "Polygon", "coordinates": [[[-71.04538018541159, 42.350981482718076], [-71.04538018541159, 42.34932318168132], [-71.04373014356472, 42.34932318168132], [-71.04373014356472, 42.350981482718076], [-71.04538018541159, 42.350981482718076]]]}, "properties": {"cooling_access": 17.486183166503906, "access_class": "Very Low"}}, {"type": "Feature", "geometry": {"type": "Polygon", "coordinates": [[[-71.04373014356472, 42.350981482718076], [-71.04373014356472, 42.34932318168132], [-71.04208010171784, 42.34932318168132], [-71.04208010171784, 42.350981482718076], [-71.04373014356472, 42.350981482718076]]]}, "properties": {"cooling_access": 15.463288307189941, "access_class": "Very Low"}}, {"type": "Feature", "geometry": {"type": "Polygon", "coordinates": [[[-71.04208010171784, 42.350981482718076], [-71.04208010171784, 42.34932318168132], [-71.04043005987097, 42.34932318168132], [-71.04043005987097, 42.350981482718076], [-71.04208010171784, 42.350981482718076]]]}, "properties": {"cooling_access": 14.256278991699219, "access_class": "Very Low"}}, {"type": "Feature", "geometry": {"type": "Polygon", "coordinates": [[[-71.03547993433034, 42.350981482718076], [-71.03547993433034, 42.34932318168132], [-71.03382989248347, 42.34932318168132], [-71.03382989248347, 42.350981482718076], [-71.03547993433034, 42.350981482718076]]]}, "properties": {"cooling_access": 2.990173578262329, "access_class": "Very Low"}}, {"type": "Feature", "geometry": {"type": "Polygon", "coordinates": [[[-71.01237934847407, 42.350981482718076], [-71.01237934847407, 42.34932318168132], [-71.0107293066272, 42.34932318168132], [-71.0107293066272, 42.350981482718076], [-71.01237934847407, 42.350981482718076]]]}, "properties": {"cooling_access": 24.84096336364746, "access_class": "Low"}}, {"type": "Feature", "geometry": {"type": "Polygon", "coordinates": [[[-71.0107293066272, 42.350981482718076], [-71.0107293066272, 42.34932318168132], [-71.00907926478033, 42.34932318168132], [-71.00907926478033, 42.350981482718076], [-71.0107293066272, 42.350981482718076]]]}, "properties": {"cooling_access": 28.0731258392334, "access_class": "Low"}}, {"type": "Feature", "geometry": {"type": "Polygon", "coordinates": [[[-71.00907926478033, 42.350981482718076], [-71.00907926478033, 42.34932318168132], [-71.00742922293345, 42.34932318168132], [-71.00742922293345, 42.350981482718076], [-71.00907926478033, 42.350981482718076]]]}, "properties": {"cooling_access": 30.273427963256836, "access_class": "Low"}}, {"type": "Feature", "geometry": {"type": "Polygon", "coordinates": [[[-71.00742922293345, 42.350981482718076], [-71.00742922293345, 42.34932318168132], [-71.00577918108657, 42.34932318168132], [-71.00577918108657, 42.350981482718076], [-71.00742922293345, 42.350981482718076]]]}, "properties": {"cooling_access": 31.883331298828125, "access_class": "Low"}}, {"type": "Feature", "geometry": {"type": "Polygon", "coordinates": [[[-71.06353064572723, 42.34932318168132], [-71.06353064572723, 42.34766488064456], [-71.06188060388035, 42.34766488064456], [-71.06188060388035, 42.34932318168132], [-71.06353064572723, 42.34932318168132]]]}, "properties": {"cooling_access": 33.759098052978516, "access_class": "Low"}}, {"type": "Feature", "geometry": {"type": "Polygon", "coordinates": [[[-71.06188060388035, 42.34932318168132], [-71.06188060388035, 42.34766488064456], [-71.06023056203348, 42.34766488064456], [-71.06023056203348, 42.34932318168132], [-71.06188060388035, 42.34932318168132]]]}, "properties": {"cooling_access": 32.439727783203125, "access_class": "Low"}}, {"type": "Feature", "geometry": {"type": "Polygon", "coordinates": [[[-71.06023056203348, 42.34932318168132], [-71.06023056203348, 42.34766488064456], [-71.0585805201866, 42.34766488064456], [-71.0585805201866, 42.34932318168132], [-71.06023056203348, 42.34932318168132]]]}, "properties": {"cooling_access": 31.19983673095703, "access_class": "Low"}}, {"type": "Feature", "geometry": {"type": "Polygon", "coordinates": [[[-71.0585805201866, 42.34932318168132], [-71.0585805201866, 42.34766488064456], [-71.05693047833972, 42.34766488064456], [-71.05693047833972, 42.34932318168132], [-71.0585805201866, 42.34932318168132]]]}, "properties": {"cooling_access": 30.191749572753906, "access_class": "Low"}}, {"type": "Feature", "geometry": {"type": "Polygon", "coordinates": [[[-71.05693047833972, 42.34932318168132], [-71.05693047833972, 42.34766488064456], [-71.05528043649285, 42.34766488064456], [-71.05528043649285, 42.34932318168132], [-71.05693047833972, 42.34932318168132]]]}, "properties": {"cooling_access": 28.162456512451172, "access_class": "Low"}}, {"type": "Feature", "geometry": {"type": "Polygon", "coordinates": [[[-71.05363039464598, 42.34932318168132], [-71.05363039464598, 42.34766488064456], [-71.05198035279909, 42.34766488064456], [-71.05198035279909, 42.34932318168132], [-71.05363039464598, 42.34932318168132]]]}, "properties": {"cooling_access": 23.784048080444336, "access_class": "Low"}}, {"type": "Feature", "geometry": {"type": "Polygon", "coordinates": [[[-71.05198035279909, 42.34932318168132], [-71.05198035279909, 42.34766488064456], [-71.05033031095222, 42.34766488064456], [-71.05033031095222, 42.34932318168132], [-71.05198035279909, 42.34932318168132]]]}, "properties": {"cooling_access": 24.569005966186523, "access_class": "Low"}}, {"type": "Feature", "geometry": {"type": "Polygon", "coordinates": [[[-71.05033031095222, 42.34932318168132], [-71.05033031095222, 42.34766488064456], [-71.04868026910535, 42.34766488064456], [-71.04868026910535, 42.34932318168132], [-71.05033031095222, 42.34932318168132]]]}, "properties": {"cooling_access": 24.278127670288086, "access_class": "Low"}}, {"type": "Feature", "geometry": {"type": "Polygon", "coordinates": [[[-71.04868026910535, 42.34932318168132], [-71.04868026910535, 42.34766488064456], [-71.04703022725847, 42.34766488064456], [-71.04703022725847, 42.34932318168132], [-71.04868026910535, 42.34932318168132]]]}, "properties": {"cooling_access": 22.95490264892578, "access_class": "Low"}}, {"type": "Feature", "geometry": {"type": "Polygon", "coordinates": [[[-71.04703022725847, 42.34932318168132], [-71.04703022725847, 42.34766488064456], [-71.04538018541159, 42.34766488064456], [-71.04538018541159, 42.34932318168132], [-71.04703022725847, 42.34932318168132]]]}, "properties": {"cooling_access": 20.568103790283203, "access_class": "Low"}}, {"type": "Feature", "geometry": {"type": "Polygon", "coordinates": [[[-71.04538018541159, 42.34932318168132], [-71.04538018541159, 42.34766488064456], [-71.04373014356472, 42.34766488064456], [-71.04373014356472, 42.34932318168132], [-71.04538018541159, 42.34932318168132]]]}, "properties": {"cooling_access": 18.431394577026367, "access_class": "Very Low"}}, {"type": "Feature", "geometry": {"type": "Polygon", "coordinates": [[[-71.04373014356472, 42.34932318168132], [-71.04373014356472, 42.34766488064456], [-71.04208010171784, 42.34766488064456], [-71.04208010171784, 42.34932318168132], [-71.04373014356472, 42.34932318168132]]]}, "properties": {"cooling_access": 17.400346755981445, "access_class": "Very Low"}}, {"type": "Feature", "geometry": {"type": "Polygon", "coordinates": [[[-71.04208010171784, 42.34932318168132], [-71.04208010171784, 42.34766488064456], [-71.04043005987097, 42.34766488064456], [-71.04043005987097, 42.34932318168132], [-71.04208010171784, 42.34932318168132]]]}, "properties": {"cooling_access": 15.300546646118164, "access_class": "Very Low"}}, {"type": "Feature", "geometry": {"type": "Polygon", "coordinates": [[[-71.04043005987097, 42.34932318168132], [-71.04043005987097, 42.34766488064456], [-71.03878001802408, 42.34766488064456], [-71.03878001802408, 42.34932318168132], [-71.04043005987097, 42.34932318168132]]]}, "properties": {"cooling_access": 12.905729293823242, "access_class": "Very Low"}}, {"type": "Feature", "geometry": {"type": "Polygon", "coordinates": [[[-71.03878001802408, 42.34932318168132], [-71.03878001802408, 42.34766488064456], [-71.03712997617721, 42.34766488064456], [-71.03712997617721, 42.34932318168132], [-71.03878001802408, 42.34932318168132]]]}, "properties": {"cooling_access": 10.302347183227539, "access_class": "Very Low"}}, {"type": "Feature", "geometry": {"type": "Polygon", "coordinates": [[[-71.03712997617721, 42.34932318168132], [-71.03712997617721, 42.34766488064456], [-71.03547993433034, 42.34766488064456], [-71.03547993433034, 42.34932318168132], [-71.03712997617721, 42.34932318168132]]]}, "properties": {"cooling_access": 8.367874145507812, "access_class": "Very Low"}}, {"type": "Feature", "geometry": {"type": "Polygon", "coordinates": [[[-71.03547993433034, 42.34932318168132], [-71.03547993433034, 42.34766488064456], [-71.03382989248347, 42.34766488064456], [-71.03382989248347, 42.34932318168132], [-71.03547993433034, 42.34932318168132]]]}, "properties": {"cooling_access": 5.380520343780518, "access_class": "Very Low"}}, {"type": "Feature", "geometry": {"type": "Polygon", "coordinates": [[[-71.03382989248347, 42.34932318168132], [-71.03382989248347, 42.34766488064456], [-71.03217985063658, 42.34766488064456], [-71.03217985063658, 42.34932318168132], [-71.03382989248347, 42.34932318168132]]]}, "properties": {"cooling_access": 3.6603338718414307, "access_class": "Very Low"}}, {"type": "Feature", "geometry": {"type": "Polygon", "coordinates": [[[-71.03217985063658, 42.34932318168132], [-71.03217985063658, 42.34766488064456], [-71.03052980878971, 42.34766488064456], [-71.03052980878971, 42.34932318168132], [-71.03217985063658, 42.34932318168132]]]}, "properties": {"cooling_access": 1.7689017057418823, "access_class": "Very Low"}}, {"type": "Feature", "geometry": {"type": "Polygon", "coordinates": [[[-71.03052980878971, 42.34932318168132], [-71.03052980878971, 42.34766488064456], [-71.02887976694284, 42.34766488064456], [-71.02887976694284, 42.34932318168132], [-71.03052980878971, 42.34932318168132]]]}, "properties": {"cooling_access": 4.32874870300293, "access_class": "Very Low"}}, {"type": "Feature", "geometry": {"type": "Polygon", "coordinates": [[[-71.02887976694284, 42.34932318168132], [-71.02887976694284, 42.34766488064456], [-71.02722972509596, 42.34766488064456], [-71.02722972509596, 42.34932318168132], [-71.02887976694284, 42.34932318168132]]]}, "properties": {"cooling_access": 7.4203572273254395, "access_class": "Very Low"}}, {"type": "Feature", "geometry": {"type": "Polygon", "coordinates": [[[-71.0107293066272, 42.34932318168132], [-71.0107293066272, 42.34766488064456], [-71.00907926478033, 42.34766488064456], [-71.00907926478033, 42.34932318168132], [-71.0107293066272, 42.34932318168132]]]}, "properties": {"cooling_access": 27.044776916503906, "access_class": "Low"}}, {"type": "Feature", "geometry": {"type": "Polygon", "coordinates": [[[-71.00907926478033, 42.34932318168132], [-71.00907926478033, 42.34766488064456], [-71.00742922293345, 42.34766488064456], [-71.00742922293345, 42.34932318168132], [-71.00907926478033, 42.34932318168132]]]}, "properties": {"cooling_access": 30.739051818847656, "access_class": "Low"}}, {"type": "Feature", "geometry": {"type": "Polygon", "coordinates": [[[-71.00742922293345, 42.34932318168132], [-71.00742922293345, 42.34766488064456], [-71.00577918108657, 42.34766488064456], [-71.00577918108657, 42.34932318168132], [-71.00742922293345, 42.34932318168132]]]}, "properties": {"cooling_access": 33.75800704956055, "access_class": "Low"}}, {"type": "Feature", "geometry": {"type": "Polygon", "coordinates": [[[-71.06188060388035, 42.34766488064456], [-71.06188060388035, 42.3460065796078], [-71.06023056203348, 42.3460065796078], [-71.06023056203348, 42.34766488064456], [-71.06188060388035, 42.34766488064456]]]}, "properties": {"cooling_access": 34.29458999633789, "access_class": "Low"}}, {"type": "Feature", "geometry": {"type": "Polygon", "coordinates": [[[-71.06023056203348, 42.34766488064456], [-71.06023056203348, 42.3460065796078], [-71.0585805201866, 42.3460065796078], [-71.0585805201866, 42.34766488064456], [-71.06023056203348, 42.34766488064456]]]}, "properties": {"cooling_access": 33.20950698852539, "access_class": "Low"}}, {"type": "Feature", "geometry": {"type": "Polygon", "coordinates": [[[-71.0585805201866, 42.34766488064456], [-71.0585805201866, 42.3460065796078], [-71.05693047833972, 42.3460065796078], [-71.05693047833972, 42.34766488064456], [-71.0585805201866, 42.34766488064456]]]}, "properties": {"cooling_access": 31.576242446899414, "access_class": "Low"}}, {"type": "Feature", "geometry": {"type": "Polygon", "coordinates": [[[-71.05693047833972, 42.34766488064456], [-71.05693047833972, 42.3460065796078], [-71.05528043649285, 42.3460065796078], [-71.05528043649285, 42.34766488064456], [-71.05693047833972, 42.34766488064456]]]}, "properties": {"cooling_access": 29.345603942871094, "access_class": "Low"}}, {"type": "Feature", "geometry": {"type": "Polygon", "coordinates": [[[-71.05363039464598, 42.34766488064456], [-71.05363039464598, 42.3460065796078], [-71.05198035279909, 42.3460065796078], [-71.05198035279909, 42.34766488064456], [-71.05363039464598, 42.34766488064456]]]}, "properties": {"cooling_access": 27.53829002380371, "access_class": "Low"}}, {"type": "Feature", "geometry": {"type": "Polygon", "coordinates": [[[-71.05198035279909, 42.34766488064456], [-71.05198035279909, 42.3460065796078], [-71.05033031095222, 42.3460065796078], [-71.05033031095222, 42.34766488064456], [-71.05198035279909, 42.34766488064456]]]}, "properties": {"cooling_access": 27.277908325195312, "access_class": "Low"}}, {"type": "Feature", "geometry": {"type": "Polygon", "coordinates": [[[-71.05033031095222, 42.34766488064456], [-71.05033031095222, 42.3460065796078], [-71.04868026910535, 42.3460065796078], [-71.04868026910535, 42.34766488064456], [-71.05033031095222, 42.34766488064456]]]}, "properties": {"cooling_access": 25.951641082763672, "access_class": "Low"}}, {"type": "Feature", "geometry": {"type": "Polygon", "coordinates": [[[-71.04868026910535, 42.34766488064456], [-71.04868026910535, 42.3460065796078], [-71.04703022725847, 42.3460065796078], [-71.04703022725847, 42.34766488064456], [-71.04868026910535, 42.34766488064456]]]}, "properties": {"cooling_access": 23.884033203125, "access_class": "Low"}}, {"type": "Feature", "geometry": {"type": "Polygon", "coordinates": [[[-71.04703022725847, 42.34766488064456], [-71.04703022725847, 42.3460065796078], [-71.04538018541159, 42.3460065796078], [-71.04538018541159, 42.34766488064456], [-71.04703022725847, 42.34766488064456]]]}, "properties": {"cooling_access": 21.548383712768555, "access_class": "Low"}}, {"type": "Feature", "geometry": {"type": "Polygon", "coordinates": [[[-71.04538018541159, 42.34766488064456], [-71.04538018541159, 42.3460065796078], [-71.04373014356472, 42.3460065796078], [-71.04373014356472, 42.34766488064456], [-71.04538018541159, 42.34766488064456]]]}, "properties": {"cooling_access": 20.268680572509766, "access_class": "Low"}}, {"type": "Feature", "geometry": {"type": "Polygon", "coordinates": [[[-71.04373014356472, 42.34766488064456], [-71.04373014356472, 42.3460065796078], [-71.04208010171784, 42.3460065796078], [-71.04208010171784, 42.34766488064456], [-71.04373014356472, 42.34766488064456]]]}, "properties": {"cooling_access": 18.2545223236084, "access_class": "Very Low"}}, {"type": "Feature", "geometry": {"type": "Polygon", "coordinates": [[[-71.04208010171784, 42.34766488064456], [-71.04208010171784, 42.3460065796078], [-71.04043005987097, 42.3460065796078], [-71.04043005987097, 42.34766488064456], [-71.04208010171784, 42.34766488064456]]]}, "properties": {"cooling_access": 15.996040344238281, "access_class": "Very Low"}}, {"type": "Feature", "geometry": {"type": "Polygon", "coordinates": [[[-71.04043005987097, 42.34766488064456], [-71.04043005987097, 42.3460065796078], [-71.03878001802408, 42.3460065796078], [-71.03878001802408, 42.34766488064456], [-71.04043005987097, 42.34766488064456]]]}, "properties": {"cooling_access": 14.187309265136719, "access_class": "Very Low"}}, {"type": "Feature", "geometry": {"type": "Polygon", "coordinates": [[[-71.03878001802408, 42.34766488064456], [-71.03878001802408, 42.3460065796078], [-71.03712997617721, 42.3460065796078], [-71.03712997617721, 42.34766488064456], [-71.03878001802408, 42.34766488064456]]]}, "properties": {"cooling_access": 12.753020286560059, "access_class": "Very Low"}}, {"type": "Feature", "geometry": {"type": "Polygon", "coordinates": [[[-71.03712997617721, 42.34766488064456], [-71.03712997617721, 42.3460065796078], [-71.03547993433034, 42.3460065796078], [-71.03547993433034, 42.34766488064456], [-71.03712997617721, 42.34766488064456]]]}, "properties": {"cooling_access": 10.140230178833008, "access_class": "Very Low"}}, {"type": "Feature", "geometry": {"type": "Polygon", "coordinates": [[[-71.03547993433034, 42.34766488064456], [-71.03547993433034, 42.3460065796078], [-71.03382989248347, 42.3460065796078], [-71.03382989248347, 42.34766488064456], [-71.03547993433034, 42.34766488064456]]]}, "properties": {"cooling_access": 7.925506591796875, "access_class": "Very Low"}}, {"type": "Feature", "geometry": {"type": "Polygon", "coordinates": [[[-71.03382989248347, 42.34766488064456], [-71.03382989248347, 42.3460065796078], [-71.03217985063658, 42.3460065796078], [-71.03217985063658, 42.34766488064456], [-71.03382989248347, 42.34766488064456]]]}, "properties": {"cooling_access": 5.455735206604004, "access_class": "Very Low"}}, {"type": "Feature", "geometry": {"type": "Polygon", "coordinates": [[[-71.03217985063658, 42.34766488064456], [-71.03217985063658, 42.3460065796078], [-71.03052980878971, 42.3460065796078], [-71.03052980878971, 42.34766488064456], [-71.03217985063658, 42.34766488064456]]]}, "properties": {"cooling_access": 3.6571412086486816, "access_class": "Very Low"}}, {"type": "Feature", "geometry": {"type": "Polygon", "coordinates": [[[-71.03052980878971, 42.34766488064456], [-71.03052980878971, 42.3460065796078], [-71.02887976694284, 42.3460065796078], [-71.02887976694284, 42.34766488064456], [-71.03052980878971, 42.34766488064456]]]}, "properties": {"cooling_access": 5.453401565551758, "access_class": "Very Low"}}, {"type": "Feature", "geometry": {"type": "Polygon", "coordinates": [[[-71.02887976694284, 42.34766488064456], [-71.02887976694284, 42.3460065796078], [-71.02722972509596, 42.3460065796078], [-71.02722972509596, 42.34766488064456], [-71.02887976694284, 42.34766488064456]]]}, "properties": {"cooling_access": 7.8672332763671875, "access_class": "Very Low"}}, {"type": "Feature", "geometry": {"type": "Polygon", "coordinates": [[[-71.02722972509596, 42.34766488064456], [-71.02722972509596, 42.3460065796078], [-71.02557968324908, 42.3460065796078], [-71.02557968324908, 42.34766488064456], [-71.02722972509596, 42.34766488064456]]]}, "properties": {"cooling_access": 10.45418643951416, "access_class": "Very Low"}}, {"type": "Feature", "geometry": {"type": "Polygon", "coordinates": [[[-71.02557968324908, 42.34766488064456], [-71.02557968324908, 42.3460065796078], [-71.0239296414022, 42.3460065796078], [-71.0239296414022, 42.34766488064456], [-71.02557968324908, 42.34766488064456]]]}, "properties": {"cooling_access": 13.152935981750488, "access_class": "Very Low"}}, {"type": "Feature", "geometry": {"type": "Polygon", "coordinates": [[[-71.06023056203348, 42.3460065796078], [-71.06023056203348, 42.34434827857105], [-71.0585805201866, 42.34434827857105], [-71.0585805201866, 42.3460065796078], [-71.06023056203348, 42.3460065796078]]]}, "properties": {"cooling_access": 34.44460678100586, "access_class": "Low"}}, {"type": "Feature", "geometry": {"type": "Polygon", "coordinates": [[[-71.0585805201866, 42.3460065796078], [-71.0585805201866, 42.34434827857105], [-71.05693047833972, 42.34434827857105], [-71.05693047833972, 42.3460065796078], [-71.0585805201866, 42.3460065796078]]]}, "properties": {"cooling_access": 32.38527297973633, "access_class": "Low"}}, {"type": "Feature", "geometry": {"type": "Polygon", "coordinates": [[[-71.05693047833972, 42.3460065796078], [-71.05693047833972, 42.34434827857105], [-71.05528043649285, 42.34434827857105], [-71.05528043649285, 42.3460065796078], [-71.05693047833972, 42.3460065796078]]]}, "properties": {"cooling_access": 31.337636947631836, "access_class": "Low"}}, {"type": "Feature", "geometry": {"type": "Polygon", "coordinates": [[[-71.05528043649285, 42.3460065796078], [-71.05528043649285, 42.34434827857105], [-71.05363039464598, 42.34434827857105], [-71.05363039464598, 42.3460065796078], [-71.05528043649285, 42.3460065796078]]]}, "properties": {"cooling_access": 30.587339401245117, "access_class": "Low"}}, {"type": "Feature", "geometry": {"type": "Polygon", "coordinates": [[[-71.05363039464598, 42.3460065796078], [-71.05363039464598, 42.34434827857105], [-71.05198035279909, 42.34434827857105], [-71.05198035279909, 42.3460065796078], [-71.05363039464598, 42.3460065796078]]]}, "properties": {"cooling_access": 30.242162704467773, "access_class": "Low"}}, {"type": "Feature", "geometry": {"type": "Polygon", "coordinates": [[[-71.05198035279909, 42.3460065796078], [-71.05198035279909, 42.34434827857105], [-71.05033031095222, 42.34434827857105], [-71.05033031095222, 42.3460065796078], [-71.05198035279909, 42.3460065796078]]]}, "properties": {"cooling_access": 28.708723068237305, "access_class": "Low"}}, {"type": "Feature", "geometry": {"type": "Polygon", "coordinates": [[[-71.05033031095222, 42.3460065796078], [-71.05033031095222, 42.34434827857105], [-71.04868026910535, 42.34434827857105], [-71.04868026910535, 42.3460065796078], [-71.05033031095222, 42.3460065796078]]]}, "properties": {"cooling_access": 26.64342498779297, "access_class": "Low"}}, {"type": "Feature", "geometry": {"type": "Polygon", "coordinates": [[[-71.04868026910535, 42.3460065796078], [-71.04868026910535, 42.34434827857105], [-71.04703022725847, 42.34434827857105], [-71.04703022725847, 42.3460065796078], [-71.04868026910535, 42.3460065796078]]]}, "properties": {"cooling_access": 24.91391372680664, "access_class": "Low"}}, {"type": "Feature", "geometry": {"type": "Polygon", "coordinates": [[[-71.04703022725847, 42.3460065796078], [-71.04703022725847, 42.34434827857105], [-71.04538018541159, 42.34434827857105], [-71.04538018541159, 42.3460065796078], [-71.04703022725847, 42.3460065796078]]]}, "properties": {"cooling_access": 23.138778686523438, "access_class": "Low"}}, {"type": "Feature", "geometry": {"type": "Polygon", "coordinates": [[[-71.04538018541159, 42.3460065796078], [-71.04538018541159, 42.34434827857105], [-71.04373014356472, 42.34434827857105], [-71.04373014356472, 42.3460065796078], [-71.04538018541159, 42.3460065796078]]]}, "properties": {"cooling_access": 21.478975296020508, "access_class": "Low"}}, {"type": "Feature", "geometry": {"type": "Polygon", "coordinates": [[[-71.04373014356472, 42.3460065796078], [-71.04373014356472, 42.34434827857105], [-71.04208010171784, 42.34434827857105], [-71.04208010171784, 42.3460065796078], [-71.04373014356472, 42.3460065796078]]]}, "properties": {"cooling_access": 19.542224884033203, "access_class": "Very Low"}}, {"type": "Feature", "geometry": {"type": "Polygon", "coordinates": [[[-71.04208010171784, 42.3460065796078], [-71.04208010171784, 42.34434827857105], [-71.04043005987097, 42.34434827857105], [-71.04043005987097, 42.3460065796078], [-71.04208010171784, 42.3460065796078]]]}, "properties": {"cooling_access": 17.464323043823242, "access_class": "Very Low"}}, {"type": "Feature", "geometry": {"type": "Polygon", "coordinates": [[[-71.04043005987097, 42.3460065796078], [-71.04043005987097, 42.34434827857105], [-71.03878001802408, 42.34434827857105], [-71.03878001802408, 42.3460065796078], [-71.04043005987097, 42.3460065796078]]]}, "properties": {"cooling_access": 15.817102432250977, "access_class": "Very Low"}}, {"type": "Feature", "geometry": {"type": "Polygon", "coordinates": [[[-71.03878001802408, 42.3460065796078], [-71.03878001802408, 42.34434827857105], [-71.03712997617721, 42.34434827857105], [-71.03712997617721, 42.3460065796078], [-71.03878001802408, 42.3460065796078]]]}, "properties": {"cooling_access": 13.708491325378418, "access_class": "Very Low"}}, {"type": "Feature", "geometry": {"type": "Polygon", "coordinates": [[[-71.03712997617721, 42.3460065796078], [-71.03712997617721, 42.34434827857105], [-71.03547993433034, 42.34434827857105], [-71.03547993433034, 42.3460065796078], [-71.03712997617721, 42.3460065796078]]]}, "properties": {"cooling_access": 11.39760684967041, "access_class": "Very Low"}}, {"type": "Feature", "geometry": {"type": "Polygon", "coordinates": [[[-71.03547993433034, 42.3460065796078], [-71.03547993433034, 42.34434827857105], [-71.03382989248347, 42.34434827857105], [-71.03382989248347, 42.3460065796078], [-71.03547993433034, 42.3460065796078]]]}, "properties": {"cooling_access": 8.876702308654785, "access_class": "Very Low"}}, {"type": "Feature", "geometry": {"type": "Polygon", "coordinates": [[[-71.03382989248347, 42.3460065796078], [-71.03382989248347, 42.34434827857105], [-71.03217985063658, 42.34434827857105], [-71.03217985063658, 42.3460065796078], [-71.03382989248347, 42.3460065796078]]]}, "properties": {"cooling_access": 6.190805912017822, "access_class": "Very Low"}}, {"type": "Feature", "geometry": {"type": "Polygon", "coordinates": [[[-71.03217985063658, 42.3460065796078], [-71.03217985063658, 42.34434827857105], [-71.03052980878971, 42.34434827857105], [-71.03052980878971, 42.3460065796078], [-71.03217985063658, 42.3460065796078]]]}, "properties": {"cooling_access": 4.59403657913208, "access_class": "Very Low"}}, {"type": "Feature", "geometry": {"type": "Polygon", "coordinates": [[[-71.03052980878971, 42.3460065796078], [-71.03052980878971, 42.34434827857105], [-71.02887976694284, 42.34434827857105], [-71.02887976694284, 42.3460065796078], [-71.03052980878971, 42.3460065796078]]]}, "properties": {"cooling_access": 6.703171253204346, "access_class": "Very Low"}}, {"type": "Feature", "geometry": {"type": "Polygon", "coordinates": [[[-71.02887976694284, 42.3460065796078], [-71.02887976694284, 42.34434827857105], [-71.02722972509596, 42.34434827857105], [-71.02722972509596, 42.3460065796078], [-71.02887976694284, 42.3460065796078]]]}, "properties": {"cooling_access": 9.023025512695312, "access_class": "Very Low"}}, {"type": "Feature", "geometry": {"type": "Polygon", "coordinates": [[[-71.0585805201866, 42.34434827857105], [-71.0585805201866, 42.342689977534285], [-71.05693047833972, 42.342689977534285], [-71.05693047833972, 42.34434827857105], [-71.0585805201866, 42.34434827857105]]]}, "properties": {"cooling_access": 34.57389450073242, "access_class": "Low"}}, {"type": "Feature", "geometry": {"type": "Polygon", "coordinates": [[[-71.05693047833972, 42.34434827857105], [-71.05693047833972, 42.342689977534285], [-71.05528043649285, 42.342689977534285], [-71.05528043649285, 42.34434827857105], [-71.05693047833972, 42.34434827857105]]]}, "properties": {"cooling_access": 33.90190124511719, "access_class": "Low"}}, {"type": "Feature", "geometry": {"type": "Polygon", "coordinates": [[[-71.05528043649285, 42.34434827857105], [-71.05528043649285, 42.342689977534285], [-71.05363039464598, 42.342689977534285], [-71.05363039464598, 42.34434827857105], [-71.05528043649285, 42.34434827857105]]]}, "properties": {"cooling_access": 33.160255432128906, "access_class": "Low"}}, {"type": "Feature", "geometry": {"type": "Polygon", "coordinates": [[[-71.05363039464598, 42.34434827857105], [-71.05363039464598, 42.342689977534285], [-71.05198035279909, 42.342689977534285], [-71.05198035279909, 42.34434827857105], [-71.05363039464598, 42.34434827857105]]]}, "properties": {"cooling_access": 31.50946807861328, "access_class": "Low"}}, {"type": "Feature", "geometry": {"type": "Polygon", "coordinates": [[[-71.05198035279909, 42.34434827857105], [-71.05198035279909, 42.342689977534285], [-71.05033031095222, 42.342689977534285], [-71.05033031095222, 42.34434827857105], [-71.05198035279909, 42.34434827857105]]]}, "properties": {"cooling_access": 29.491466522216797, "access_class": "Low"}}, {"type": "Feature", "geometry": {"type": "Polygon", "coordinates": [[[-71.05033031095222, 42.34434827857105], [-71.05033031095222, 42.342689977534285], [-71.04868026910535, 42.342689977534285], [-71.04868026910535, 42.34434827857105], [-71.05033031095222, 42.34434827857105]]]}, "properties": {"cooling_access": 27.95375633239746, "access_class": "Low"}}, {"type": "Feature", "geometry": {"type": "Polygon", "coordinates": [[[-71.04868026910535, 42.34434827857105], [-71.04868026910535, 42.342689977534285], [-71.04703022725847, 42.342689977534285], [-71.04703022725847, 42.34434827857105], [-71.04868026910535, 42.34434827857105]]]}, "properties": {"cooling_access": 26.17133903503418, "access_class": "Low"}}, {"type": "Feature", "geometry": {"type": "Polygon", "coordinates": [[[-71.04703022725847, 42.34434827857105], [-71.04703022725847, 42.342689977534285], [-71.04538018541159, 42.342689977534285], [-71.04538018541159, 42.34434827857105], [-71.04703022725847, 42.34434827857105]]]}, "properties": {"cooling_access": 24.649261474609375, "access_class": "Low"}}, {"type": "Feature", "geometry": {"type": "Polygon", "coordinates": [[[-71.04538018541159, 42.34434827857105], [-71.04538018541159, 42.342689977534285], [-71.04373014356472, 42.342689977534285], [-71.04373014356472, 42.34434827857105], [-71.04538018541159, 42.34434827857105]]]}, "properties": {"cooling_access": 22.720748901367188, "access_class": "Low"}}, {"type": "Feature", "geometry": {"type": "Polygon", "coordinates": [[[-71.04373014356472, 42.34434827857105], [-71.04373014356472, 42.342689977534285], [-71.04208010171784, 42.342689977534285], [-71.04208010171784, 42.34434827857105], [-71.04373014356472, 42.34434827857105]]]}, "properties": {"cooling_access": 20.610519409179688, "access_class": "Low"}}, {"type": "Feature", "geometry": {"type": "Polygon", "coordinates": [[[-71.04208010171784, 42.34434827857105], [-71.04208010171784, 42.342689977534285], [-71.04043005987097, 42.342689977534285], [-71.04043005987097, 42.34434827857105], [-71.04208010171784, 42.34434827857105]]]}, "properties": {"cooling_access": 18.6250057220459, "access_class": "Very Low"}}, {"type": "Feature", "geometry": {"type": "Polygon", "coordinates": [[[-71.04043005987097, 42.34434827857105], [-71.04043005987097, 42.342689977534285], [-71.03878001802408, 42.342689977534285], [-71.03878001802408, 42.34434827857105], [-71.04043005987097, 42.34434827857105]]]}, "properties": {"cooling_access": 16.131460189819336, "access_class": "Very Low"}}, {"type": "Feature", "geometry": {"type": "Polygon", "coordinates": [[[-71.03712997617721, 42.34434827857105], [-71.03712997617721, 42.342689977534285], [-71.03547993433034, 42.342689977534285], [-71.03547993433034, 42.34434827857105], [-71.03712997617721, 42.34434827857105]]]}, "properties": {"cooling_access": 11.021343231201172, "access_class": "Very Low"}}, {"type": "Feature", "geometry": {"type": "Polygon", "coordinates": [[[-71.03547993433034, 42.34434827857105], [-71.03547993433034, 42.342689977534285], [-71.03382989248347, 42.342689977534285], [-71.03382989248347, 42.34434827857105], [-71.03547993433034, 42.34434827857105]]]}, "properties": {"cooling_access": 8.018028259277344, "access_class": "Very Low"}}, {"type": "Feature", "geometry": {"type": "Polygon", "coordinates": [[[-71.03382989248347, 42.34434827857105], [-71.03382989248347, 42.342689977534285], [-71.03217985063658, 42.342689977534285], [-71.03217985063658, 42.34434827857105], [-71.03382989248347, 42.34434827857105]]]}, "properties": {"cooling_access": 6.251655578613281, "access_class": "Very Low"}}, {"type": "Feature", "geometry": {"type": "Polygon", "coordinates": [[[-71.03217985063658, 42.34434827857105], [-71.03217985063658, 42.342689977534285], [-71.03052980878971, 42.342689977534285], [-71.03052980878971, 42.34434827857105], [-71.03217985063658, 42.34434827857105]]]}, "properties": {"cooling_access": 4.422669410705566, "access_class": "Very Low"}}, {"type": "Feature", "geometry": {"type": "Polygon", "coordinates": [[[-71.03052980878971, 42.34434827857105], [-71.03052980878971, 42.342689977534285], [-71.02887976694284, 42.342689977534285], [-71.02887976694284, 42.34434827857105], [-71.03052980878971, 42.34434827857105]]]}, "properties": {"cooling_access": 6.025711536407471, "access_class": "Very Low"}}, {"type": "Feature", "geometry": {"type": "Polygon", "coordinates": [[[-71.02887976694284, 42.34434827857105], [-71.02887976694284, 42.342689977534285], [-71.02722972509596, 42.342689977534285], [-71.02722972509596, 42.34434827857105], [-71.02887976694284, 42.34434827857105]]]}, "properties": {"cooling_access": 8.787606239318848, "access_class": "Very Low"}}, {"type": "Feature", "geometry": {"type": "Polygon", "coordinates": [[[-71.02722972509596, 42.34434827857105], [-71.02722972509596, 42.342689977534285], [-71.02557968324908, 42.342689977534285], [-71.02557968324908, 42.34434827857105], [-71.02722972509596, 42.34434827857105]]]}, "properties": {"cooling_access": 11.223766326904297, "access_class": "Very Low"}}, {"type": "Feature", "geometry": {"type": "Polygon", "coordinates": [[[-71.02557968324908, 42.34434827857105], [-71.02557968324908, 42.342689977534285], [-71.0239296414022, 42.342689977534285], [-71.0239296414022, 42.34434827857105], [-71.02557968324908, 42.34434827857105]]]}, "properties": {"cooling_access": 13.494251251220703, "access_class": "Very Low"}}, {"type": "Feature", "geometry": {"type": "Polygon", "coordinates": [[[-71.0239296414022, 42.34434827857105], [-71.0239296414022, 42.342689977534285], [-71.02227959955533, 42.342689977534285], [-71.02227959955533, 42.34434827857105], [-71.0239296414022, 42.34434827857105]]]}, "properties": {"cooling_access": 15.943591117858887, "access_class": "Very Low"}}, {"type": "Feature", "geometry": {"type": "Polygon", "coordinates": [[[-71.05528043649285, 42.342689977534285], [-71.05528043649285, 42.34103167649753], [-71.05363039464598, 42.34103167649753], [-71.05363039464598, 42.342689977534285], [-71.05528043649285, 42.342689977534285]]]}, "properties": {"cooling_access": 34.26512908935547, "access_class": "Low"}}, {"type": "Feature", "geometry": {"type": "Polygon", "coordinates": [[[-71.05363039464598, 42.342689977534285], [-71.05363039464598, 42.34103167649753], [-71.05198035279909, 42.34103167649753], [-71.05198035279909, 42.342689977534285], [-71.05363039464598, 42.342689977534285]]]}, "properties": {"cooling_access": 32.26443099975586, "access_class": "Low"}}, {"type": "Feature", "geometry": {"type": "Polygon", "coordinates": [[[-71.05198035279909, 42.342689977534285], [-71.05198035279909, 42.34103167649753], [-71.05033031095222, 42.34103167649753], [-71.05033031095222, 42.342689977534285], [-71.05198035279909, 42.342689977534285]]]}, "properties": {"cooling_access": 30.783119201660156, "access_class": "Low"}}, {"type": "Feature", "geometry": {"type": "Polygon", "coordinates": [[[-71.05033031095222, 42.342689977534285], [-71.05033031095222, 42.34103167649753], [-71.04868026910535, 42.34103167649753], [-71.04868026910535, 42.342689977534285], [-71.05033031095222, 42.342689977534285]]]}, "properties": {"cooling_access": 29.074939727783203, "access_class": "Low"}}, {"type": "Feature", "geometry": {"type": "Polygon", "coordinates": [[[-71.04868026910535, 42.342689977534285], [-71.04868026910535, 42.34103167649753], [-71.04703022725847, 42.34103167649753], [-71.04703022725847, 42.342689977534285], [-71.04868026910535, 42.342689977534285]]]}, "properties": {"cooling_access": 27.685489654541016, "access_class": "Low"}}, {"type": "Feature", "geometry": {"type": "Polygon", "coordinates": [[[-71.04703022725847, 42.342689977534285], [-71.04703022725847, 42.34103167649753], [-71.04538018541159, 42.34103167649753], [-71.04538018541159, 42.342689977534285], [-71.04703022725847, 42.342689977534285]]]}, "properties": {"cooling_access": 25.710535049438477, "access_class": "Low"}}, {"type": "Feature", "geometry": {"type": "Polygon", "coordinates": [[[-71.04538018541159, 42.342689977534285], [-71.04538018541159, 42.34103167649753], [-71.04373014356472, 42.34103167649753], [-71.04373014356472, 42.342689977534285], [-71.04538018541159, 42.342689977534285]]]}, "properties": {"cooling_access": 23.46744155883789, "access_class": "Low"}}, {"type": "Feature", "geometry": {"type": "Polygon", "coordinates": [[[-71.04373014356472, 42.342689977534285], [-71.04373014356472, 42.34103167649753], [-71.04208010171784, 42.34103167649753], [-71.04208010171784, 42.342689977534285], [-71.04373014356472, 42.342689977534285]]]}, "properties": {"cooling_access": 21.52838134765625, "access_class": "Low"}}, {"type": "Feature", "geometry": {"type": "Polygon", "coordinates": [[[-71.04208010171784, 42.342689977534285], [-71.04208010171784, 42.34103167649753], [-71.04043005987097, 42.34103167649753], [-71.04043005987097, 42.342689977534285], [-71.04208010171784, 42.342689977534285]]]}, "properties": {"cooling_access": 19.381731033325195, "access_class": "Very Low"}}, {"type": "Feature", "geometry": {"type": "Polygon", "coordinates": [[[-71.04043005987097, 42.342689977534285], [-71.04043005987097, 42.34103167649753], [-71.03878001802408, 42.34103167649753], [-71.03878001802408, 42.342689977534285], [-71.04043005987097, 42.342689977534285]]]}, "properties": {"cooling_access": 16.85839080810547, "access_class": "Very Low"}}, {"type": "Feature", "geometry": {"type": "Polygon", "coordinates": [[[-71.02557968324908, 42.342689977534285], [-71.02557968324908, 42.34103167649753], [-71.0239296414022, 42.34103167649753], [-71.0239296414022, 42.342689977534285], [-71.02557968324908, 42.342689977534285]]]}, "properties": {"cooling_access": 11.59929084777832, "access_class": "Very Low"}}, {"type": "Feature", "geometry": {"type": "Polygon", "coordinates": [[[-71.0239296414022, 42.342689977534285], [-71.0239296414022, 42.34103167649753], [-71.02227959955533, 42.34103167649753], [-71.02227959955533, 42.342689977534285], [-71.0239296414022, 42.342689977534285]]]}, "properties": {"cooling_access": 14.463825225830078, "access_class": "Very Low"}}, {"type": "Feature", "geometry": {"type": "Polygon", "coordinates": [[[-71.02227959955533, 42.342689977534285], [-71.02227959955533, 42.34103167649753], [-71.02062955770846, 42.34103167649753], [-71.02062955770846, 42.342689977534285], [-71.02227959955533, 42.342689977534285]]]}, "properties": {"cooling_access": 16.62061309814453, "access_class": "Very Low"}}, {"type": "Feature", "geometry": {"type": "Polygon", "coordinates": [[[-71.02062955770846, 42.342689977534285], [-71.02062955770846, 42.34103167649753], [-71.01897951586157, 42.34103167649753], [-71.01897951586157, 42.342689977534285], [-71.02062955770846, 42.342689977534285]]]}, "properties": {"cooling_access": 18.673805236816406, "access_class": "Very Low"}}, {"type": "Feature", "geometry": {"type": "Polygon", "coordinates": [[[-71.01897951586157, 42.342689977534285], [-71.01897951586157, 42.34103167649753], [-71.0173294740147, 42.34103167649753], [-71.0173294740147, 42.342689977534285], [-71.01897951586157, 42.342689977534285]]]}, "properties": {"cooling_access": 20.66677474975586, "access_class": "Low"}}, {"type": "Feature", "geometry": {"type": "Polygon", "coordinates": [[[-71.0173294740147, 42.342689977534285], [-71.0173294740147, 42.34103167649753], [-71.01567943216783, 42.34103167649753], [-71.01567943216783, 42.342689977534285], [-71.0173294740147, 42.342689977534285]]]}, "properties": {"cooling_access": 22.818679809570312, "access_class": "Low"}}, {"type": "Feature", "geometry": {"type": "Polygon", "coordinates": [[[-71.01567943216783, 42.342689977534285], [-71.01567943216783, 42.34103167649753], [-71.01402939032096, 42.34103167649753], [-71.01402939032096, 42.342689977534285], [-71.01567943216783, 42.342689977534285]]]}, "properties": {"cooling_access": 26.032140731811523, "access_class": "Low"}}, {"type": "Feature", "geometry": {"type": "Polygon", "coordinates": [[[-70.89687641919276, 42.342689977534285], [-70.89687641919276, 42.34103167649753], [-70.89522637734589, 42.34103167649753], [-70.89522637734589, 42.342689977534285], [-70.89687641919276, 42.342689977534285]]]}, "properties": {"cooling_access": 23.88093376159668, "access_class": "Low"}}, {"type": "Feature", "geometry": {"type": "Polygon", "coordinates": [[[-70.880376000724, 42.342689977534285], [-70.880376000724, 42.34103167649753], [-70.87872595887713, 42.34103167649753], [-70.87872595887713, 42.342689977534285], [-70.880376000724, 42.342689977534285]]]}, "properties": {"cooling_access": 7.425080299377441, "access_class": "Very Low"}}, {"type": "Feature", "geometry": {"type": "Polygon", "coordinates": [[[-70.87872595887713, 42.342689977534285], [-70.87872595887713, 42.34103167649753], [-70.87707591703025, 42.34103167649753], [-70.87707591703025, 42.342689977534285], [-70.87872595887713, 42.342689977534285]]]}, "properties": {"cooling_access": 5.4783430099487305, "access_class": "Very Low"}}, {"type": "Feature", "geometry": {"type": "Polygon", "coordinates": [[[-71.05363039464598, 42.34103167649753], [-71.05363039464598, 42.339373375460774], [-71.05198035279909, 42.339373375460774], [-71.05198035279909, 42.34103167649753], [-71.05363039464598, 42.34103167649753]]]}, "properties": {"cooling_access": 33.6329345703125, "access_class": "Low"}}, {"type": "Feature", "geometry": {"type": "Polygon", "coordinates": [[[-71.05198035279909, 42.34103167649753], [-71.05198035279909, 42.339373375460774], [-71.05033031095222, 42.339373375460774], [-71.05033031095222, 42.34103167649753], [-71.05198035279909, 42.34103167649753]]]}, "properties": {"cooling_access": 31.704959869384766, "access_class": "Low"}}, {"type": "Feature", "geometry": {"type": "Polygon", "coordinates": [[[-71.05033031095222, 42.34103167649753], [-71.05033031095222, 42.339373375460774], [-71.04868026910535, 42.339373375460774], [-71.04868026910535, 42.34103167649753], [-71.05033031095222, 42.34103167649753]]]}, "properties": {"cooling_access": 30.47878646850586, "access_class": "Low"}}, {"type": "Feature", "geometry": {"type": "Polygon", "coordinates": [[[-71.04868026910535, 42.34103167649753], [-71.04868026910535, 42.339373375460774], [-71.04703022725847, 42.339373375460774], [-71.04703022725847, 42.34103167649753], [-71.04868026910535, 42.34103167649753]]]}, "properties": {"cooling_access": 28.607650756835938, "access_class": "Low"}}, {"type": "Feature", "geometry": {"type": "Polygon", "coordinates": [[[-71.04703022725847, 42.34103167649753], [-71.04703022725847, 42.339373375460774], [-71.04538018541159, 42.339373375460774], [-71.04538018541159, 42.34103167649753], [-71.04703022725847, 42.34103167649753]]]}, "properties": {"cooling_access": 26.597305297851562, "access_class": "Low"}}, {"type": "Feature", "geometry": {"type": "Polygon", "coordinates": [[[-71.04538018541159, 42.34103167649753], [-71.04538018541159, 42.339373375460774], [-71.04373014356472, 42.339373375460774], [-71.04373014356472, 42.34103167649753], [-71.04538018541159, 42.34103167649753]]]}, "properties": {"cooling_access": 24.63313102722168, "access_class": "Low"}}, {"type": "Feature", "geometry": {"type": "Polygon", "coordinates": [[[-71.04373014356472, 42.34103167649753], [-71.04373014356472, 42.339373375460774], [-71.04208010171784, 42.339373375460774], [-71.04208010171784, 42.34103167649753], [-71.04373014356472, 42.34103167649753]]]}, "properties": {"cooling_access": 22.97423553466797, "access_class": "Low"}}, {"type": "Feature", "geometry": {"type": "Polygon", "coordinates": [[[-71.04208010171784, 42.34103167649753], [-71.04208010171784, 42.339373375460774], [-71.04043005987097, 42.339373375460774], [-71.04043005987097, 42.34103167649753], [-71.04208010171784, 42.34103167649753]]]}, "properties": {"cooling_access": 20.825130462646484, "access_class": "Low"}}, {"type": "Feature", "geometry": {"type": "Polygon", "coordinates": [[[-71.03878001802408, 42.34103167649753], [-71.03878001802408, 42.339373375460774], [-71.03712997617721, 42.339373375460774], [-71.03712997617721, 42.34103167649753], [-71.03878001802408, 42.34103167649753]]]}, "properties": {"cooling_access": 15.489545822143555, "access_class": "Very Low"}}, {"type": "Feature", "geometry": {"type": "Polygon", "coordinates": [[[-71.03712997617721, 42.34103167649753], [-71.03712997617721, 42.339373375460774], [-71.03547993433034, 42.339373375460774], [-71.03547993433034, 42.34103167649753], [-71.03712997617721, 42.34103167649753]]]}, "properties": {"cooling_access": 14.556795120239258, "access_class": "Very Low"}}, {"type": "Feature", "geometry": {"type": "Polygon", "coordinates": [[[-71.03547993433034, 42.34103167649753], [-71.03547993433034, 42.339373375460774], [-71.03382989248347, 42.339373375460774], [-71.03382989248347, 42.34103167649753], [-71.03547993433034, 42.34103167649753]]]}, "properties": {"cooling_access": 12.961453437805176, "access_class": "Very Low"}}, {"type": "Feature", "geometry": {"type": "Polygon", "coordinates": [[[-71.03382989248347, 42.34103167649753], [-71.03382989248347, 42.339373375460774], [-71.03217985063658, 42.339373375460774], [-71.03217985063658, 42.34103167649753], [-71.03382989248347, 42.34103167649753]]]}, "properties": {"cooling_access": 10.760115623474121, "access_class": "Very Low"}}, {"type": "Feature", "geometry": {"type": "Polygon", "coordinates": [[[-71.03217985063658, 42.34103167649753], [-71.03217985063658, 42.339373375460774], [-71.03052980878971, 42.339373375460774], [-71.03052980878971, 42.34103167649753], [-71.03217985063658, 42.34103167649753]]]}, "properties": {"cooling_access": 9.204473495483398, "access_class": "Very Low"}}, {"type": "Feature", "geometry": {"type": "Polygon", "coordinates": [[[-71.03052980878971, 42.34103167649753], [-71.03052980878971, 42.339373375460774], [-71.02887976694284, 42.339373375460774], [-71.02887976694284, 42.34103167649753], [-71.03052980878971, 42.34103167649753]]]}, "properties": {"cooling_access": 7.60479211807251, "access_class": "Very Low"}}, {"type": "Feature", "geometry": {"type": "Polygon", "coordinates": [[[-71.02887976694284, 42.34103167649753], [-71.02887976694284, 42.339373375460774], [-71.02722972509596, 42.339373375460774], [-71.02722972509596, 42.34103167649753], [-71.02887976694284, 42.34103167649753]]]}, "properties": {"cooling_access": 7.211251735687256, "access_class": "Very Low"}}, {"type": "Feature", "geometry": {"type": "Polygon", "coordinates": [[[-71.02722972509596, 42.34103167649753], [-71.02722972509596, 42.339373375460774], [-71.02557968324908, 42.339373375460774], [-71.02557968324908, 42.34103167649753], [-71.02722972509596, 42.34103167649753]]]}, "properties": {"cooling_access": 10.299060821533203, "access_class": "Very Low"}}, {"type": "Feature", "geometry": {"type": "Polygon", "coordinates": [[[-71.02557968324908, 42.34103167649753], [-71.02557968324908, 42.339373375460774], [-71.0239296414022, 42.339373375460774], [-71.0239296414022, 42.34103167649753], [-71.02557968324908, 42.34103167649753]]]}, "properties": {"cooling_access": 13.246204376220703, "access_class": "Very Low"}}, {"type": "Feature", "geometry": {"type": "Polygon", "coordinates": [[[-71.0239296414022, 42.34103167649753], [-71.0239296414022, 42.339373375460774], [-71.02227959955533, 42.339373375460774], [-71.02227959955533, 42.34103167649753], [-71.0239296414022, 42.34103167649753]]]}, "properties": {"cooling_access": 16.035476684570312, "access_class": "Very Low"}}, {"type": "Feature", "geometry": {"type": "Polygon", "coordinates": [[[-71.02227959955533, 42.34103167649753], [-71.02227959955533, 42.339373375460774], [-71.02062955770846, 42.339373375460774], [-71.02062955770846, 42.34103167649753], [-71.02227959955533, 42.34103167649753]]]}, "properties": {"cooling_access": 18.517019271850586, "access_class": "Very Low"}}, {"type": "Feature", "geometry": {"type": "Polygon", "coordinates": [[[-71.02062955770846, 42.34103167649753], [-71.02062955770846, 42.339373375460774], [-71.01897951586157, 42.339373375460774], [-71.01897951586157, 42.34103167649753], [-71.02062955770846, 42.34103167649753]]]}, "properties": {"cooling_access": 20.714576721191406, "access_class": "Low"}}, {"type": "Feature", "geometry": {"type": "Polygon", "coordinates": [[[-71.01897951586157, 42.34103167649753], [-71.01897951586157, 42.339373375460774], [-71.0173294740147, 42.339373375460774], [-71.0173294740147, 42.34103167649753], [-71.01897951586157, 42.34103167649753]]]}, "properties": {"cooling_access": 22.713842391967773, "access_class": "Low"}}, {"type": "Feature", "geometry": {"type": "Polygon", "coordinates": [[[-71.0173294740147, 42.34103167649753], [-71.0173294740147, 42.339373375460774], [-71.01567943216783, 42.339373375460774], [-71.01567943216783, 42.34103167649753], [-71.0173294740147, 42.34103167649753]]]}, "properties": {"cooling_access": 24.59966468811035, "access_class": "Low"}}, {"type": "Feature", "geometry": {"type": "Polygon", "coordinates": [[[-71.01567943216783, 42.34103167649753], [-71.01567943216783, 42.339373375460774], [-71.01402939032096, 42.339373375460774], [-71.01402939032096, 42.34103167649753], [-71.01567943216783, 42.34103167649753]]]}, "properties": {"cooling_access": 26.556795120239258, "access_class": "Low"}}, {"type": "Feature", "geometry": {"type": "Polygon", "coordinates": [[[-71.01402939032096, 42.34103167649753], [-71.01402939032096, 42.339373375460774], [-71.01237934847407, 42.339373375460774], [-71.01237934847407, 42.34103167649753], [-71.01402939032096, 42.34103167649753]]]}, "properties": {"cooling_access": 28.855451583862305, "access_class": "Low"}}, {"type": "Feature", "geometry": {"type": "Polygon", "coordinates": [[[-71.01237934847407, 42.34103167649753], [-71.01237934847407, 42.339373375460774], [-71.0107293066272, 42.339373375460774], [-71.0107293066272, 42.34103167649753], [-71.01237934847407, 42.34103167649753]]]}, "properties": {"cooling_access": 31.752628326416016, "access_class": "Low"}}, {"type": "Feature", "geometry": {"type": "Polygon", "coordinates": [[[-70.89852646103964, 42.34103167649753], [-70.89852646103964, 42.339373375460774], [-70.89687641919276, 42.339373375460774], [-70.89687641919276, 42.34103167649753], [-70.89852646103964, 42.34103167649753]]]}, "properties": {"cooling_access": 26.9445858001709, "access_class": "Low"}}, {"type": "Feature", "geometry": {"type": "Polygon", "coordinates": [[[-70.89687641919276, 42.34103167649753], [-70.89687641919276, 42.339373375460774], [-70.89522637734589, 42.339373375460774], [-70.89522637734589, 42.34103167649753], [-70.89687641919276, 42.34103167649753]]]}, "properties": {"cooling_access": 25.95098876953125, "access_class": "Low"}}, {"type": "Feature", "geometry": {"type": "Polygon", "coordinates": [[[-71.05363039464598, 42.339373375460774], [-71.05363039464598, 42.33771507442401], [-71.05198035279909, 42.33771507442401], [-71.05198035279909, 42.339373375460774], [-71.05363039464598, 42.339373375460774]]]}, "properties": {"cooling_access": 34.420867919921875, "access_class": "Low"}}, {"type": "Feature", "geometry": {"type": "Polygon", "coordinates": [[[-71.05198035279909, 42.339373375460774], [-71.05198035279909, 42.33771507442401], [-71.05033031095222, 42.33771507442401], [-71.05033031095222, 42.339373375460774], [-71.05198035279909, 42.339373375460774]]]}, "properties": {"cooling_access": 33.06755447387695, "access_class": "Low"}}, {"type": "Feature", "geometry": {"type": "Polygon", "coordinates": [[[-71.05033031095222, 42.339373375460774], [-71.05033031095222, 42.33771507442401], [-71.04868026910535, 42.33771507442401], [-71.04868026910535, 42.339373375460774], [-71.05033031095222, 42.339373375460774]]]}, "properties": {"cooling_access": 31.253429412841797, "access_class": "Low"}}, {"type": "Feature", "geometry": {"type": "Polygon", "coordinates": [[[-71.04868026910535, 42.339373375460774], [-71.04868026910535, 42.33771507442401], [-71.04703022725847, 42.33771507442401], [-71.04703022725847, 42.339373375460774], [-71.04868026910535, 42.339373375460774]]]}, "properties": {"cooling_access": 29.459423065185547, "access_class": "Low"}}, {"type": "Feature", "geometry": {"type": "Polygon", "coordinates": [[[-71.04703022725847, 42.339373375460774], [-71.04703022725847, 42.33771507442401], [-71.04538018541159, 42.33771507442401], [-71.04538018541159, 42.339373375460774], [-71.04703022725847, 42.339373375460774]]]}, "properties": {"cooling_access": 27.661720275878906, "access_class": "Low"}}, {"type": "Feature", "geometry": {"type": "Polygon", "coordinates": [[[-71.04538018541159, 42.339373375460774], [-71.04538018541159, 42.33771507442401], [-71.04373014356472, 42.33771507442401], [-71.04373014356472, 42.339373375460774], [-71.04538018541159, 42.339373375460774]]]}, "properties": {"cooling_access": 25.96399688720703, "access_class": "Low"}}, {"type": "Feature", "geometry": {"type": "Polygon", "coordinates": [[[-71.04373014356472, 42.339373375460774], [-71.04373014356472, 42.33771507442401], [-71.04208010171784, 42.33771507442401], [-71.04208010171784, 42.339373375460774], [-71.04373014356472, 42.339373375460774]]]}, "properties": {"cooling_access": 24.14914321899414, "access_class": "Low"}}, {"type": "Feature", "geometry": {"type": "Polygon", "coordinates": [[[-71.04208010171784, 42.339373375460774], [-71.04208010171784, 42.33771507442401], [-71.04043005987097, 42.33771507442401], [-71.04043005987097, 42.339373375460774], [-71.04208010171784, 42.339373375460774]]]}, "properties": {"cooling_access": 22.02996826171875, "access_class": "Low"}}, {"type": "Feature", "geometry": {"type": "Polygon", "coordinates": [[[-71.04043005987097, 42.339373375460774], [-71.04043005987097, 42.33771507442401], [-71.03878001802408, 42.33771507442401], [-71.03878001802408, 42.339373375460774], [-71.04043005987097, 42.339373375460774]]]}, "properties": {"cooling_access": 19.934579849243164, "access_class": "Very Low"}}, {"type": "Feature", "geometry": {"type": "Polygon", "coordinates": [[[-71.03878001802408, 42.339373375460774], [-71.03878001802408, 42.33771507442401], [-71.03712997617721, 42.33771507442401], [-71.03712997617721, 42.339373375460774], [-71.03878001802408, 42.339373375460774]]]}, "properties": {"cooling_access": 18.162580490112305, "access_class": "Very Low"}}, {"type": "Feature", "geometry": {"type": "Polygon", "coordinates": [[[-71.03712997617721, 42.339373375460774], [-71.03712997617721, 42.33771507442401], [-71.03547993433034, 42.33771507442401], [-71.03547993433034, 42.339373375460774], [-71.03712997617721, 42.339373375460774]]]}, "properties": {"cooling_access": 16.73348045349121, "access_class": "Very Low"}}, {"type": "Feature", "geometry": {"type": "Polygon", "coordinates": [[[-71.03547993433034, 42.339373375460774], [-71.03547993433034, 42.33771507442401], [-71.03382989248347, 42.33771507442401], [-71.03382989248347, 42.339373375460774], [-71.03547993433034, 42.339373375460774]]]}, "properties": {"cooling_access": 14.716951370239258, "access_class": "Very Low"}}, {"type": "Feature", "geometry": {"type": "Polygon", "coordinates": [[[-71.03382989248347, 42.339373375460774], [-71.03382989248347, 42.33771507442401], [-71.03217985063658, 42.33771507442401], [-71.03217985063658, 42.339373375460774], [-71.03382989248347, 42.339373375460774]]]}, "properties": {"cooling_access": 12.760944366455078, "access_class": "Very Low"}}, {"type": "Feature", "geometry": {"type": "Polygon", "coordinates": [[[-71.03217985063658, 42.339373375460774], [-71.03217985063658, 42.33771507442401], [-71.03052980878971, 42.33771507442401], [-71.03052980878971, 42.339373375460774], [-71.03217985063658, 42.339373375460774]]]}, "properties": {"cooling_access": 11.024862289428711, "access_class": "Very Low"}}, {"type": "Feature", "geometry": {"type": "Polygon", "coordinates": [[[-71.03052980878971, 42.339373375460774], [-71.03052980878971, 42.33771507442401], [-71.02887976694284, 42.33771507442401], [-71.02887976694284, 42.339373375460774], [-71.03052980878971, 42.339373375460774]]]}, "properties": {"cooling_access": 9.012524604797363, "access_class": "Very Low"}}, {"type": "Feature", "geometry": {"type": "Polygon", "coordinates": [[[-71.02887976694284, 42.339373375460774], [-71.02887976694284, 42.33771507442401], [-71.02722972509596, 42.33771507442401], [-71.02722972509596, 42.339373375460774], [-71.02887976694284, 42.339373375460774]]]}, "properties": {"cooling_access": 8.611796379089355, "access_class": "Very Low"}}, {"type": "Feature", "geometry": {"type": "Polygon", "coordinates": [[[-71.02722972509596, 42.339373375460774], [-71.02722972509596, 42.33771507442401], [-71.02557968324908, 42.33771507442401], [-71.02557968324908, 42.339373375460774], [-71.02722972509596, 42.339373375460774]]]}, "properties": {"cooling_access": 10.748392105102539, "access_class": "Very Low"}}, {"type": "Feature", "geometry": {"type": "Polygon", "coordinates": [[[-71.02557968324908, 42.339373375460774], [-71.02557968324908, 42.33771507442401], [-71.0239296414022, 42.33771507442401], [-71.0239296414022, 42.339373375460774], [-71.02557968324908, 42.339373375460774]]]}, "properties": {"cooling_access": 12.82011604309082, "access_class": "Very Low"}}, {"type": "Feature", "geometry": {"type": "Polygon", "coordinates": [[[-71.0239296414022, 42.339373375460774], [-71.0239296414022, 42.33771507442401], [-71.02227959955533, 42.33771507442401], [-71.02227959955533, 42.339373375460774], [-71.0239296414022, 42.339373375460774]]]}, "properties": {"cooling_access": 15.119966506958008, "access_class": "Very Low"}}, {"type": "Feature", "geometry": {"type": "Polygon", "coordinates": [[[-71.02227959955533, 42.339373375460774], [-71.02227959955533, 42.33771507442401], [-71.02062955770846, 42.33771507442401], [-71.02062955770846, 42.339373375460774], [-71.02227959955533, 42.339373375460774]]]}, "properties": {"cooling_access": 16.790857315063477, "access_class": "Very Low"}}, {"type": "Feature", "geometry": {"type": "Polygon", "coordinates": [[[-71.02062955770846, 42.339373375460774], [-71.02062955770846, 42.33771507442401], [-71.01897951586157, 42.33771507442401], [-71.01897951586157, 42.339373375460774], [-71.02062955770846, 42.339373375460774]]]}, "properties": {"cooling_access": 18.6442813873291, "access_class": "Very Low"}}, {"type": "Feature", "geometry": {"type": "Polygon", "coordinates": [[[-71.01897951586157, 42.339373375460774], [-71.01897951586157, 42.33771507442401], [-71.0173294740147, 42.33771507442401], [-71.0173294740147, 42.339373375460774], [-71.01897951586157, 42.339373375460774]]]}, "properties": {"cooling_access": 20.624547958374023, "access_class": "Low"}}, {"type": "Feature", "geometry": {"type": "Polygon", "coordinates": [[[-71.0173294740147, 42.339373375460774], [-71.0173294740147, 42.33771507442401], [-71.01567943216783, 42.33771507442401], [-71.01567943216783, 42.339373375460774], [-71.0173294740147, 42.339373375460774]]]}, "properties": {"cooling_access": 22.4155330657959, "access_class": "Low"}}, {"type": "Feature", "geometry": {"type": "Polygon", "coordinates": [[[-71.01567943216783, 42.339373375460774], [-71.01567943216783, 42.33771507442401], [-71.01402939032096, 42.33771507442401], [-71.01402939032096, 42.339373375460774], [-71.01567943216783, 42.339373375460774]]]}, "properties": {"cooling_access": 26.552204132080078, "access_class": "Low"}}, {"type": "Feature", "geometry": {"type": "Polygon", "coordinates": [[[-71.01402939032096, 42.339373375460774], [-71.01402939032096, 42.33771507442401], [-71.01237934847407, 42.33771507442401], [-71.01237934847407, 42.339373375460774], [-71.01402939032096, 42.339373375460774]]]}, "properties": {"cooling_access": 30.046754837036133, "access_class": "Low"}}, {"type": "Feature", "geometry": {"type": "Polygon", "coordinates": [[[-71.01237934847407, 42.339373375460774], [-71.01237934847407, 42.33771507442401], [-71.0107293066272, 42.33771507442401], [-71.0107293066272, 42.339373375460774], [-71.01237934847407, 42.339373375460774]]]}, "properties": {"cooling_access": 32.67340850830078, "access_class": "Low"}}, {"type": "Feature", "geometry": {"type": "Polygon", "coordinates": [[[-70.89192629365213, 42.339373375460774], [-70.89192629365213, 42.33771507442401], [-70.89027625180526, 42.33771507442401], [-70.89027625180526, 42.339373375460774], [-70.89192629365213, 42.339373375460774]]]}, "properties": {"cooling_access": 21.108684539794922, "access_class": "Low"}}, {"type": "Feature", "geometry": {"type": "Polygon", "coordinates": [[[-70.89027625180526, 42.339373375460774], [-70.89027625180526, 42.33771507442401], [-70.88862620995839, 42.33771507442401], [-70.88862620995839, 42.339373375460774], [-70.89027625180526, 42.339373375460774]]]}, "properties": {"cooling_access": 19.089962005615234, "access_class": "Very Low"}}, {"type": "Feature", "geometry": {"type": "Polygon", "coordinates": [[[-70.88862620995839, 42.339373375460774], [-70.88862620995839, 42.33771507442401], [-70.8869761681115, 42.33771507442401], [-70.8869761681115, 42.339373375460774], [-70.88862620995839, 42.339373375460774]]]}, "properties": {"cooling_access": 17.170686721801758, "access_class": "Very Low"}}, {"type": "Feature", "geometry": {"type": "Polygon", "coordinates": [[[-71.05198035279909, 42.33771507442401], [-71.05198035279909, 42.336056773387256], [-71.05033031095222, 42.336056773387256], [-71.05033031095222, 42.33771507442401], [-71.05198035279909, 42.33771507442401]]]}, "properties": {"cooling_access": 33.78764343261719, "access_class": "Low"}}, {"type": "Feature", "geometry": {"type": "Polygon", "coordinates": [[[-71.05033031095222, 42.33771507442401], [-71.05033031095222, 42.336056773387256], [-71.04868026910535, 42.336056773387256], [-71.04868026910535, 42.33771507442401], [-71.05033031095222, 42.33771507442401]]]}, "properties": {"cooling_access": 32.022396087646484, "access_class": "Low"}}, {"type": "Feature", "geometry": {"type": "Polygon", "coordinates": [[[-71.04868026910535, 42.33771507442401], [-71.04868026910535, 42.336056773387256], [-71.04703022725847, 42.336056773387256], [-71.04703022725847, 42.33771507442401], [-71.04868026910535, 42.33771507442401]]]}, "properties": {"cooling_access": 30.270904541015625, "access_class": "Low"}}, {"type": "Feature", "geometry": {"type": "Polygon", "coordinates": [[[-71.04703022725847, 42.33771507442401], [-71.04703022725847, 42.336056773387256], [-71.04538018541159, 42.336056773387256], [-71.04538018541159, 42.33771507442401], [-71.04703022725847, 42.33771507442401]]]}, "properties": {"cooling_access": 28.529300689697266, "access_class": "Low"}}, {"type": "Feature", "geometry": {"type": "Polygon", "coordinates": [[[-71.04538018541159, 42.33771507442401], [-71.04538018541159, 42.336056773387256], [-71.04373014356472, 42.336056773387256], [-71.04373014356472, 42.33771507442401], [-71.04538018541159, 42.33771507442401]]]}, "properties": {"cooling_access": 26.787609100341797, "access_class": "Low"}}, {"type": "Feature", "geometry": {"type": "Polygon", "coordinates": [[[-71.04373014356472, 42.33771507442401], [-71.04373014356472, 42.336056773387256], [-71.04208010171784, 42.336056773387256], [-71.04208010171784, 42.33771507442401], [-71.04373014356472, 42.33771507442401]]]}, "properties": {"cooling_access": 25.03117561340332, "access_class": "Low"}}, {"type": "Feature", "geometry": {"type": "Polygon", "coordinates": [[[-71.04208010171784, 42.33771507442401], [-71.04208010171784, 42.336056773387256], [-71.04043005987097, 42.336056773387256], [-71.04043005987097, 42.33771507442401], [-71.04208010171784, 42.33771507442401]]]}, "properties": {"cooling_access": 23.170557022094727, "access_class": "Low"}}, {"type": "Feature", "geometry": {"type": "Polygon", "coordinates": [[[-71.04043005987097, 42.33771507442401], [-71.04043005987097, 42.336056773387256], [-71.03878001802408, 42.336056773387256], [-71.03878001802408, 42.33771507442401], [-71.04043005987097, 42.33771507442401]]]}, "properties": {"cooling_access": 21.16526985168457, "access_class": "Low"}}, {"type": "Feature", "geometry": {"type": "Polygon", "coordinates": [[[-71.03878001802408, 42.33771507442401], [-71.03878001802408, 42.336056773387256], [-71.03712997617721, 42.336056773387256], [-71.03712997617721, 42.33771507442401], [-71.03878001802408, 42.33771507442401]]]}, "properties": {"cooling_access": 19.293075561523438, "access_class": "Very Low"}}, {"type": "Feature", "geometry": {"type": "Polygon", "coordinates": [[[-71.03712997617721, 42.33771507442401], [-71.03712997617721, 42.336056773387256], [-71.03547993433034, 42.336056773387256], [-71.03547993433034, 42.33771507442401], [-71.03712997617721, 42.33771507442401]]]}, "properties": {"cooling_access": 17.508333206176758, "access_class": "Very Low"}}, {"type": "Feature", "geometry": {"type": "Polygon", "coordinates": [[[-71.03547993433034, 42.33771507442401], [-71.03547993433034, 42.336056773387256], [-71.03382989248347, 42.336056773387256], [-71.03382989248347, 42.33771507442401], [-71.03547993433034, 42.33771507442401]]]}, "properties": {"cooling_access": 15.618021965026855, "access_class": "Very Low"}}, {"type": "Feature", "geometry": {"type": "Polygon", "coordinates": [[[-71.03382989248347, 42.33771507442401], [-71.03382989248347, 42.336056773387256], [-71.03217985063658, 42.336056773387256], [-71.03217985063658, 42.33771507442401], [-71.03382989248347, 42.33771507442401]]]}, "properties": {"cooling_access": 13.667821884155273, "access_class": "Very Low"}}, {"type": "Feature", "geometry": {"type": "Polygon", "coordinates": [[[-71.03217985063658, 42.33771507442401], [-71.03217985063658, 42.336056773387256], [-71.03052980878971, 42.336056773387256], [-71.03052980878971, 42.33771507442401], [-71.03217985063658, 42.33771507442401]]]}, "properties": {"cooling_access": 11.644021034240723, "access_class": "Very Low"}}, {"type": "Feature", "geometry": {"type": "Polygon", "coordinates": [[[-71.03052980878971, 42.33771507442401], [-71.03052980878971, 42.336056773387256], [-71.02887976694284, 42.336056773387256], [-71.02887976694284, 42.33771507442401], [-71.03052980878971, 42.33771507442401]]]}, "properties": {"cooling_access": 9.569852828979492, "access_class": "Very Low"}}, {"type": "Feature", "geometry": {"type": "Polygon", "coordinates": [[[-71.02887976694284, 42.33771507442401], [-71.02887976694284, 42.336056773387256], [-71.02722972509596, 42.336056773387256], [-71.02722972509596, 42.33771507442401], [-71.02887976694284, 42.33771507442401]]]}, "properties": {"cooling_access": 8.091758728027344, "access_class": "Very Low"}}, {"type": "Feature", "geometry": {"type": "Polygon", "coordinates": [[[-71.02722972509596, 42.33771507442401], [-71.02722972509596, 42.336056773387256], [-71.02557968324908, 42.336056773387256], [-71.02557968324908, 42.33771507442401], [-71.02722972509596, 42.33771507442401]]]}, "properties": {"cooling_access": 10.00972843170166, "access_class": "Very Low"}}, {"type": "Feature", "geometry": {"type": "Polygon", "coordinates": [[[-71.02557968324908, 42.33771507442401], [-71.02557968324908, 42.336056773387256], [-71.0239296414022, 42.336056773387256], [-71.0239296414022, 42.33771507442401], [-71.02557968324908, 42.33771507442401]]]}, "properties": {"cooling_access": 11.547635078430176, "access_class": "Very Low"}}, {"type": "Feature", "geometry": {"type": "Polygon", "coordinates": [[[-71.0239296414022, 42.33771507442401], [-71.0239296414022, 42.336056773387256], [-71.02227959955533, 42.336056773387256], [-71.02227959955533, 42.33771507442401], [-71.0239296414022, 42.33771507442401]]]}, "properties": {"cooling_access": 14.656392097473145, "access_class": "Very Low"}}, {"type": "Feature", "geometry": {"type": "Polygon", "coordinates": [[[-71.02227959955533, 42.33771507442401], [-71.02227959955533, 42.336056773387256], [-71.02062955770846, 42.336056773387256], [-71.02062955770846, 42.33771507442401], [-71.02227959955533, 42.33771507442401]]]}, "properties": {"cooling_access": 18.246662139892578, "access_class": "Very Low"}}, {"type": "Feature", "geometry": {"type": "Polygon", "coordinates": [[[-71.02062955770846, 42.33771507442401], [-71.02062955770846, 42.336056773387256], [-71.01897951586157, 42.336056773387256], [-71.01897951586157, 42.33771507442401], [-71.02062955770846, 42.33771507442401]]]}, "properties": {"cooling_access": 21.202178955078125, "access_class": "Low"}}, {"type": "Feature", "geometry": {"type": "Polygon", "coordinates": [[[-71.01897951586157, 42.33771507442401], [-71.01897951586157, 42.336056773387256], [-71.0173294740147, 42.336056773387256], [-71.0173294740147, 42.33771507442401], [-71.01897951586157, 42.33771507442401]]]}, "properties": {"cooling_access": 23.531024932861328, "access_class": "Low"}}, {"type": "Feature", "geometry": {"type": "Polygon", "coordinates": [[[-71.0173294740147, 42.33771507442401], [-71.0173294740147, 42.336056773387256], [-71.01567943216783, 42.336056773387256], [-71.01567943216783, 42.33771507442401], [-71.0173294740147, 42.33771507442401]]]}, "properties": {"cooling_access": 25.31199073791504, "access_class": "Low"}}, {"type": "Feature", "geometry": {"type": "Polygon", "coordinates": [[[-71.01567943216783, 42.33771507442401], [-71.01567943216783, 42.336056773387256], [-71.01402939032096, 42.336056773387256], [-71.01402939032096, 42.33771507442401], [-71.01567943216783, 42.33771507442401]]]}, "properties": {"cooling_access": 26.806509017944336, "access_class": "Low"}}, {"type": "Feature", "geometry": {"type": "Polygon", "coordinates": [[[-71.01402939032096, 42.33771507442401], [-71.01402939032096, 42.336056773387256], [-71.01237934847407, 42.336056773387256], [-71.01237934847407, 42.33771507442401], [-71.01402939032096, 42.33771507442401]]]}, "properties": {"cooling_access": 29.97647476196289, "access_class": "Low"}}, {"type": "Feature", "geometry": {"type": "Polygon", "coordinates": [[[-71.01237934847407, 42.33771507442401], [-71.01237934847407, 42.336056773387256], [-71.0107293066272, 42.336056773387256], [-71.0107293066272, 42.33771507442401], [-71.01237934847407, 42.33771507442401]]]}, "properties": {"cooling_access": 33.1717414855957, "access_class": "Low"}}, {"type": "Feature", "geometry": {"type": "Polygon", "coordinates": [[[-71.05198035279909, 42.336056773387256], [-71.05198035279909, 42.33439847235049], [-71.05033031095222, 42.33439847235049], [-71.05033031095222, 42.336056773387256], [-71.05198035279909, 42.336056773387256]]]}, "properties": {"cooling_access": 34.47116470336914, "access_class": "Low"}}, {"type": "Feature", "geometry": {"type": "Polygon", "coordinates": [[[-71.05033031095222, 42.336056773387256], [-71.05033031095222, 42.33439847235049], [-71.04868026910535, 42.33439847235049], [-71.04868026910535, 42.336056773387256], [-71.05033031095222, 42.336056773387256]]]}, "properties": {"cooling_access": 32.73023223876953, "access_class": "Low"}}, {"type": "Feature", "geometry": {"type": "Polygon", "coordinates": [[[-71.04868026910535, 42.336056773387256], [-71.04868026910535, 42.33439847235049], [-71.04703022725847, 42.33439847235049], [-71.04703022725847, 42.336056773387256], [-71.04868026910535, 42.336056773387256]]]}, "properties": {"cooling_access": 30.986032485961914, "access_class": "Low"}}, {"type": "Feature", "geometry": {"type": "Polygon", "coordinates": [[[-71.04703022725847, 42.336056773387256], [-71.04703022725847, 42.33439847235049], [-71.04538018541159, 42.33439847235049], [-71.04538018541159, 42.336056773387256], [-71.04703022725847, 42.336056773387256]]]}, "properties": {"cooling_access": 29.10034942626953, "access_class": "Low"}}, {"type": "Feature", "geometry": {"type": "Polygon", "coordinates": [[[-71.04538018541159, 42.336056773387256], [-71.04538018541159, 42.33439847235049], [-71.04373014356472, 42.33439847235049], [-71.04373014356472, 42.336056773387256], [-71.04538018541159, 42.336056773387256]]]}, "properties": {"cooling_access": 27.12687873840332, "access_class": "Low"}}, {"type": "Feature", "geometry": {"type": "Polygon", "coordinates": [[[-71.04373014356472, 42.336056773387256], [-71.04373014356472, 42.33439847235049], [-71.04208010171784, 42.33439847235049], [-71.04208010171784, 42.336056773387256], [-71.04373014356472, 42.336056773387256]]]}, "properties": {"cooling_access": 25.298696517944336, "access_class": "Low"}}, {"type": "Feature", "geometry": {"type": "Polygon", "coordinates": [[[-71.04208010171784, 42.336056773387256], [-71.04208010171784, 42.33439847235049], [-71.04043005987097, 42.33439847235049], [-71.04043005987097, 42.336056773387256], [-71.04208010171784, 42.336056773387256]]]}, "properties": {"cooling_access": 23.561290740966797, "access_class": "Low"}}, {"type": "Feature", "geometry": {"type": "Polygon", "coordinates": [[[-71.04043005987097, 42.336056773387256], [-71.04043005987097, 42.33439847235049], [-71.03878001802408, 42.33439847235049], [-71.03878001802408, 42.336056773387256], [-71.04043005987097, 42.336056773387256]]]}, "properties": {"cooling_access": 21.81621551513672, "access_class": "Low"}}, {"type": "Feature", "geometry": {"type": "Polygon", "coordinates": [[[-71.03878001802408, 42.336056773387256], [-71.03878001802408, 42.33439847235049], [-71.03712997617721, 42.33439847235049], [-71.03712997617721, 42.336056773387256], [-71.03878001802408, 42.336056773387256]]]}, "properties": {"cooling_access": 20.02000617980957, "access_class": "Low"}}, {"type": "Feature", "geometry": {"type": "Polygon", "coordinates": [[[-71.03712997617721, 42.336056773387256], [-71.03712997617721, 42.33439847235049], [-71.03547993433034, 42.33439847235049], [-71.03547993433034, 42.336056773387256], [-71.03712997617721, 42.336056773387256]]]}, "properties": {"cooling_access": 18.168468475341797, "access_class": "Very Low"}}, {"type": "Feature", "geometry": {"type": "Polygon", "coordinates": [[[-71.03547993433034, 42.336056773387256], [-71.03547993433034, 42.33439847235049], [-71.03382989248347, 42.33439847235049], [-71.03382989248347, 42.336056773387256], [-71.03547993433034, 42.336056773387256]]]}, "properties": {"cooling_access": 16.33681297302246, "access_class": "Very Low"}}, {"type": "Feature", "geometry": {"type": "Polygon", "coordinates": [[[-71.03382989248347, 42.336056773387256], [-71.03382989248347, 42.33439847235049], [-71.03217985063658, 42.33439847235049], [-71.03217985063658, 42.336056773387256], [-71.03382989248347, 42.336056773387256]]]}, "properties": {"cooling_access": 14.444747924804688, "access_class": "Very Low"}}, {"type": "Feature", "geometry": {"type": "Polygon", "coordinates": [[[-71.03217985063658, 42.336056773387256], [-71.03217985063658, 42.33439847235049], [-71.03052980878971, 42.33439847235049], [-71.03052980878971, 42.336056773387256], [-71.03217985063658, 42.336056773387256]]]}, "properties": {"cooling_access": 12.43673038482666, "access_class": "Very Low"}}, {"type": "Feature", "geometry": {"type": "Polygon", "coordinates": [[[-71.03052980878971, 42.336056773387256], [-71.03052980878971, 42.33439847235049], [-71.02887976694284, 42.33439847235049], [-71.02887976694284, 42.336056773387256], [-71.03052980878971, 42.336056773387256]]]}, "properties": {"cooling_access": 10.568680763244629, "access_class": "Very Low"}}, {"type": "Feature", "geometry": {"type": "Polygon", "coordinates": [[[-71.02887976694284, 42.336056773387256], [-71.02887976694284, 42.33439847235049], [-71.02722972509596, 42.33439847235049], [-71.02722972509596, 42.336056773387256], [-71.02887976694284, 42.336056773387256]]]}, "properties": {"cooling_access": 8.903976440429688, "access_class": "Very Low"}}, {"type": "Feature", "geometry": {"type": "Polygon", "coordinates": [[[-71.02722972509596, 42.336056773387256], [-71.02722972509596, 42.33439847235049], [-71.02557968324908, 42.33439847235049], [-71.02557968324908, 42.336056773387256], [-71.02722972509596, 42.336056773387256]]]}, "properties": {"cooling_access": 10.897618293762207, "access_class": "Very Low"}}, {"type": "Feature", "geometry": {"type": "Polygon", "coordinates": [[[-71.02557968324908, 42.336056773387256], [-71.02557968324908, 42.33439847235049], [-71.0239296414022, 42.33439847235049], [-71.0239296414022, 42.336056773387256], [-71.02557968324908, 42.336056773387256]]]}, "properties": {"cooling_access": 13.668587684631348, "access_class": "Very Low"}}, {"type": "Feature", "geometry": {"type": "Polygon", "coordinates": [[[-71.0239296414022, 42.336056773387256], [-71.0239296414022, 42.33439847235049], [-71.02227959955533, 42.33439847235049], [-71.02227959955533, 42.336056773387256], [-71.0239296414022, 42.336056773387256]]]}, "properties": {"cooling_access": 16.253803253173828, "access_class": "Very Low"}}, {"type": "Feature", "geometry": {"type": "Polygon", "coordinates": [[[-71.02227959955533, 42.336056773387256], [-71.02227959955533, 42.33439847235049], [-71.02062955770846, 42.33439847235049], [-71.02062955770846, 42.336056773387256], [-71.02227959955533, 42.336056773387256]]]}, "properties": {"cooling_access": 20.303852081298828, "access_class": "Low"}}, {"type": "Feature", "geometry": {"type": "Polygon", "coordinates": [[[-71.02062955770846, 42.336056773387256], [-71.02062955770846, 42.33439847235049], [-71.01897951586157, 42.33439847235049], [-71.01897951586157, 42.336056773387256], [-71.02062955770846, 42.336056773387256]]]}, "properties": {"cooling_access": 23.253273010253906, "access_class": "Low"}}, {"type": "Feature", "geometry": {"type": "Polygon", "coordinates": [[[-71.01897951586157, 42.336056773387256], [-71.01897951586157, 42.33439847235049], [-71.0173294740147, 42.33439847235049], [-71.0173294740147, 42.336056773387256], [-71.01897951586157, 42.336056773387256]]]}, "properties": {"cooling_access": 25.52814483642578, "access_class": "Low"}}, {"type": "Feature", "geometry": {"type": "Polygon", "coordinates": [[[-71.0173294740147, 42.336056773387256], [-71.0173294740147, 42.33439847235049], [-71.01567943216783, 42.33439847235049], [-71.01567943216783, 42.336056773387256], [-71.0173294740147, 42.336056773387256]]]}, "properties": {"cooling_access": 27.629858016967773, "access_class": "Low"}}, {"type": "Feature", "geometry": {"type": "Polygon", "coordinates": [[[-71.01567943216783, 42.336056773387256], [-71.01567943216783, 42.33439847235049], [-71.01402939032096, 42.33439847235049], [-71.01402939032096, 42.336056773387256], [-71.01567943216783, 42.336056773387256]]]}, "properties": {"cooling_access": 29.597238540649414, "access_class": "Low"}}, {"type": "Feature", "geometry": {"type": "Polygon", "coordinates": [[[-71.01402939032096, 42.336056773387256], [-71.01402939032096, 42.33439847235049], [-71.01237934847407, 42.33439847235049], [-71.01237934847407, 42.336056773387256], [-71.01402939032096, 42.336056773387256]]]}, "properties": {"cooling_access": 31.364791870117188, "access_class": "Low"}}, {"type": "Feature", "geometry": {"type": "Polygon", "coordinates": [[[-71.05198035279909, 42.33439847235049], [-71.05198035279909, 42.33274017131374], [-71.05033031095222, 42.33274017131374], [-71.05033031095222, 42.33439847235049], [-71.05198035279909, 42.33439847235049]]]}, "properties": {"cooling_access": 34.971622467041016, "access_class": "Low"}}, {"type": "Feature", "geometry": {"type": "Polygon", "coordinates": [[[-71.05033031095222, 42.33439847235049], [-71.05033031095222, 42.33274017131374], [-71.04868026910535, 42.33274017131374], [-71.04868026910535, 42.33439847235049], [-71.05033031095222, 42.33439847235049]]]}, "properties": {"cooling_access": 33.02047348022461, "access_class": "Low"}}, {"type": "Feature", "geometry": {"type": "Polygon", "coordinates": [[[-71.04868026910535, 42.33439847235049], [-71.04868026910535, 42.33274017131374], [-71.04703022725847, 42.33274017131374], [-71.04703022725847, 42.33439847235049], [-71.04868026910535, 42.33439847235049]]]}, "properties": {"cooling_access": 31.03420066833496, "access_class": "Low"}}, {"type": "Feature", "geometry": {"type": "Polygon", "coordinates": [[[-71.04703022725847, 42.33439847235049], [-71.04703022725847, 42.33274017131374], [-71.04538018541159, 42.33274017131374], [-71.04538018541159, 42.33439847235049], [-71.04703022725847, 42.33439847235049]]]}, "properties": {"cooling_access": 29.01776123046875, "access_class": "Low"}}, {"type": "Feature", "geometry": {"type": "Polygon", "coordinates": [[[-71.04538018541159, 42.33439847235049], [-71.04538018541159, 42.33274017131374], [-71.04373014356472, 42.33274017131374], [-71.04373014356472, 42.33439847235049], [-71.04538018541159, 42.33439847235049]]]}, "properties": {"cooling_access": 27.708677291870117, "access_class": "Low"}}, {"type": "Feature", "geometry": {"type": "Polygon", "coordinates": [[[-71.04373014356472, 42.33439847235049], [-71.04373014356472, 42.33274017131374], [-71.04208010171784, 42.33274017131374], [-71.04208010171784, 42.33439847235049], [-71.04373014356472, 42.33439847235049]]]}, "properties": {"cooling_access": 25.734107971191406, "access_class": "Low"}}, {"type": "Feature", "geometry": {"type": "Polygon", "coordinates": [[[-71.04208010171784, 42.33439847235049], [-71.04208010171784, 42.33274017131374], [-71.04043005987097, 42.33274017131374], [-71.04043005987097, 42.33439847235049], [-71.04208010171784, 42.33439847235049]]]}, "properties": {"cooling_access": 23.89417839050293, "access_class": "Low"}}, {"type": "Feature", "geometry": {"type": "Polygon", "coordinates": [[[-71.04043005987097, 42.33439847235049], [-71.04043005987097, 42.33274017131374], [-71.03878001802408, 42.33274017131374], [-71.03878001802408, 42.33439847235049], [-71.04043005987097, 42.33439847235049]]]}, "properties": {"cooling_access": 22.077457427978516, "access_class": "Low"}}, {"type": "Feature", "geometry": {"type": "Polygon", "coordinates": [[[-71.03878001802408, 42.33439847235049], [-71.03878001802408, 42.33274017131374], [-71.03712997617721, 42.33274017131374], [-71.03712997617721, 42.33439847235049], [-71.03878001802408, 42.33439847235049]]]}, "properties": {"cooling_access": 20.19873046875, "access_class": "Low"}}, {"type": "Feature", "geometry": {"type": "Polygon", "coordinates": [[[-71.03712997617721, 42.33439847235049], [-71.03712997617721, 42.33274017131374], [-71.03547993433034, 42.33274017131374], [-71.03547993433034, 42.33439847235049], [-71.03712997617721, 42.33439847235049]]]}, "properties": {"cooling_access": 18.322736740112305, "access_class": "Very Low"}}, {"type": "Feature", "geometry": {"type": "Polygon", "coordinates": [[[-71.03547993433034, 42.33439847235049], [-71.03547993433034, 42.33274017131374], [-71.03382989248347, 42.33274017131374], [-71.03382989248347, 42.33439847235049], [-71.03547993433034, 42.33439847235049]]]}, "properties": {"cooling_access": 16.497316360473633, "access_class": "Very Low"}}, {"type": "Feature", "geometry": {"type": "Polygon", "coordinates": [[[-71.03382989248347, 42.33439847235049], [-71.03382989248347, 42.33274017131374], [-71.03217985063658, 42.33274017131374], [-71.03217985063658, 42.33439847235049], [-71.03382989248347, 42.33439847235049]]]}, "properties": {"cooling_access": 14.702221870422363, "access_class": "Very Low"}}, {"type": "Feature", "geometry": {"type": "Polygon", "coordinates": [[[-71.03217985063658, 42.33439847235049], [-71.03217985063658, 42.33274017131374], [-71.03052980878971, 42.33274017131374], [-71.03052980878971, 42.33439847235049], [-71.03217985063658, 42.33439847235049]]]}, "properties": {"cooling_access": 12.907828330993652, "access_class": "Very Low"}}, {"type": "Feature", "geometry": {"type": "Polygon", "coordinates": [[[-71.03052980878971, 42.33439847235049], [-71.03052980878971, 42.33274017131374], [-71.02887976694284, 42.33274017131374], [-71.02887976694284, 42.33439847235049], [-71.03052980878971, 42.33439847235049]]]}, "properties": {"cooling_access": 10.882553100585938, "access_class": "Very Low"}}, {"type": "Feature", "geometry": {"type": "Polygon", "coordinates": [[[-71.02887976694284, 42.33439847235049], [-71.02887976694284, 42.33274017131374], [-71.02722972509596, 42.33274017131374], [-71.02722972509596, 42.33439847235049], [-71.02887976694284, 42.33439847235049]]]}, "properties": {"cooling_access": 8.268745422363281, "access_class": "Very Low"}}, {"type": "Feature", "geometry": {"type": "Polygon", "coordinates": [[[-71.02722972509596, 42.33439847235049], [-71.02722972509596, 42.33274017131374], [-71.02557968324908, 42.33274017131374], [-71.02557968324908, 42.33439847235049], [-71.02722972509596, 42.33439847235049]]]}, "properties": {"cooling_access": 10.527395248413086, "access_class": "Very Low"}}, {"type": "Feature", "geometry": {"type": "Polygon", "coordinates": [[[-71.02557968324908, 42.33439847235049], [-71.02557968324908, 42.33274017131374], [-71.0239296414022, 42.33274017131374], [-71.0239296414022, 42.33439847235049], [-71.02557968324908, 42.33439847235049]]]}, "properties": {"cooling_access": 14.699421882629395, "access_class": "Very Low"}}, {"type": "Feature", "geometry": {"type": "Polygon", "coordinates": [[[-71.0239296414022, 42.33439847235049], [-71.0239296414022, 42.33274017131374], [-71.02227959955533, 42.33274017131374], [-71.02227959955533, 42.33439847235049], [-71.0239296414022, 42.33439847235049]]]}, "properties": {"cooling_access": 18.489408493041992, "access_class": "Very Low"}}, {"type": "Feature", "geometry": {"type": "Polygon", "coordinates": [[[-71.02227959955533, 42.33439847235049], [-71.02227959955533, 42.33274017131374], [-71.02062955770846, 42.33274017131374], [-71.02062955770846, 42.33439847235049], [-71.02227959955533, 42.33439847235049]]]}, "properties": {"cooling_access": 21.31622314453125, "access_class": "Low"}}, {"type": "Feature", "geometry": {"type": "Polygon", "coordinates": [[[-71.02062955770846, 42.33439847235049], [-71.02062955770846, 42.33274017131374], [-71.01897951586157, 42.33274017131374], [-71.01897951586157, 42.33439847235049], [-71.02062955770846, 42.33439847235049]]]}, "properties": {"cooling_access": 24.23689842224121, "access_class": "Low"}}, {"type": "Feature", "geometry": {"type": "Polygon", "coordinates": [[[-71.01897951586157, 42.33439847235049], [-71.01897951586157, 42.33274017131374], [-71.0173294740147, 42.33274017131374], [-71.0173294740147, 42.33439847235049], [-71.01897951586157, 42.33439847235049]]]}, "properties": {"cooling_access": 26.574674606323242, "access_class": "Low"}}, {"type": "Feature", "geometry": {"type": "Polygon", "coordinates": [[[-71.0173294740147, 42.33439847235049], [-71.0173294740147, 42.33274017131374], [-71.01567943216783, 42.33274017131374], [-71.01567943216783, 42.33439847235049], [-71.0173294740147, 42.33439847235049]]]}, "properties": {"cooling_access": 28.686861038208008, "access_class": "Low"}}, {"type": "Feature", "geometry": {"type": "Polygon", "coordinates": [[[-71.01567943216783, 42.33439847235049], [-71.01567943216783, 42.33274017131374], [-71.01402939032096, 42.33274017131374], [-71.01402939032096, 42.33439847235049], [-71.01567943216783, 42.33439847235049]]]}, "properties": {"cooling_access": 30.771013259887695, "access_class": "Low"}}, {"type": "Feature", "geometry": {"type": "Polygon", "coordinates": [[[-71.01402939032096, 42.33439847235049], [-71.01402939032096, 42.33274017131374], [-71.01237934847407, 42.33274017131374], [-71.01237934847407, 42.33439847235049], [-71.01402939032096, 42.33439847235049]]]}, "properties": {"cooling_access": 32.96139144897461, "access_class": "Low"}}, {"type": "Feature", "geometry": {"type": "Polygon", "coordinates": [[[-70.89687641919276, 42.33439847235049], [-70.89687641919276, 42.33274017131374], [-70.89522637734589, 42.33274017131374], [-70.89522637734589, 42.33439847235049], [-70.89687641919276, 42.33439847235049]]]}, "properties": {"cooling_access": 30.48506736755371, "access_class": "Low"}}, {"type": "Feature", "geometry": {"type": "Polygon", "coordinates": [[[-71.05033031095222, 42.33274017131374], [-71.05033031095222, 42.33108187027698], [-71.04868026910535, 42.33108187027698], [-71.04868026910535, 42.33274017131374], [-71.05033031095222, 42.33274017131374]]]}, "properties": {"cooling_access": 33.165130615234375, "access_class": "Low"}}, {"type": "Feature", "geometry": {"type": "Polygon", "coordinates": [[[-71.04868026910535, 42.33274017131374], [-71.04868026910535, 42.33108187027698], [-71.04703022725847, 42.33108187027698], [-71.04703022725847, 42.33274017131374], [-71.04868026910535, 42.33274017131374]]]}, "properties": {"cooling_access": 31.73707389831543, "access_class": "Low"}}, {"type": "Feature", "geometry": {"type": "Polygon", "coordinates": [[[-71.04703022725847, 42.33274017131374], [-71.04703022725847, 42.33108187027698], [-71.04538018541159, 42.33108187027698], [-71.04538018541159, 42.33274017131374], [-71.04703022725847, 42.33274017131374]]]}, "properties": {"cooling_access": 30.494356155395508, "access_class": "Low"}}, {"type": "Feature", "geometry": {"type": "Polygon", "coordinates": [[[-71.04538018541159, 42.33274017131374], [-71.04538018541159, 42.33108187027698], [-71.04373014356472, 42.33108187027698], [-71.04373014356472, 42.33274017131374], [-71.04538018541159, 42.33274017131374]]]}, "properties": {"cooling_access": 28.443443298339844, "access_class": "Low"}}, {"type": "Feature", "geometry": {"type": "Polygon", "coordinates": [[[-71.04373014356472, 42.33274017131374], [-71.04373014356472, 42.33108187027698], [-71.04208010171784, 42.33108187027698], [-71.04208010171784, 42.33274017131374], [-71.04373014356472, 42.33274017131374]]]}, "properties": {"cooling_access": 26.0792293548584, "access_class": "Low"}}, {"type": "Feature", "geometry": {"type": "Polygon", "coordinates": [[[-71.04208010171784, 42.33274017131374], [-71.04208010171784, 42.33108187027698], [-71.04043005987097, 42.33108187027698], [-71.04043005987097, 42.33274017131374], [-71.04208010171784, 42.33274017131374]]]}, "properties": {"cooling_access": 23.535472869873047, "access_class": "Low"}}, {"type": "Feature", "geometry": {"type": "Polygon", "coordinates": [[[-71.04043005987097, 42.33274017131374], [-71.04043005987097, 42.33108187027698], [-71.03878001802408, 42.33108187027698], [-71.03878001802408, 42.33274017131374], [-71.04043005987097, 42.33274017131374]]]}, "properties": {"cooling_access": 20.997787475585938, "access_class": "Low"}}, {"type": "Feature", "geometry": {"type": "Polygon", "coordinates": [[[-71.03878001802408, 42.33274017131374], [-71.03878001802408, 42.33108187027698], [-71.03712997617721, 42.33108187027698], [-71.03712997617721, 42.33274017131374], [-71.03878001802408, 42.33274017131374]]]}, "properties": {"cooling_access": 19.261545181274414, "access_class": "Very Low"}}, {"type": "Feature", "geometry": {"type": "Polygon", "coordinates": [[[-71.03712997617721, 42.33274017131374], [-71.03712997617721, 42.33108187027698], [-71.03547993433034, 42.33108187027698], [-71.03547993433034, 42.33274017131374], [-71.03712997617721, 42.33274017131374]]]}, "properties": {"cooling_access": 17.470212936401367, "access_class": "Very Low"}}, {"type": "Feature", "geometry": {"type": "Polygon", "coordinates": [[[-71.03547993433034, 42.33274017131374], [-71.03547993433034, 42.33108187027698], [-71.03382989248347, 42.33108187027698], [-71.03382989248347, 42.33274017131374], [-71.03547993433034, 42.33274017131374]]]}, "properties": {"cooling_access": 15.562044143676758, "access_class": "Very Low"}}, {"type": "Feature", "geometry": {"type": "Polygon", "coordinates": [[[-71.03382989248347, 42.33274017131374], [-71.03382989248347, 42.33108187027698], [-71.03217985063658, 42.33108187027698], [-71.03217985063658, 42.33274017131374], [-71.03382989248347, 42.33274017131374]]]}, "properties": {"cooling_access": 13.557865142822266, "access_class": "Very Low"}}, {"type": "Feature", "geometry": {"type": "Polygon", "coordinates": [[[-71.03217985063658, 42.33274017131374], [-71.03217985063658, 42.33108187027698], [-71.03052980878971, 42.33108187027698], [-71.03052980878971, 42.33274017131374], [-71.03217985063658, 42.33274017131374]]]}, "properties": {"cooling_access": 11.222245216369629, "access_class": "Very Low"}}, {"type": "Feature", "geometry": {"type": "Polygon", "coordinates": [[[-71.03052980878971, 42.33274017131374], [-71.03052980878971, 42.33108187027698], [-71.02887976694284, 42.33108187027698], [-71.02887976694284, 42.33274017131374], [-71.03052980878971, 42.33274017131374]]]}, "properties": {"cooling_access": 8.595816612243652, "access_class": "Very Low"}}, {"type": "Feature", "geometry": {"type": "Polygon", "coordinates": [[[-71.02887976694284, 42.33274017131374], [-71.02887976694284, 42.33108187027698], [-71.02722972509596, 42.33108187027698], [-71.02722972509596, 42.33274017131374], [-71.02887976694284, 42.33274017131374]]]}, "properties": {"cooling_access": 8.14148235321045, "access_class": "Very Low"}}, {"type": "Feature", "geometry": {"type": "Polygon", "coordinates": [[[-71.02062955770846, 42.33274017131374], [-71.02062955770846, 42.33108187027698], [-71.01897951586157, 42.33108187027698], [-71.01897951586157, 42.33274017131374], [-71.02062955770846, 42.33274017131374]]]}, "properties": {"cooling_access": 25.329456329345703, "access_class": "Low"}}, {"type": "Feature", "geometry": {"type": "Polygon", "coordinates": [[[-71.01897951586157, 42.33274017131374], [-71.01897951586157, 42.33108187027698], [-71.0173294740147, 42.33108187027698], [-71.0173294740147, 42.33274017131374], [-71.01897951586157, 42.33274017131374]]]}, "properties": {"cooling_access": 27.570114135742188, "access_class": "Low"}}, {"type": "Feature", "geometry": {"type": "Polygon", "coordinates": [[[-71.0173294740147, 42.33274017131374], [-71.0173294740147, 42.33108187027698], [-71.01567943216783, 42.33108187027698], [-71.01567943216783, 42.33274017131374], [-71.0173294740147, 42.33274017131374]]]}, "properties": {"cooling_access": 29.63062858581543, "access_class": "Low"}}, {"type": "Feature", "geometry": {"type": "Polygon", "coordinates": [[[-71.01567943216783, 42.33274017131374], [-71.01567943216783, 42.33108187027698], [-71.01402939032096, 42.33108187027698], [-71.01402939032096, 42.33274017131374], [-71.01567943216783, 42.33274017131374]]]}, "properties": {"cooling_access": 31.670642852783203, "access_class": "Low"}}, {"type": "Feature", "geometry": {"type": "Polygon", "coordinates": [[[-70.89852646103964, 42.33274017131374], [-70.89852646103964, 42.33108187027698], [-70.89687641919276, 42.33108187027698], [-70.89687641919276, 42.33274017131374], [-70.89852646103964, 42.33274017131374]]]}, "properties": {"cooling_access": 33.86772918701172, "access_class": "Low"}}, {"type": "Feature", "geometry": {"type": "Polygon", "coordinates": [[[-70.89687641919276, 42.33274017131374], [-70.89687641919276, 42.33108187027698], [-70.89522637734589, 42.33108187027698], [-70.89522637734589, 42.33274017131374], [-70.89687641919276, 42.33274017131374]]]}, "properties": {"cooling_access": 31.822139739990234, "access_class": "Low"}}, {"type": "Feature", "geometry": {"type": "Polygon", "coordinates": [[[-71.05033031095222, 42.33108187027698], [-71.05033031095222, 42.32942356924022], [-71.04868026910535, 42.32942356924022], [-71.04868026910535, 42.33108187027698], [-71.05033031095222, 42.33108187027698]]]}, "properties": {"cooling_access": 34.71468734741211, "access_class": "Low"}}, {"type": "Feature", "geometry": {"type": "Polygon", "coordinates": [[[-71.04868026910535, 42.33108187027698], [-71.04868026910535, 42.32942356924022], [-71.04703022725847, 42.32942356924022], [-71.04703022725847, 42.33108187027698], [-71.04868026910535, 42.33108187027698]]]}, "properties": {"cooling_access": 33.41739273071289, "access_class": "Low"}}, {"type": "Feature", "geometry": {"type": "Polygon", "coordinates": [[[-71.04703022725847, 42.33108187027698], [-71.04703022725847, 42.32942356924022], [-71.04538018541159, 42.32942356924022], [-71.04538018541159, 42.33108187027698], [-71.04703022725847, 42.33108187027698]]]}, "properties": {"cooling_access": 30.918699264526367, "access_class": "Low"}}, {"type": "Feature", "geometry": {"type": "Polygon", "coordinates": [[[-71.04538018541159, 42.33108187027698], [-71.04538018541159, 42.32942356924022], [-71.04373014356472, 42.32942356924022], [-71.04373014356472, 42.33108187027698], [-71.04538018541159, 42.33108187027698]]]}, "properties": {"cooling_access": 27.630189895629883, "access_class": "Low"}}, {"type": "Feature", "geometry": {"type": "Polygon", "coordinates": [[[-71.04373014356472, 42.33108187027698], [-71.04373014356472, 42.32942356924022], [-71.04208010171784, 42.32942356924022], [-71.04208010171784, 42.33108187027698], [-71.04373014356472, 42.33108187027698]]]}, "properties": {"cooling_access": 23.733741760253906, "access_class": "Low"}}, {"type": "Feature", "geometry": {"type": "Polygon", "coordinates": [[[-71.04208010171784, 42.33108187027698], [-71.04208010171784, 42.32942356924022], [-71.04043005987097, 42.32942356924022], [-71.04043005987097, 42.33108187027698], [-71.04208010171784, 42.33108187027698]]]}, "properties": {"cooling_access": 21.046884536743164, "access_class": "Low"}}, {"type": "Feature", "geometry": {"type": "Polygon", "coordinates": [[[-71.04043005987097, 42.33108187027698], [-71.04043005987097, 42.32942356924022], [-71.03878001802408, 42.32942356924022], [-71.03878001802408, 42.33108187027698], [-71.04043005987097, 42.33108187027698]]]}, "properties": {"cooling_access": 18.63078498840332, "access_class": "Very Low"}}, {"type": "Feature", "geometry": {"type": "Polygon", "coordinates": [[[-71.03878001802408, 42.33108187027698], [-71.03878001802408, 42.32942356924022], [-71.03712997617721, 42.32942356924022], [-71.03712997617721, 42.33108187027698], [-71.03878001802408, 42.33108187027698]]]}, "properties": {"cooling_access": 16.50249671936035, "access_class": "Very Low"}}, {"type": "Feature", "geometry": {"type": "Polygon", "coordinates": [[[-71.03712997617721, 42.33108187027698], [-71.03712997617721, 42.32942356924022], [-71.03547993433034, 42.32942356924022], [-71.03547993433034, 42.33108187027698], [-71.03712997617721, 42.33108187027698]]]}, "properties": {"cooling_access": 15.465641021728516, "access_class": "Very Low"}}, {"type": "Feature", "geometry": {"type": "Polygon", "coordinates": [[[-71.03547993433034, 42.33108187027698], [-71.03547993433034, 42.32942356924022], [-71.03382989248347, 42.32942356924022], [-71.03382989248347, 42.33108187027698], [-71.03547993433034, 42.33108187027698]]]}, "properties": {"cooling_access": 13.469572067260742, "access_class": "Very Low"}}, {"type": "Feature", "geometry": {"type": "Polygon", "coordinates": [[[-71.03382989248347, 42.33108187027698], [-71.03382989248347, 42.32942356924022], [-71.03217985063658, 42.32942356924022], [-71.03217985063658, 42.33108187027698], [-71.03382989248347, 42.33108187027698]]]}, "properties": {"cooling_access": 10.999483108520508, "access_class": "Very Low"}}, {"type": "Feature", "geometry": {"type": "Polygon", "coordinates": [[[-71.03217985063658, 42.33108187027698], [-71.03217985063658, 42.32942356924022], [-71.03052980878971, 42.32942356924022], [-71.03052980878971, 42.33108187027698], [-71.03217985063658, 42.33108187027698]]]}, "properties": {"cooling_access": 7.872964382171631, "access_class": "Very Low"}}, {"type": "Feature", "geometry": {"type": "Polygon", "coordinates": [[[-71.04868026910535, 42.32942356924022], [-71.04868026910535, 42.327765268203464], [-71.04703022725847, 42.327765268203464], [-71.04703022725847, 42.32942356924022], [-71.04868026910535, 42.32942356924022]]]}, "properties": {"cooling_access": 34.13250732421875, "access_class": "Low"}}, {"type": "Feature", "geometry": {"type": "Polygon", "coordinates": [[[-71.04868026910535, 42.327765268203464], [-71.04868026910535, 42.32610696716671], [-71.04703022725847, 42.32610696716671], [-71.04703022725847, 42.327765268203464], [-71.04868026910535, 42.327765268203464]]]}, "properties": {"cooling_access": 34.484886169433594, "access_class": "Low"}}, {"type": "Feature", "geometry": {"type": "Polygon", "coordinates": [[[-71.04868026910535, 42.32610696716671], [-71.04868026910535, 42.324448666129946], [-71.04703022725847, 42.324448666129946], [-71.04703022725847, 42.32610696716671], [-71.04868026910535, 42.32610696716671]]]}, "properties": {"cooling_access": 34.67401123046875, "access_class": "Low"}}, {"type": "Feature", "geometry": {"type": "Polygon", "coordinates": [[[-71.04703022725847, 42.32279036509319], [-71.04703022725847, 42.321132064056435], [-71.04538018541159, 42.321132064056435], [-71.04538018541159, 42.32279036509319], [-71.04703022725847, 42.32279036509319]]]}, "properties": {"cooling_access": 34.41447067260742, "access_class": "Low"}}, {"type": "Feature", "geometry": {"type": "Polygon", "coordinates": [[[-71.04538018541159, 42.32279036509319], [-71.04538018541159, 42.321132064056435], [-71.04373014356472, 42.321132064056435], [-71.04373014356472, 42.32279036509319], [-71.04538018541159, 42.32279036509319]]]}, "properties": {"cooling_access": 31.399723052978516, "access_class": "Low"}}, {"type": "Feature", "geometry": {"type": "Polygon", "coordinates": [[[-71.04538018541159, 42.321132064056435], [-71.04538018541159, 42.31947376301967], [-71.04373014356472, 42.31947376301967], [-71.04373014356472, 42.321132064056435], [-71.04538018541159, 42.321132064056435]]]}, "properties": {"cooling_access": 33.591583251953125, "access_class": "Low"}}, {"type": "Feature", "geometry": {"type": "Polygon", "coordinates": [[[-71.04373014356472, 42.321132064056435], [-71.04373014356472, 42.31947376301967], [-71.04208010171784, 42.31947376301967], [-71.04208010171784, 42.321132064056435], [-71.04373014356472, 42.321132064056435]]]}, "properties": {"cooling_access": 30.877408981323242, "access_class": "Low"}}, {"type": "Feature", "geometry": {"type": "Polygon", "coordinates": [[[-71.04208010171784, 42.321132064056435], [-71.04208010171784, 42.31947376301967], [-71.04043005987097, 42.31947376301967], [-71.04043005987097, 42.321132064056435], [-71.04208010171784, 42.321132064056435]]]}, "properties": {"cooling_access": 27.802457809448242, "access_class": "Low"}}, {"type": "Feature", "geometry": {"type": "Polygon", "coordinates": [[[-71.04538018541159, 42.31947376301967], [-71.04538018541159, 42.31781546198292], [-71.04373014356472, 42.31781546198292], [-71.04373014356472, 42.31947376301967], [-71.04538018541159, 42.31947376301967]]]}, "properties": {"cooling_access": 34.55705642700195, "access_class": "Low"}}, {"type": "Feature", "geometry": {"type": "Polygon", "coordinates": [[[-71.04373014356472, 42.31947376301967], [-71.04373014356472, 42.31781546198292], [-71.04208010171784, 42.31781546198292], [-71.04208010171784, 42.31947376301967], [-71.04373014356472, 42.31947376301967]]]}, "properties": {"cooling_access": 32.16237258911133, "access_class": "Low"}}, {"type": "Feature", "geometry": {"type": "Polygon", "coordinates": [[[-71.04208010171784, 42.31947376301967], [-71.04208010171784, 42.31781546198292], [-71.04043005987097, 42.31781546198292], [-71.04043005987097, 42.31947376301967], [-71.04208010171784, 42.31947376301967]]]}, "properties": {"cooling_access": 29.617717742919922, "access_class": "Low"}}, {"type": "Feature", "geometry": {"type": "Polygon", "coordinates": [[[-71.04043005987097, 42.31947376301967], [-71.04043005987097, 42.31781546198292], [-71.03878001802408, 42.31781546198292], [-71.03878001802408, 42.31947376301967], [-71.04043005987097, 42.31947376301967]]]}, "properties": {"cooling_access": 26.8330135345459, "access_class": "Low"}}, {"type": "Feature", "geometry": {"type": "Polygon", "coordinates": [[[-71.03878001802408, 42.31947376301967], [-71.03878001802408, 42.31781546198292], [-71.03712997617721, 42.31781546198292], [-71.03712997617721, 42.31947376301967], [-71.03878001802408, 42.31947376301967]]]}, "properties": {"cooling_access": 24.2303409576416, "access_class": "Low"}}, {"type": "Feature", "geometry": {"type": "Polygon", "coordinates": [[[-71.04538018541159, 42.31781546198292], [-71.04538018541159, 42.316157160946155], [-71.04373014356472, 42.316157160946155], [-71.04373014356472, 42.31781546198292], [-71.04538018541159, 42.31781546198292]]]}, "properties": {"cooling_access": 34.914859771728516, "access_class": "Low"}}, {"type": "Feature", "geometry": {"type": "Polygon", "coordinates": [[[-71.04373014356472, 42.31781546198292], [-71.04373014356472, 42.316157160946155], [-71.04208010171784, 42.316157160946155], [-71.04208010171784, 42.31781546198292], [-71.04373014356472, 42.31781546198292]]]}, "properties": {"cooling_access": 32.82440948486328, "access_class": "Low"}}, {"type": "Feature", "geometry": {"type": "Polygon", "coordinates": [[[-71.04208010171784, 42.31781546198292], [-71.04208010171784, 42.316157160946155], [-71.04043005987097, 42.316157160946155], [-71.04043005987097, 42.31781546198292], [-71.04208010171784, 42.31781546198292]]]}, "properties": {"cooling_access": 30.519119262695312, "access_class": "Low"}}, {"type": "Feature", "geometry": {"type": "Polygon", "coordinates": [[[-71.04043005987097, 42.31781546198292], [-71.04043005987097, 42.316157160946155], [-71.03878001802408, 42.316157160946155], [-71.03878001802408, 42.31781546198292], [-71.04043005987097, 42.31781546198292]]]}, "properties": {"cooling_access": 28.23655891418457, "access_class": "Low"}}, {"type": "Feature", "geometry": {"type": "Polygon", "coordinates": [[[-71.03878001802408, 42.31781546198292], [-71.03878001802408, 42.316157160946155], [-71.03712997617721, 42.316157160946155], [-71.03712997617721, 42.31781546198292], [-71.03878001802408, 42.31781546198292]]]}, "properties": {"cooling_access": 25.842185974121094, "access_class": "Low"}}, {"type": "Feature", "geometry": {"type": "Polygon", "coordinates": [[[-71.03712997617721, 42.31781546198292], [-71.03712997617721, 42.316157160946155], [-71.03547993433034, 42.316157160946155], [-71.03547993433034, 42.31781546198292], [-71.03712997617721, 42.31781546198292]]]}, "properties": {"cooling_access": 23.230388641357422, "access_class": "Low"}}, {"type": "Feature", "geometry": {"type": "Polygon", "coordinates": [[[-71.04538018541159, 42.316157160946155], [-71.04538018541159, 42.3144988599094], [-71.04373014356472, 42.3144988599094], [-71.04373014356472, 42.316157160946155], [-71.04538018541159, 42.316157160946155]]]}, "properties": {"cooling_access": 33.69801712036133, "access_class": "Low"}}, {"type": "Feature", "geometry": {"type": "Polygon", "coordinates": [[[-71.04373014356472, 42.316157160946155], [-71.04373014356472, 42.3144988599094], [-71.04208010171784, 42.3144988599094], [-71.04208010171784, 42.316157160946155], [-71.04373014356472, 42.316157160946155]]]}, "properties": {"cooling_access": 31.47166633605957, "access_class": "Low"}}, {"type": "Feature", "geometry": {"type": "Polygon", "coordinates": [[[-71.04208010171784, 42.316157160946155], [-71.04208010171784, 42.3144988599094], [-71.04043005987097, 42.3144988599094], [-71.04043005987097, 42.316157160946155], [-71.04208010171784, 42.316157160946155]]]}, "properties": {"cooling_access": 29.9949951171875, "access_class": "Low"}}, {"type": "Feature", "geometry": {"type": "Polygon", "coordinates": [[[-71.04043005987097, 42.316157160946155], [-71.04043005987097, 42.3144988599094], [-71.03878001802408, 42.3144988599094], [-71.03878001802408, 42.316157160946155], [-71.04043005987097, 42.316157160946155]]]}, "properties": {"cooling_access": 28.818889617919922, "access_class": "Low"}}, {"type": "Feature", "geometry": {"type": "Polygon", "coordinates": [[[-71.03878001802408, 42.316157160946155], [-71.03878001802408, 42.3144988599094], [-71.03712997617721, 42.3144988599094], [-71.03712997617721, 42.316157160946155], [-71.03878001802408, 42.316157160946155]]]}, "properties": {"cooling_access": 26.870080947875977, "access_class": "Low"}}, {"type": "Feature", "geometry": {"type": "Polygon", "coordinates": [[[-71.03712997617721, 42.316157160946155], [-71.03712997617721, 42.3144988599094], [-71.03547993433034, 42.3144988599094], [-71.03547993433034, 42.316157160946155], [-71.03712997617721, 42.316157160946155]]]}, "properties": {"cooling_access": 24.916248321533203, "access_class": "Low"}}, {"type": "Feature", "geometry": {"type": "Polygon", "coordinates": [[[-71.03547993433034, 42.316157160946155], [-71.03547993433034, 42.3144988599094], [-71.03382989248347, 42.3144988599094], [-71.03382989248347, 42.316157160946155], [-71.03547993433034, 42.316157160946155]]]}, "properties": {"cooling_access": 23.427169799804688, "access_class": "Low"}}, {"type": "Feature", "geometry": {"type": "Polygon", "coordinates": [[[-71.03382989248347, 42.316157160946155], [-71.03382989248347, 42.3144988599094], [-71.03217985063658, 42.3144988599094], [-71.03217985063658, 42.316157160946155], [-71.03382989248347, 42.316157160946155]]]}, "properties": {"cooling_access": 20.259672164916992, "access_class": "Low"}}, {"type": "Feature", "geometry": {"type": "Polygon", "coordinates": [[[-71.04373014356472, 42.3144988599094], [-71.04373014356472, 42.312840558872644], [-71.04208010171784, 42.312840558872644], [-71.04208010171784, 42.3144988599094], [-71.04373014356472, 42.3144988599094]]]}, "properties": {"cooling_access": 34.39349365234375, "access_class": "Low"}}, {"type": "Feature", "geometry": {"type": "Polygon", "coordinates": [[[-71.04208010171784, 42.3144988599094], [-71.04208010171784, 42.312840558872644], [-71.04043005987097, 42.312840558872644], [-71.04043005987097, 42.3144988599094], [-71.04208010171784, 42.3144988599094]]]}, "properties": {"cooling_access": 32.41374588012695, "access_class": "Low"}}, {"type": "Feature", "geometry": {"type": "Polygon", "coordinates": [[[-71.04043005987097, 42.3144988599094], [-71.04043005987097, 42.312840558872644], [-71.03878001802408, 42.312840558872644], [-71.03878001802408, 42.3144988599094], [-71.04043005987097, 42.3144988599094]]]}, "properties": {"cooling_access": 29.777076721191406, "access_class": "Low"}}, {"type": "Feature", "geometry": {"type": "Polygon", "coordinates": [[[-71.03878001802408, 42.3144988599094], [-71.03878001802408, 42.312840558872644], [-71.03712997617721, 42.312840558872644], [-71.03712997617721, 42.3144988599094], [-71.03878001802408, 42.3144988599094]]]}, "properties": {"cooling_access": 27.822982788085938, "access_class": "Low"}}, {"type": "Feature", "geometry": {"type": "Polygon", "coordinates": [[[-71.03712997617721, 42.3144988599094], [-71.03712997617721, 42.312840558872644], [-71.03547993433034, 42.312840558872644], [-71.03547993433034, 42.3144988599094], [-71.03712997617721, 42.3144988599094]]]}, "properties": {"cooling_access": 26.793994903564453, "access_class": "Low"}}, {"type": "Feature", "geometry": {"type": "Polygon", "coordinates": [[[-71.03547993433034, 42.3144988599094], [-71.03547993433034, 42.312840558872644], [-71.03382989248347, 42.312840558872644], [-71.03382989248347, 42.3144988599094], [-71.03547993433034, 42.3144988599094]]]}, "properties": {"cooling_access": 24.353248596191406, "access_class": "Low"}}, {"type": "Feature", "geometry": {"type": "Polygon", "coordinates": [[[-71.03382989248347, 42.3144988599094], [-71.03382989248347, 42.312840558872644], [-71.03217985063658, 42.312840558872644], [-71.03217985063658, 42.3144988599094], [-71.03382989248347, 42.3144988599094]]]}, "properties": {"cooling_access": 23.2720890045166, "access_class": "Low"}}, {"type": "Feature", "geometry": {"type": "Polygon", "coordinates": [[[-71.0173294740147, 42.3144988599094], [-71.0173294740147, 42.312840558872644], [-71.01567943216783, 42.312840558872644], [-71.01567943216783, 42.3144988599094], [-71.0173294740147, 42.3144988599094]]]}, "properties": {"cooling_access": 30.915870666503906, "access_class": "Low"}}, {"type": "Feature", "geometry": {"type": "Polygon", "coordinates": [[[-71.01567943216783, 42.3144988599094], [-71.01567943216783, 42.312840558872644], [-71.01402939032096, 42.312840558872644], [-71.01402939032096, 42.3144988599094], [-71.01567943216783, 42.3144988599094]]]}, "properties": {"cooling_access": 33.211116790771484, "access_class": "Low"}}, {"type": "Feature", "geometry": {"type": "Polygon", "coordinates": [[[-71.04043005987097, 42.312840558872644], [-71.04043005987097, 42.31118225783588], [-71.03878001802408, 42.31118225783588], [-71.03878001802408, 42.312840558872644], [-71.04043005987097, 42.312840558872644]]]}, "properties": {"cooling_access": 31.053390502929688, "access_class": "Low"}}, {"type": "Feature", "geometry": {"type": "Polygon", "coordinates": [[[-71.03878001802408, 42.312840558872644], [-71.03878001802408, 42.31118225783588], [-71.03712997617721, 42.31118225783588], [-71.03712997617721, 42.312840558872644], [-71.03878001802408, 42.312840558872644]]]}, "properties": {"cooling_access": 30.121952056884766, "access_class": "Low"}}, {"type": "Feature", "geometry": {"type": "Polygon", "coordinates": [[[-71.03712997617721, 42.312840558872644], [-71.03712997617721, 42.31118225783588], [-71.03547993433034, 42.31118225783588], [-71.03547993433034, 42.312840558872644], [-71.03712997617721, 42.312840558872644]]]}, "properties": {"cooling_access": 27.726491928100586, "access_class": "Low"}}, {"type": "Feature", "geometry": {"type": "Polygon", "coordinates": [[[-71.0173294740147, 42.312840558872644], [-71.0173294740147, 42.31118225783588], [-71.01567943216783, 42.31118225783588], [-71.01567943216783, 42.312840558872644], [-71.0173294740147, 42.312840558872644]]]}, "properties": {"cooling_access": 30.541440963745117, "access_class": "Low"}}, {"type": "Feature", "geometry": {"type": "Polygon", "coordinates": [[[-71.01567943216783, 42.312840558872644], [-71.01567943216783, 42.31118225783588], [-71.01402939032096, 42.31118225783588], [-71.01402939032096, 42.312840558872644], [-71.01567943216783, 42.312840558872644]]]}, "properties": {"cooling_access": 32.51919174194336, "access_class": "Low"}}, {"type": "Feature", "geometry": {"type": "Polygon", "coordinates": [[[-71.01402939032096, 42.312840558872644], [-71.01402939032096, 42.31118225783588], [-71.01237934847407, 42.31118225783588], [-71.01237934847407, 42.312840558872644], [-71.01402939032096, 42.312840558872644]]]}, "properties": {"cooling_access": 34.17747116088867, "access_class": "Low"}}, {"type": "Feature", "geometry": {"type": "Polygon", "coordinates": [[[-71.01567943216783, 42.31118225783588], [-71.01567943216783, 42.309523956799126], [-71.01402939032096, 42.309523956799126], [-71.01402939032096, 42.31118225783588], [-71.01567943216783, 42.31118225783588]]]}, "properties": {"cooling_access": 31.190818786621094, "access_class": "Low"}}, {"type": "Feature", "geometry": {"type": "Polygon", "coordinates": [[[-71.01402939032096, 42.31118225783588], [-71.01402939032096, 42.309523956799126], [-71.01237934847407, 42.309523956799126], [-71.01237934847407, 42.31118225783588], [-71.01402939032096, 42.31118225783588]]]}, "properties": {"cooling_access": 33.2774658203125, "access_class": "Low"}}, {"type": "Feature", "geometry": {"type": "Polygon", "coordinates": [[[-71.01237934847407, 42.31118225783588], [-71.01237934847407, 42.309523956799126], [-71.0107293066272, 42.309523956799126], [-71.0107293066272, 42.31118225783588], [-71.01237934847407, 42.31118225783588]]]}, "properties": {"cooling_access": 34.17521286010742, "access_class": "Low"}}]}